data;Tmedia;Tmax;Tmin;chuva
01/06/1979;7.6;17.5;2.2;0.0
02/06/1979;13.5;21.5;6.6;0.0
03/06/1979;18.7;28.3;11.1;0.0
04/06/1979;21.3;30.3;13.3;0.0
05/06/1979;21.4;29.6;15.2;0.0
06/06/1979;21.2;28.1;17.3;0.0
07/06/1979;22.0;29.3;15.8;0.0
08/06/1979;18.9;25.4;17.2;0.0
09/06/1979;18.4;24.6;14.7;0.0
10/06/1979;14.3;25.9;10.7;0.0
11/06/1979;19.9;28.9;13.7;0.0
12/06/1979;16.2;29.0;13.6;0.0
13/06/1979;20.7;27.0;18.8;0.0
14/06/1979;11.8;19.4;7.9;1.8
15/06/1979;11.8;19.7;4.7;0.0
16/06/1979;17.2;25.3;9.6;0.0
17/06/1979;20.0;27.3;14.6;0.0
18/06/1979;21.0;27.9;17.6;0.0
19/06/1979;19.3;27.6;13.7;0.0
20/06/1979;19.3;27.5;13.4;0.0
21/06/1979;18.8;27.7;12.0;0.0
22/06/1979;19.1;28.2;12.3;0.0
23/06/1979;19.2;28.4;12.5;0.0
24/06/1979;16.7;26.2;12.9;0.0
25/06/1979;11.9;14.1;10.5;0.8
26/06/1979;12.5;17.4;7.9;0.1
27/06/1979;17.1;27.4;8.4;0.1
28/06/1979;13.7;26.2;8.5;0.0
29/06/1979;18.1;26.4;11.1;0.0
30/06/1979;20.1;28.6;14.6;0.0
01/07/1979;20.9;30.2;14.8;0.0
02/07/1979;18.6;26.4;15.8;0.0
03/07/1979;16.3;18.8;14.1;61.0
04/07/1979;16.6;19.8;13.4;0.0
05/07/1979;20.3;25.3;17.0;0.3
06/07/1979;21.8;28.1;17.6;0.0
07/07/1979;22.1;28.9;17.6;0.0
08/07/1979;19.7;26.4;15.1;0.0
09/07/1979;16.1;18.6;15.3;30.1
10/07/1979;16.9;20.6;14.6;0.2
11/07/1979;15.3;21.6;11.6;0.0
12/07/1979;14.8;22.3;10.2;0.0
13/07/1979;16.5;24.3;9.8;0.0
14/07/1979;16.9;23.7;11.1;0.0
15/07/1979;17.6;25.9;12.1;0.0
16/07/1979;12.9;20.1;10.5;4.0
17/07/1979;9.1;21.7;2.8;0.0
18/07/1979;15.6;24.2;7.0;0.0
19/07/1979;11.7;18.5;8.4;2.6
20/07/1979;7.6;16.1;2.1;0.2
21/07/1979;9.9;17.8;1.0;0.0
22/07/1979;16.7;24.6;9.2;0.0
23/07/1979;16.5;21.0;10.4;1.9
24/07/1979;14.1;21.2;11.1;21.3
25/07/1979;22.7;30.7;15.3;8.4
26/07/1979;22.7;31.2;17.3;0.0
27/07/1979;23.1;30.2;18.2;0.0
28/07/1979;17.2;29.5;17.1;0.0
29/07/1979;20.5;30.0;12.9;0.0
30/07/1979;21.1;30.5;14.6;0.0
31/07/1979;22.0;31.3;15.4;0.0
01/08/1979;22.1;32.2;14.1;0.0
02/08/1979;22.9;32.6;15.2;0.0
03/08/1979;17.6;32.8;14.9;0.0
04/08/1979;22.8;32.1;16.6;0.0
05/08/1979;22.1;32.1;16.6;0.0
06/08/1979;22.0;32.2;13.2;0.0
07/08/1979;24.0;33.6;15.1;0.0
08/08/1979;19.0;32.8;17.3;0.1
09/08/1979;20.4;31.2;11.9;0.0
10/08/1979;21.4;30.7;12.8;0.0
11/08/1979;21.2;30.9;14.7;0.0
12/08/1979;21.7;27.2;16.0;3.7
13/08/1979;21.9;29.2;16.2;0.0
14/08/1979;23.1;31.2;17.4;0.0
15/08/1979;23.2;30.5;17.2;0.0
16/08/1979;18.5;31.4;16.8;0.0
17/08/1979;19.4;25.2;17.8;2.3
18/08/1979;18.5;24.5;15.8;27.6
19/08/1979;18.6;24.5;15.1;0.2
20/08/1979;19.2;27.0;12.0;0.0
21/08/1979;20.3;27.1;14.7;0.0
22/08/1979;21.3;29.0;14.9;0.0
23/08/1979;22.0;30.4;19.0;0.0
24/08/1979;22.3;30.7;14.7;0.0
25/08/1979;22.3;33.0;14.7;0.0
26/08/1979;18.2;23.2;16.1;34.7
27/08/1979;17.0;24.1;10.1;0.0
28/08/1979;19.3;27.4;11.6;0.0
29/08/1979;20.6;28.3;14.4;0.0
30/08/1979;22.5;31.5;13.8;0.0
31/08/1979;23.9;32.5;17.2;0.0
01/09/1979;24.3;33.2;21.1;0.0
02/09/1979;18.4;25.0;13.3;0.2
03/09/1979;19.6;26.7;11.6;0.0
04/09/1979;20.1;26.3;16.7;0.0
05/09/1979;18.1;25.6;11.9;0.0
06/09/1979;16.8;24.3;11.1;0.0
07/09/1979;19.7;26.9;13.5;0.0
08/09/1979;16.7;21.5;14.9;10.8
09/09/1979;15.6;17.0;14.6;47.0
10/09/1979;15.1;23.1;15.0;31.2
11/09/1979;18.0;26.0;10.7;1.0
12/09/1979;23.0;30.1;14.7;0.0
13/09/1979;21.3;30.0;17.1;0.3
14/09/1979;16.6;19.8;14.1;12.9
15/09/1979;16.5;18.2;15.3;15.0
16/09/1979;18.3;24.0;11.1;3.0
17/09/1979;14.5;20.0;12.9;2.0
18/09/1979;11.0;13.8;9.6;15.1
19/09/1979;13.3;20.2;5.4;0.6
20/09/1979;17.7;23.9;11.4;0.0
21/09/1979;21.8;29.6;14.4;0.0
22/09/1979;21.6;31.1;17.5;0.0
23/09/1979;19.0;23.0;16.2;45.4
24/09/1979;23.3;31.6;15.6;1.9
25/09/1979;21.2;33.4;20.4;0.0
26/09/1979;27.4;34.7;22.2;0.0
27/09/1979;27.6;35.2;22.3;0.0
28/09/1979;26.7;34.4;23.4;0.2
29/09/1979;23.9;27.2;21.3;0.0
30/09/1979;21.4;27.2;17.6;0.0
01/10/1979;22.5;26.4;19.1;0.0
02/10/1979;23.6;28.1;20.7;0.3
03/10/1979;25.7;32.3;18.9;0.0
04/10/1979;26.6;33.3;22.2;0.0
05/10/1979;27.2;34.7;20.6;0.0
06/10/1979;29.1;36.9;23.5;0.0
07/10/1979;24.4;32.7;21.1;0.0
08/10/1979;22.1;26.9;19.8;69.8
09/10/1979;22.7;30.1;14.9;0.0
10/10/1979;24.9;31.8;18.2;0.0
11/10/1979;26.1;32.8;19.7;0.0
12/10/1979;25.0;31.2;22.1;0.0
13/10/1979;22.1;24.5;20.8;49.7
14/10/1979;22.1;26.8;20.2;14.8
15/10/1979;20.0;26.7;15.1;0.0
16/10/1979;19.9;26.8;13.3;0.0
17/10/1979;21.2;29.2;12.1;0.0
18/10/1979;22.7;31.2;14.2;0.0
19/10/1979;22.9;31.6;15.5;0.0
20/10/1979;23.3;31.1;16.3;0.0
21/10/1979;26.0;33.6;19.0;0.0
22/10/1979;26.9;35.4;18.9;0.0
23/10/1979;28.6;36.1;21.7;0.0
24/10/1979;28.4;37.3;19.7;0.0
25/10/1979;25.5;36.8;20.6;0.0
26/10/1979;20.5;23.0;19.0;0.0
27/10/1979;24.9;32.3;17.5;23.4
28/10/1979;25.7;35.4;21.8;0.0
29/10/1979;24.9;30.6;21.1;3.0
30/10/1979;24.9;33.8;20.8;3.0
31/10/1979;20.4;21.8;19.7;62.6
01/11/1979;22.5;26.6;19.5;9.8
02/11/1979;25.4;31.0;19.3;0.0
03/11/1979;26.2;32.1;20.4;0.0
04/11/1979;21.7;33.2;20.7;0.0
05/11/1979;20.1;32.1;19.9;0.0
06/11/1979;26.3;33.4;20.3;0.0
07/11/1979;26.8;33.0;23.1;0.2
08/11/1979;22.5;29.0;20.0;17.9
09/11/1979;20.4;25.4;18.4;1.3
10/11/1979;16.2;19.8;14.9;0.0
11/11/1979;18.0;23.4;11.2;0.0
12/11/1979;20.7;27.7;11.1;0.0
13/11/1979;24.6;32.0;15.8;0.0
14/11/1979;26.6;33.7;20.1;0.0
15/11/1979;25.4;34.2;20.4;0.0
16/11/1979;26.1;32.7;19.9;0.0
17/11/1979;27.8;33.7;22.2;0.0
18/11/1979;19.4;27.7;16.1;58.6
19/11/1979;21.5;27.1;16.1;0.0
20/11/1979;24.7;31.7;16.7;0.0
21/11/1979;26.9;33.7;19.4;0.0
22/11/1979;23.8;32.7;21.7;9.4
23/11/1979;22.5;27.9;19.4;15.3
24/11/1979;23.7;29.9;20.7;12.5
25/11/1979;19.2;24.5;17.7;5.7
26/11/1979;16.8;23.3;11.2;0.0
27/11/1979;19.0;26.0;10.6;0.0
28/11/1979;21.0;28.3;12.7;0.0
29/11/1979;25.3;33.1;17.6;0.0
30/11/1979;26.9;34.9;21.5;0.0
01/12/1979;20.7;25.1;18.2;47.1
02/12/1979;22.1;25.9;19.1;7.8
03/12/1979;24.9;31.4;20.8;0.0
04/12/1979;20.9;24.4;19.5;2.2
05/12/1979;25.0;32.2;18.5;6.2
06/12/1979;27.9;34.5;22.0;0.0
07/12/1979;29.5;36.4;22.6;0.0
08/12/1979;27.5;35.8;23.2;0.0
09/12/1979;26.6;35.1;22.5;0.0
10/12/1979;27.9;32.9;22.3;0.3
11/12/1979;26.3;33.4;22.4;0.0
12/12/1979;27.0;33.5;21.9;8.6
13/12/1979;24.8;29.5;22.8;1.3
14/12/1979;25.2;31.2;22.6;8.8
15/12/1979;22.7;26.0;21.8;2.8
16/12/1979;23.1;28.7;20.5;20.9
17/12/1979;22.0;25.2;19.7;43.0
18/12/1979;24.7;30.2;21.6;8.7
19/12/1979;24.3;30.8;21.6;3.1
20/12/1979;25.2;30.3;21.7;2.7
21/12/1979;24.4;30.9;21.6;0.8
22/12/1979;24.2;28.9;21.1;1.5
23/12/1979;23.6;27.2;21.7;11.1
24/12/1979;22.8;27.5;17.9;0.0
25/12/1979;24.2;29.7;19.5;0.0
26/12/1979;25.7;30.9;19.9;0.0
27/12/1979;25.1;28.5;21.4;0.0
28/12/1979;24.0;29.7;21.8;0.5
29/12/1979;24.5;29.3;21.3;1.0
30/12/1979;22.0;26.1;20.4;3.6
31/12/1979;18.7;24.6;16.7;27.8
01/01/1980;18.0;25.0;11.0;0.0
02/01/1980;20.0;28.2;12.1;0.0
03/01/1980;23.5;30.5;14.8;0.0
04/01/1980;25.2;31.9;18.7;0.0
05/01/1980;25.6;31.8;18.1;0.0
06/01/1980;24.6;30.2;18.2;0.0
07/01/1980;23.8;29.8;21.1;0.0
08/01/1980;23.6;28.2;21.4;5.9
09/01/1980;25.3;32.0;19.1;0.0
10/01/1980;25.7;32.7;20.1;0.0
11/01/1980;24.1;31.9;17.5;0.0
12/01/1980;25.6;32.9;17.7;0.0
13/01/1980;25.1;31.7;20.1;0.0
14/01/1980;24.6;31.1;19.2;0.0
15/01/1980;25.0;31.7;20.7;0.0
16/01/1980;25.3;32.7;20.6;0.0
17/01/1980;24.9;33.6;20.4;0.0
18/01/1980;25.4;31.7;18.7;15.3
19/01/1980;25.7;32.5;20.5;0.0
20/01/1980;23.2;30.1;20.2;3.4
21/01/1980;25.7;32.5;18.6;8.4
22/01/1980;26.9;34.4;21.5;0.0
23/01/1980;27.0;33.5;22.5;0.0
24/01/1980;24.7;31.8;22.0;0.1
25/01/1980;23.9;29.2;20.3;8.8
26/01/1980;24.9;31.7;18.8;0.0
27/01/1980;24.3;31.0;20.7;0.0
28/01/1980;24.4;27.8;20.6;7.0
29/01/1980;24.1;32.3;20.9;1.2
30/01/1980;23.5;27.7;21.5;37.8
31/01/1980;24.4;30.3;20.6;0.0
01/02/1980;25.4;31.6;20.0;4.2
02/02/1980;26.6;32.5;20.1;0.0
03/02/1980;26.5;32.0;20.9;0.0
04/02/1980;26.0;32.6;19.9;0.0
05/02/1980;23.7;33.4;19.5;0.0
06/02/1980;24.5;31.5;20.1;12.5
07/02/1980;25.1;29.9;21.1;1.6
08/02/1980;25.7;31.8;18.7;22.0
09/02/1980;25.4;32.3;22.3;0.0
10/02/1980;23.9;28.5;21.6;7.0
11/02/1980;23.6;28.3;21.1;10.9
12/02/1980;25.9;33.4;21.2;0.0
13/02/1980;26.1;32.1;20.7;0.0
14/02/1980;26.2;32.1;21.2;0.1
15/02/1980;24.4;30.4;20.7;0.0
16/02/1980;24.7;29.6;19.6;0.0
17/02/1980;23.2;32.3;19.9;0.0
18/02/1980;24.0;31.1;18.2;8.0
19/02/1980;24.6;31.9;19.5;0.0
20/02/1980;23.7;30.7;17.6;0.2
21/02/1980;24.0;31.8;20.4;0.0
22/02/1980;23.1;30.4;19.7;0.0
23/02/1980;24.9;30.7;20.4;20.0
24/02/1980;23.8;30.3;21.8;1.7
25/02/1980;23.5;27.7;21.5;7.7
26/02/1980;22.4;25.3;21.1;0.4
27/02/1980;23.2;28.0;20.9;9.5
28/02/1980;23.0;28.6;21.0;9.8
29/02/1980;24.2;29.6;20.4;15.3
01/03/1980;26.4;30.9;21.9;0.7
02/03/1980;23.3;32.3;20.0;12.8
03/03/1980;23.1;32.6;19.5;1.8
04/03/1980;23.1;30.9;18.8;11.8
05/03/1980;23.7;31.7;19.5;0.0
06/03/1980;24.7;31.5;19.2;3.2
07/03/1980;24.5;32.8;20.6;0.0
08/03/1980;25.0;32.6;19.5;0.2
09/03/1980;26.5;33.7;20.7;0.0
10/03/1980;26.6;33.7;21.6;0.1
11/03/1980;25.7;34.9;21.6;0.0
12/03/1980;25.7;33.5;20.8;3.5
13/03/1980;24.6;29.4;21.7;0.0
14/03/1980;24.7;30.3;20.7;3.0
15/03/1980;24.0;29.7;18.9;0.0
16/03/1980;23.2;29.7;18.7;0.0
17/03/1980;23.8;30.5;17.8;0.0
18/03/1980;24.9;31.9;17.9;0.0
19/03/1980;26.8;34.2;20.4;1.1
20/03/1980;27.2;34.7;22.1;0.1
21/03/1980;26.8;34.9;19.3;0.0
22/03/1980;27.7;35.1;21.1;0.1
23/03/1980;26.7;35.6;20.0;0.0
24/03/1980;24.9;34.7;21.6;4.5
25/03/1980;26.4;34.7;19.2;6.9
26/03/1980;26.5;35.1;22.3;0.0
27/03/1980;26.0;34.3;19.7;0.0
28/03/1980;25.4;31.7;22.2;0.0
29/03/1980;24.3;30.5;20.1;12.6
30/03/1980;25.0;32.0;19.5;1.5
31/03/1980;25.2;31.7;19.6;0.0
01/04/1980;23.5;30.3;20.4;0.0
02/04/1980;22.2;24.5;19.9;0.4
03/04/1980;23.6;29.2;20.7;0.1
04/04/1980;19.7;23.2;18.3;21.4
05/04/1980;21.3;28.8;17.8;0.1
06/04/1980;23.9;31.0;17.6;0.0
07/04/1980;23.1;29.5;18.1;0.0
08/04/1980;23.6;29.2;19.7;0.0
09/04/1980;24.1;28.7;20.7;0.0
10/04/1980;25.9;32.3;21.8;2.2
11/04/1980;26.5;32.6;21.9;0.0
12/04/1980;25.6;32.3;22.1;0.8
13/04/1980;22.3;26.4;20.4;1.2
14/04/1980;19.1;22.5;18.0;12.9
15/04/1980;17.7;23.6;14.1;0.2
16/04/1980;20.2;26.7;15.2;0.0
17/04/1980;22.7;28.0;18.0;0.0
18/04/1980;25.6;32.1;20.1;0.0
19/04/1980;25.9;33.2;20.5;0.0
20/04/1980;25.3;32.5;20.5;0.0
21/04/1980;23.7;31.7;18.2;0.0
22/04/1980;24.6;32.7;18.3;0.0
23/04/1980;25.2;33.0;19.0;0.0
24/04/1980;24.8;32.3;19.7;0.0
25/04/1980;23.7;31.0;19.1;0.0
26/04/1980;22.6;29.9;16.7;0.0
27/04/1980;23.3;31.3;17.7;0.0
28/04/1980;23.4;31.4;16.9;0.0
29/04/1980;24.2;32.6;17.9;0.0
30/04/1980;24.4;32.4;17.9;0.0
01/05/1980;17.5;24.6;15.0;0.6
02/05/1980;14.4;20.3;12.2;0.0
03/05/1980;14.3;21.9;10.2;0.0
04/05/1980;14.4;23.5;5.6;0.0
05/05/1980;19.9;28.1;15.7;0.0
06/05/1980;23.6;32.1;16.7;0.0
07/05/1980;22.8;32.5;15.3;0.0
08/05/1980;22.9;32.7;19.0;0.0
09/05/1980;25.0;33.7;18.5;1.0
10/05/1980;19.6;25.8;17.6;8.4
11/05/1980;22.8;30.3;16.3;19.7
12/05/1980;23.0;30.6;16.4;0.0
13/05/1980;24.3;30.7;19.0;0.0
14/05/1980;22.3;29.7;17.8;0.0
15/05/1980;22.4;30.0;17.2;0.0
16/05/1980;22.5;29.7;16.7;0.0
17/05/1980;22.0;28.1;17.9;0.0
18/05/1980;23.4;29.9;18.4;0.0
19/05/1980;22.8;32.3;18.2;0.0
20/05/1980;20.1;22.9;18.5;19.8
21/05/1980;17.7;19.6;17.0;114.7
22/05/1980;18.5;24.3;15.9;22.6
23/05/1980;17.9;24.7;11.9;0.0
24/05/1980;20.8;28.2;15.4;0.0
25/05/1980;20.6;28.4;16.4;0.0
26/05/1980;21.3;28.2;17.6;0.0
27/05/1980;22.7;29.5;17.8;0.0
28/05/1980;23.1;29.5;15.2;0.0
29/05/1980;22.8;29.7;19.8;0.0
30/05/1980;21.7;29.9;18.4;19.7
31/05/1980;22.4;29.2;18.5;0.0
01/06/1980;18.7;23.7;16.1;0.0
02/06/1980;19.1;23.7;16.8;6.6
03/06/1980;15.1;20.6;13.2;0.0
04/06/1980;12.3;19.4;5.6;0.0
05/06/1980;15.0;23.6;5.8;0.0
06/06/1980;18.2;26.4;12.3;0.0
07/06/1980;20.2;28.7;14.1;0.0
08/06/1980;19.8;27.8;14.9;0.0
09/06/1980;20.4;29.3;14.9;0.0
10/06/1980;20.5;28.5;13.3;0.0
11/06/1980;20.2;28.6;14.0;0.0
12/06/1980;18.7;27.5;12.1;0.0
13/06/1980;13.4;19.2;11.6;1.4
14/06/1980;10.1;16.0;5.2;6.8
15/06/1980;12.3;20.8;4.4;0.0
16/06/1980;17.0;24.3;10.2;0.0
17/06/1980;19.2;27.4;12.8;0.0
18/06/1980;19.5;27.2;15.3;0.0
19/06/1980;17.4;22.7;13.5;0.0
20/06/1980;18.1;22.7;14.7;0.0
21/06/1980;16.6;20.2;14.7;0.1
22/06/1980;15.2;22.5;9.7;0.0
23/06/1980;15.7;20.0;13.0;0.0
24/06/1980;19.9;26.5;13.5;0.0
25/06/1980;17.7;22.6;15.5;8.1
26/06/1980;10.4;16.0;8.6;7.3
27/06/1980;9.1;17.3;0.9;0.0
28/06/1980;16.4;24.3;9.7;0.0
29/06/1980;20.0;30.3;9.7;0.0
30/06/1980;21.7;28.7;16.6;0.0
01/07/1980;15.5;22.0;12.3;4.3
02/07/1980;9.4;12.3;8.5;1.5
03/07/1980;9.5;15.0;5.3;0.0
04/07/1980;15.5;24.4;8.8;0.0
05/07/1980;15.8;22.9;9.9;0.0
06/07/1980;18.7;26.0;12.9;0.0
07/07/1980;20.6;28.3;14.4;0.0
08/07/1980;21.8;30.0;15.9;0.0
09/07/1980;16.1;22.4;13.2;0.2
10/07/1980;14.2;18.3;11.9;0.2
11/07/1980;18.5;25.3;12.5;0.0
12/07/1980;20.5;27.8;15.4;0.0
13/07/1980;20.5;30.3;13.5;0.0
14/07/1980;20.5;27.0;16.9;0.0
15/07/1980;12.1;20.2;6.7;0.0
16/07/1980;15.7;24.6;7.3;0.0
17/07/1980;21.2;29.8;14.3;0.0
18/07/1980;22.3;32.1;16.1;0.0
19/07/1980;23.0;32.5;17.1;0.0
20/07/1980;22.1;32.1;14.9;0.0
21/07/1980;21.4;28.3;16.5;0.0
22/07/1980;20.9;28.7;15.8;0.0
23/07/1980;20.9;29.0;14.3;0.0
24/07/1980;20.4;27.9;15.6;0.0
25/07/1980;22.8;32.9;15.2;0.0
26/07/1980;23.0;31.2;15.4;0.0
27/07/1980;18.7;23.8;15.7;0.0
28/07/1980;23.1;33.5;15.0;0.0
29/07/1980;24.3;32.6;17.5;0.0
30/07/1980;13.8;25.5;9.9;5.3
31/07/1980;10.2;19.6;2.9;0.0
01/08/1980;12.4;19.9;5.6;0.0
02/08/1980;18.3;27.1;10.2;0.0
03/08/1980;22.3;30.6;16.1;0.0
04/08/1980;21.9;31.3;14.2;0.0
05/08/1980;17.8;26.6;14.3;0.0
06/08/1980;15.8;23.3;10.1;13.6
07/08/1980;19.1;28.6;9.6;0.0
08/08/1980;18.5;28.5;9.7;0.0
09/08/1980;17.8;22.8;14.0;0.0
10/08/1980;18.7;24.0;15.2;11.2
11/08/1980;19.9;24.7;16.9;15.2
12/08/1980;19.7;26.3;15.1;0.0
13/08/1980;18.4;28.9;13.5;0.0
14/08/1980;20.2;25.7;15.7;7.9
15/08/1980;21.7;29.4;15.3;0.0
16/08/1980;23.8;31.2;17.1;0.0
17/08/1980;24.5;33.7;18.5;0.0
18/08/1980;24.7;33.6;18.3;0.0
19/08/1980;25.0;34.6;18.0;0.0
20/08/1980;24.6;32.1;18.0;0.0
21/08/1980;24.8;33.3;18.5;0.0
22/08/1980;20.8;29.0;17.1;0.0
23/08/1980;17.6;23.9;12.1;0.0
24/08/1980;20.6;31.2;15.3;0.0
25/08/1980;21.2;31.0;14.1;0.0
26/08/1980;15.3;21.7;13.1;0.0
27/08/1980;13.9;20.1;9.7;0.0
28/08/1980;17.7;24.7;13.1;0.0
29/08/1980;21.1;28.5;14.7;0.0
30/08/1980;24.6;32.2;17.5;0.0
31/08/1980;25.4;32.5;20.0;0.0
01/09/1980;24.7;33.3;19.5;0.0
02/09/1980;22.7;34.0;18.0;0.0
03/09/1980;20.1;26.4;15.7;0.0
04/09/1980;17.9;26.8;13.6;0.0
05/09/1980;16.8;26.8;6.7;0.0
06/09/1980;18.4;28.7;10.0;0.0
07/09/1980;22.6;32.1;13.5;0.0
08/09/1980;26.3;33.5;20.7;0.0
09/09/1980;16.1;26.8;13.1;0.0
10/09/1980;17.4;26.3;9.9;0.0
11/09/1980;19.6;25.1;14.4;0.0
12/09/1980;21.3;28.4;17.0;0.0
13/09/1980;18.9;21.0;17.9;0.3
14/09/1980;17.6;19.1;16.7;24.8
15/09/1980;13.8;19.0;10.8;83.8
16/09/1980;8.9;15.0;4.8;5.6
17/09/1980;10.2;15.4;3.8;0.0
18/09/1980;15.4;19.7;10.8;1.0
19/09/1980;20.8;27.5;16.5;1.0
20/09/1980;19.4;21.8;16.6;2.6
21/09/1980;19.6;25.3;17.8;34.0
22/09/1980;16.3;23.5;11.5;3.0
23/09/1980;16.7;24.3;9.7;0.0
24/09/1980;19.6;27.5;11.3;0.0
25/09/1980;21.1;28.7;14.2;0.0
26/09/1980;19.4;26.2;13.9;0.0
27/09/1980;15.3;25.4;12.0;0.0
28/09/1980;15.3;18.6;11.7;21.7
29/09/1980;19.5;27.3;10.8;0.0
30/09/1980;25.5;33.4;17.0;0.0
01/10/1980;27.0;34.0;20.5;0.0
02/10/1980;26.6;35.4;19.3;0.0
03/10/1980;26.2;33.7;19.9;0.0
04/10/1980;21.4;28.2;17.9;0.0
05/10/1980;17.5;23.3;15.3;0.0
06/10/1980;19.9;27.5;12.3;0.0
07/10/1980;17.8;24.7;12.5;0.0
08/10/1980;20.6;25.7;15.1;0.0
09/10/1980;22.5;28.1;19.0;0.0
10/10/1980;21.2;25.9;17.5;0.0
11/10/1980;17.9;20.4;16.4;8.1
12/10/1980;20.3;26.0;15.9;45.9
13/10/1980;21.9;28.3;16.0;0.0
14/10/1980;22.0;29.1;15.2;0.0
15/10/1980;21.6;29.4;15.1;0.0
16/10/1980;23.6;31.5;15.8;0.0
17/10/1980;27.6;36.3;19.1;0.0
18/10/1980;24.8;34.8;18.9;0.0
19/10/1980;25.4;34.2;18.7;5.6
20/10/1980;28.3;36.7;20.9;0.0
21/10/1980;29.2;36.2;23.5;0.0
22/10/1980;27.9;36.4;23.6;0.0
23/10/1980;24.0;32.5;21.1;1.1
24/10/1980;24.1;28.6;20.1;22.4
25/10/1980;27.1;34.0;20.5;0.0
26/10/1980;29.1;37.9;23.0;0.0
27/10/1980;29.4;38.2;22.5;0.0
28/10/1980;24.7;35.3;21.2;0.9
29/10/1980;25.2;34.9;18.3;10.4
30/10/1980;21.1;24.2;18.4;2.5
31/10/1980;20.2;26.6;16.7;0.5
01/11/1980;21.7;29.7;13.1;0.0
02/11/1980;23.9;30.9;17.4;0.0
03/11/1980;27.6;35.1;19.3;0.0
04/11/1980;22.1;28.7;20.1;1.0
05/11/1980;25.7;31.7;19.3;42.4
06/11/1980;24.2;31.8;20.3;0.0
07/11/1980;24.1;30.7;19.3;1.0
08/11/1980;20.2;24.5;18.4;0.0
09/11/1980;16.5;21.2;15.0;5.7
10/11/1980;17.4;22.3;13.1;0.0
11/11/1980;21.1;27.5;15.6;0.0
12/11/1980;22.2;29.7;14.0;0.0
13/11/1980;23.9;31.0;17.2;0.0
14/11/1980;24.6;31.7;18.5;0.0
15/11/1980;25.0;32.5;18.5;0.0
16/11/1980;26.7;34.9;17.1;0.0
17/11/1980;26.7;34.4;19.9;0.0
18/11/1980;26.8;33.4;20.6;0.0
19/11/1980;22.6;27.8;19.6;58.2
20/11/1980;24.3;30.8;20.6;0.0
21/11/1980;24.8;31.5;20.3;0.8
22/11/1980;24.7;31.5;21.2;1.9
23/11/1980;23.8;28.5;21.7;9.6
24/11/1980;24.1;30.4;19.2;2.8
25/11/1980;25.5;32.4;19.7;0.0
26/11/1980;26.7;33.3;19.8;0.0
27/11/1980;27.4;34.1;20.7;0.0
28/11/1980;25.9;34.2;22.0;0.0
29/11/1980;22.0;24.2;20.0;22.6
30/11/1980;24.6;30.4;20.2;0.0
01/12/1980;24.6;31.4;19.1;0.0
02/12/1980;23.1;32.3;18.8;0.0
03/12/1980;21.6;25.6;16.9;22.0
04/12/1980;24.9;31.5;18.9;14.1
05/12/1980;25.5;33.8;19.3;0.0
06/12/1980;25.7;34.8;19.1;0.0
07/12/1980;26.2;34.8;17.6;0.0
08/12/1980;26.8;34.9;19.1;0.0
09/12/1980;28.6;35.4;21.3;0.0
10/12/1980;27.3;35.0;20.5;0.0
11/12/1980;25.8;31.2;21.9;0.0
12/12/1980;23.9;30.1;20.5;22.2
13/12/1980;26.7;33.3;21.1;0.1
14/12/1980;27.2;33.9;21.7;0.0
15/12/1980;25.8;33.5;18.7;0.0
16/12/1980;27.0;35.0;17.7;0.0
17/12/1980;27.3;35.5;17.9;0.0
18/12/1980;26.7;34.0;18.0;0.0
19/12/1980;23.0;26.8;20.7;34.0
20/12/1980;23.2;25.7;21.9;5.5
21/12/1980;21.3;23.9;19.3;65.2
22/12/1980;22.2;25.8;19.8;0.3
23/12/1980;22.9;27.7;20.9;10.8
24/12/1980;24.0;29.3;18.9;0.4
25/12/1980;24.7;30.7;19.2;0.0
26/12/1980;23.8;30.0;21.7;1.0
27/12/1980;23.5;29.1;21.2;5.5
28/12/1980;26.7;33.3;21.7;15.4
29/12/1980;27.6;34.3;21.9;0.0
30/12/1980;26.3;35.3;22.3;0.0
31/12/1980;25.9;34.5;22.2;0.2
01/01/1981;25.0;33.0;21.7;29.6
02/01/1981;26.4;32.2;20.5;4.4
03/01/1981;26.9;33.9;20.1;0.0
04/01/1981;25.3;30.5;22.3;0.1
05/01/1981;25.3;30.9;22.3;10.7
06/01/1981;26.9;33.2;22.4;0.0
07/01/1981;26.1;33.0;23.1;0.0
08/01/1981;24.3;31.1;22.0;0.5
09/01/1981;23.3;28.6;20.9;37.5
10/01/1981;25.2;31.7;19.7;4.6
11/01/1981;22.7;27.4;20.9;31.5
12/01/1981;24.6;28.2;21.1;39.8
13/01/1981;24.5;29.1;21.2;2.4
14/01/1981;25.4;31.9;20.3;6.0
15/01/1981;26.7;32.7;20.5;0.0
16/01/1981;26.8;32.3;22.9;0.0
17/01/1981;25.5;32.4;22.4;0.0
18/01/1981;24.1;30.2;21.7;4.9
19/01/1981;25.4;31.9;21.4;36.4
20/01/1981;25.5;32.0;21.9;0.0
21/01/1981;23.8;26.9;20.9;14.0
22/01/1981;24.0;29.3;20.4;0.0
23/01/1981;25.3;30.0;21.9;7.1
24/01/1981;26.1;31.0;21.8;0.0
25/01/1981;25.5;29.7;22.6;0.0
26/01/1981;24.7;30.4;22.2;0.3
27/01/1981;23.8;29.3;21.5;2.2
28/01/1981;25.5;31.3;21.1;25.7
29/01/1981;26.2;32.2;19.5;0.0
30/01/1981;27.4;33.6;21.7;0.0
31/01/1981;25.8;33.5;22.4;0.0
01/02/1981;25.9;32.4;21.5;16.4
02/02/1981;26.1;31.6;21.9;25.0
03/02/1981;26.9;33.0;22.9;0.2
04/02/1981;26.1;34.0;21.8;0.0
05/02/1981;25.1;33.1;21.3;0.1
06/02/1981;24.9;33.4;20.4;0.3
07/02/1981;24.1;32.1;20.8;0.7
08/02/1981;26.6;33.3;21.1;0.0
09/02/1981;25.8;33.9;21.5;0.0
10/02/1981;25.9;34.2;20.2;1.4
11/02/1981;26.4;32.6;21.0;0.0
12/02/1981;25.4;31.8;21.4;0.0
13/02/1981;24.7;29.6;22.6;8.4
14/02/1981;24.0;30.7;19.9;3.6
15/02/1981;25.1;33.2;18.4;0.0
16/02/1981;26.5;33.9;20.5;0.7
17/02/1981;26.5;34.7;20.9;0.0
18/02/1981;26.8;34.3;19.9;0.0
19/02/1981;24.6;34.5;20.0;0.0
20/02/1981;22.6;26.5;19.8;32.8
21/02/1981;22.2;25.9;20.7;0.0
22/02/1981;22.5;27.7;18.8;1.5
23/02/1981;22.2;25.3;19.5;0.3
24/02/1981;23.7;31.1;18.9;1.2
25/02/1981;22.6;28.4;20.7;2.8
26/02/1981;24.5;31.6;20.0;3.0
27/02/1981;26.3;34.1;20.6;0.0
28/02/1981;25.6;33.2;20.8;0.0
01/03/1981;26.2;34.9;20.2;5.6
02/03/1981;27.6;34.3;21.6;0.0
03/03/1981;26.4;35.2;23.0;0.0
04/03/1981;25.4;32.1;20.8;9.0
05/03/1981;25.2;30.2;21.2;26.1
06/03/1981;24.9;31.7;21.2;0.1
07/03/1981;24.7;30.2;20.7;2.0
08/03/1981;24.6;30.6;20.7;0.0
09/03/1981;26.0;33.4;20.7;1.5
10/03/1981;25.7;34.6;19.9;0.0
11/03/1981;25.3;34.8;17.7;0.0
12/03/1981;25.0;34.3;16.4;0.0
13/03/1981;26.2;34.8;19.6;0.0
14/03/1981;26.3;34.6;18.6;0.0
15/03/1981;25.6;32.7;19.9;11.0
16/03/1981;23.2;29.8;20.3;0.0
17/03/1981;23.5;29.5;18.5;6.2
18/03/1981;24.0;31.1;17.6;0.0
19/03/1981;24.3;31.5;19.4;0.0
20/03/1981;25.3;32.3;19.5;0.0
21/03/1981;21.9;30.5;16.4;0.0
22/03/1981;22.6;31.3;14.7;0.0
23/03/1981;23.6;31.0;17.7;0.0
24/03/1981;23.9;31.9;17.4;0.0
25/03/1981;23.6;32.3;17.1;0.0
26/03/1981;25.0;32.1;18.0;0.0
27/03/1981;25.0;31.1;20.2;0.0
28/03/1981;24.0;29.4;19.2;0.0
29/03/1981;23.8;32.6;17.8;0.0
30/03/1981;22.9;31.5;16.7;0.0
31/03/1981;22.5;31.1;15.3;0.0
01/04/1981;22.6;32.1;14.0;0.0
02/04/1981;23.6;31.9;14.6;0.0
03/04/1981;24.2;32.0;17.2;0.0
04/04/1981;24.1;33.0;15.8;0.0
05/04/1981;24.6;33.8;18.3;0.0
06/04/1981;25.7;34.0;18.4;0.0
07/04/1981;26.3;34.7;20.1;0.0
08/04/1981;25.8;33.5;19.3;0.0
09/04/1981;24.5;32.8;18.7;0.0
10/04/1981;23.1;31.3;17.6;0.0
11/04/1981;22.9;30.6;16.2;0.0
12/04/1981;22.9;32.3;15.8;0.0
13/04/1981;24.6;31.5;17.8;0.0
14/04/1981;23.9;31.9;19.0;0.0
15/04/1981;21.1;26.7;19.2;1.5
16/04/1981;20.6;27.1;16.0;0.0
17/04/1981;21.8;28.6;18.0;0.0
18/04/1981;20.1;27.4;15.8;0.0
19/04/1981;19.1;27.3;12.9;0.0
20/04/1981;21.3;30.3;14.1;0.0
21/04/1981;23.5;33.3;16.7;0.0
22/04/1981;23.9;32.4;17.1;0.0
23/04/1981;23.5;33.6;18.0;0.0
24/04/1981;21.7;25.6;19.6;0.0
25/04/1981;23.3;29.8;17.4;0.4
26/04/1981;25.0;32.1;19.2;0.0
27/04/1981;22.7;27.9;20.5;10.3
28/04/1981;21.5;26.1;19.8;30.4
29/04/1981;14.9;21.8;12.6;0.0
30/04/1981;15.7;23.3;8.3;0.0
01/05/1981;17.7;25.8;10.3;0.0
02/05/1981;20.4;28.4;12.8;0.0
03/05/1981;24.0;32.3;17.8;0.0
04/05/1981;25.2;33.3;19.7;0.0
05/05/1981;24.7;32.7;18.7;0.0
06/05/1981;24.9;33.0;19.7;0.0
07/05/1981;23.3;32.0;17.8;0.0
08/05/1981;23.3;32.2;17.5;0.0
09/05/1981;22.3;32.0;15.5;0.0
10/05/1981;22.7;32.0;15.6;0.0
11/05/1981;22.4;31.9;14.8;0.0
12/05/1981;23.3;31.6;16.2;0.0
13/05/1981;23.9;32.7;18.2;0.0
14/05/1981;19.4;23.1;18.0;0.0
15/05/1981;20.7;26.4;16.5;1.6
16/05/1981;21.9;29.2;18.1;0.0
17/05/1981;21.0;28.6;16.3;0.0
18/05/1981;21.5;29.3;13.7;0.0
19/05/1981;23.7;32.2;18.0;0.0
20/05/1981;21.1;26.5;18.1;0.0
21/05/1981;22.1;29.6;17.2;0.0
22/05/1981;22.4;30.4;17.9;0.0
23/05/1981;21.5;29.6;16.0;0.0
24/05/1981;22.4;30.5;16.4;0.0
25/05/1981;21.7;30.7;14.7;0.0
26/05/1981;21.4;29.7;15.0;0.0
27/05/1981;19.7;25.6;15.4;0.0
28/05/1981;20.7;28.0;15.6;0.0
29/05/1981;18.9;27.4;13.4;0.0
30/05/1981;18.6;27.0;13.2;0.0
31/05/1981;19.3;29.0;12.0;0.0
01/06/1981;19.9;30.0;11.1;0.0
02/06/1981;19.1;26.1;14.7;0.0
03/06/1981;18.6;22.3;16.5;13.2
04/06/1981;16.0;19.3;14.7;0.0
05/06/1981;17.1;23.1;11.7;0.1
06/06/1981;16.4;19.8;14.9;41.7
07/06/1981;12.6;15.9;11.5;15.0
08/06/1981;12.8;19.1;10.1;0.0
09/06/1981;13.6;21.5;7.5;0.0
10/06/1981;17.6;27.4;7.5;0.0
11/06/1981;17.1;22.0;15.2;0.0
12/06/1981;14.7;20.7;10.2;0.2
13/06/1981;15.5;19.9;12.5;20.4
14/06/1981;16.7;21.3;14.2;4.4
15/06/1981;17.6;25.3;12.2;0.1
16/06/1981;16.5;22.0;14.8;12.8
17/06/1981;8.3;14.8;5.4;0.0
18/06/1981;7.4;14.4;1.9;0.0
19/06/1981;9.8;17.0;1.5;0.0
20/06/1981;14.8;20.5;11.1;0.0
21/06/1981;17.8;25.5;11.7;0.0
22/06/1981;19.6;28.2;13.4;0.0
23/06/1981;17.6;24.3;15.2;0.2
24/06/1981;17.6;23.4;13.7;0.5
25/06/1981;20.5;29.3;15.4;0.0
26/06/1981;20.0;27.9;14.0;0.0
27/06/1981;19.2;28.0;14.4;0.0
28/06/1981;18.9;28.1;12.5;0.0
29/06/1981;19.4;28.8;12.4;0.0
30/06/1981;20.9;29.3;14.6;0.0
01/07/1981;20.6;29.3;14.1;0.0
02/07/1981;17.7;23.1;15.8;9.4
03/07/1981;13.0;18.5;8.5;0.0
04/07/1981;13.6;20.5;9.6;0.0
05/07/1981;14.3;21.5;9.1;0.0
06/07/1981;15.7;26.5;10.7;0.0
07/07/1981;15.2;23.6;9.8;0.0
08/07/1981;15.8;24.4;9.2;0.0
09/07/1981;17.0;25.2;11.9;0.0
10/07/1981;18.5;26.9;10.9;0.0
11/07/1981;20.1;28.2;14.1;0.0
12/07/1981;20.8;29.7;14.2;0.0
13/07/1981;19.9;29.4;13.2;0.0
14/07/1981;20.8;31.3;13.3;0.0
15/07/1981;21.7;32.2;14.5;0.0
16/07/1981;22.5;32.2;13.9;0.0
17/07/1981;11.8;23.6;8.3;2.2
18/07/1981;7.6;10.6;6.0;0.0
19/07/1981;4.8;12.7;-1.3;0.0
20/07/1981;5.5;13.5;-1.7;0.0
21/07/1981;9.2;17.8;-1.1;0.0
22/07/1981;13.4;21.1;8.5;0.0
23/07/1981;11.8;17.2;10.0;0.0
24/07/1981;10.2;17.7;6.0;0.0
25/07/1981;11.1;20.4;2.5;0.0
26/07/1981;14.1;24.1;5.6;0.0
27/07/1981;18.4;28.9;9.2;0.0
28/07/1981;19.8;29.4;12.3;0.0
29/07/1981;19.3;29.5;11.0;0.0
30/07/1981;20.9;31.4;11.5;0.0
31/07/1981;21.0;31.7;12.1;0.0
01/08/1981;21.0;31.2;14.4;0.0
02/08/1981;20.3;32.7;12.5;0.0
03/08/1981;22.8;33.7;15.1;0.0
04/08/1981;23.1;34.6;14.2;0.0
05/08/1981;23.3;34.3;15.7;0.0
06/08/1981;22.7;32.9;15.3;0.0
07/08/1981;24.8;33.4;18.1;0.0
08/08/1981;20.2;25.5;17.5;0.7
09/08/1981;17.5;20.5;15.4;0.0
10/08/1981;20.0;24.3;16.7;0.3
11/08/1981;21.0;26.8;16.0;0.0
12/08/1981;22.3;32.9;16.8;0.0
13/08/1981;21.5;28.1;14.6;0.0
14/08/1981;18.4;26.8;12.5;0.0
15/08/1981;18.9;29.6;10.1;0.0
16/08/1981;20.0;29.9;15.6;0.0
17/08/1981;16.1;20.9;13.2;12.9
18/08/1981;16.8;25.4;10.3;0.0
19/08/1981;18.7;27.0;10.9;0.0
20/08/1981;17.8;26.9;10.6;0.0
21/08/1981;17.0;26.0;10.1;0.0
22/08/1981;18.2;27.3;12.4;0.0
23/08/1981;21.1;30.2;13.2;0.0
24/08/1981;23.2;32.2;14.5;0.0
25/08/1981;23.2;32.5;16.1;0.0
26/08/1981;24.7;35.0;17.1;0.0
27/08/1981;25.0;36.0;15.4;0.0
28/08/1981;24.7;33.7;19.1;0.0
29/08/1981;25.0;34.3;17.4;0.0
30/08/1981;21.9;29.3;17.4;0.0
31/08/1981;21.4;28.4;15.9;0.0
01/09/1981;20.5;27.9;14.6;0.0
02/09/1981;21.6;29.8;14.4;0.0
03/09/1981;18.8;31.6;15.5;0.0
04/09/1981;16.4;22.9;12.4;0.0
05/09/1981;18.0;25.7;11.0;0.0
06/09/1981;20.8;30.9;12.3;0.0
07/09/1981;23.8;32.3;16.2;0.0
08/09/1981;26.0;36.0;18.5;0.0
09/09/1981;26.0;32.8;20.8;0.0
10/09/1981;26.5;34.9;19.1;0.0
11/09/1981;27.3;35.4;21.4;0.0
12/09/1981;24.2;36.4;15.1;0.0
13/09/1981;20.7;29.0;17.4;0.0
14/09/1981;11.5;17.4;9.2;0.0
15/09/1981;12.1;19.6;8.0;0.0
16/09/1981;14.5;24.9;3.6;0.0
17/09/1981;21.2;33.0;7.5;0.0
18/09/1981;25.7;35.4;18.4;0.0
19/09/1981;27.4;36.8;19.0;0.0
20/09/1981;28.8;36.8;23.5;0.0
21/09/1981;23.0;28.3;20.8;0.0
22/09/1981;22.4;27.6;17.7;0.3
23/09/1981;23.2;30.0;17.2;0.0
24/09/1981;23.7;29.7;19.3;0.0
25/09/1981;24.8;33.0;19.2;0.0
26/09/1981;25.8;35.6;18.7;0.0
27/09/1981;27.7;38.2;18.1;0.0
28/09/1981;27.4;38.5;22.0;0.0
29/09/1981;16.1;24.6;14.5;23.0
30/09/1981;13.6;20.9;6.9;0.0
01/10/1981;17.4;25.4;7.8;0.0
02/10/1981;23.1;31.1;15.0;0.0
03/10/1981;27.2;35.0;20.0;0.0
04/10/1981;19.1;24.8;16.6;1.1
05/10/1981;20.4;27.6;16.8;18.6
06/10/1981;20.7;25.3;19.1;43.1
07/10/1981;18.5;21.3;17.6;35.2
08/10/1981;19.8;23.8;16.4;6.1
09/10/1981;22.4;29.6;18.4;0.0
10/10/1981;22.4;27.1;20.4;19.2
11/10/1981;23.1;28.3;18.7;0.0
12/10/1981;23.8;30.7;19.6;0.8
13/10/1981;22.0;29.6;15.9;0.0
14/10/1981;22.4;29.9;13.4;0.0
15/10/1981;20.9;27.0;18.2;2.5
16/10/1981;21.9;28.7;17.8;14.6
17/10/1981;22.1;28.0;16.7;0.0
18/10/1981;21.5;27.7;17.9;0.0
19/10/1981;17.5;20.8;17.4;32.4
20/10/1981;19.5;26.1;14.5;27.4
21/10/1981;22.0;28.9;14.1;0.0
22/10/1981;23.0;31.0;15.8;0.0
23/10/1981;24.5;32.4;17.0;0.0
24/10/1981;26.1;34.4;17.1;0.0
25/10/1981;27.6;34.8;20.6;0.0
26/10/1981;24.9;34.3;20.9;0.0
27/10/1981;25.0;32.3;20.2;32.5
28/10/1981;24.1;32.3;20.5;0.0
29/10/1981;26.1;31.8;20.5;0.0
30/10/1981;25.5;31.7;21.3;0.0
31/10/1981;25.4;32.0;19.9;0.0
01/11/1981;25.4;32.5;20.5;0.0
02/11/1981;25.1;32.2;20.0;20.9
03/11/1981;25.3;33.0;20.1;0.0
04/11/1981;23.9;28.9;20.4;53.7
05/11/1981;26.6;32.2;21.2;0.0
06/11/1981;25.1;32.7;21.7;0.0
07/11/1981;22.4;29.2;17.9;5.4
08/11/1981;25.9;31.8;20.3;0.0
09/11/1981;23.5;27.4;21.5;0.0
10/11/1981;23.7;29.5;19.3;17.5
11/11/1981;24.8;30.1;20.1;0.0
12/11/1981;24.4;30.6;19.8;3.8
13/11/1981;25.1;30.3;20.6;0.0
14/11/1981;26.5;33.2;20.5;0.0
15/11/1981;26.0;33.6;21.2;0.0
16/11/1981;24.3;31.5;17.4;0.0
17/11/1981;27.0;33.7;18.7;0.0
18/11/1981;26.5;33.5;22.5;0.0
19/11/1981;21.2;24.9;20.1;23.4
20/11/1981;20.9;27.1;16.1;14.5
21/11/1981;24.2;30.2;21.2;0.0
22/11/1981;26.7;33.6;17.9;0.0
23/11/1981;25.1;33.9;21.2;0.0
24/11/1981;25.4;33.2;19.7;11.8
25/11/1981;23.6;27.9;21.5;0.0
26/11/1981;24.7;31.6;17.8;3.2
27/11/1981;27.8;34.6;21.0;0.0
28/11/1981;26.6;32.5;23.4;0.0
29/11/1981;25.2;30.5;20.5;0.0
30/11/1981;25.9;32.9;22.5;4.5
01/12/1981;24.0;29.0;22.6;0.0
02/12/1981;24.0;29.9;21.2;34.5
03/12/1981;20.2;23.1;18.0;91.5
04/12/1981;24.4;29.7;19.2;0.0
05/12/1981;26.2;31.9;22.3;0.0
06/12/1981;21.4;25.9;18.7;6.6
07/12/1981;22.7;28.5;18.0;53.9
08/12/1981;20.3;24.3;18.7;11.2
09/12/1981;21.7;27.7;18.3;10.6
10/12/1981;24.3;31.1;17.2;0.0
11/12/1981;26.3;32.7;19.7;0.0
12/12/1981;25.8;32.9;19.6;0.0
13/12/1981;26.2;32.3;19.8;0.0
14/12/1981;25.5;33.2;22.2;0.0
15/12/1981;19.4;22.2;16.9;32.3
16/12/1981;23.4;29.0;17.2;5.4
17/12/1981;26.3;31.5;22.5;0.0
18/12/1981;25.6;30.5;22.4;0.7
19/12/1981;25.2;30.6;22.8;13.2
20/12/1981;26.5;32.6;22.7;4.3
21/12/1981;25.2;29.4;23.6;0.1
22/12/1981;23.4;27.1;21.2;12.9
23/12/1981;23.0;27.6;21.0;22.8
24/12/1981;23.8;28.9;19.2;5.4
25/12/1981;25.7;33.0;19.4;0.0
26/12/1981;25.3;32.2;22.5;0.0
27/12/1981;22.5;26.5;20.5;36.8
28/12/1981;23.4;28.9;19.2;44.3
29/12/1981;24.1;30.3;20.0;0.0
30/12/1981;23.7;30.1;18.6;0.0
31/12/1981;25.2;32.0;19.1;0.0
01/01/1982;26.4;33.6;20.1;0.0
02/01/1982;23.8;32.7;19.3;0.9
03/01/1982;23.8;30.5;19.3;0.0
04/01/1982;23.4;30.8;18.0;0.0
05/01/1982;24.3;31.3;18.9;0.0
06/01/1982;26.5;33.1;20.2;0.0
07/01/1982;24.7;33.3;21.3;0.0
08/01/1982;22.8;28.9;17.4;7.6
09/01/1982;25.3;31.0;22.1;0.5
10/01/1982;24.1;29.3;21.6;6.2
11/01/1982;26.0;31.8;21.4;0.6
12/01/1982;26.0;33.4;20.5;0.0
13/01/1982;19.9;34.0;19.8;0.0
14/01/1982;26.8;33.2;20.5;0.0
15/01/1982;20.3;34.7;19.9;0.0
16/01/1982;27.4;35.3;20.6;0.0
17/01/1982;28.4;34.3;21.9;0.0
18/01/1982;24.8;33.0;21.4;0.0
19/01/1982;25.3;31.2;20.5;53.0
20/01/1982;24.5;31.1;19.9;0.0
21/01/1982;24.2;31.0;19.9;0.0
22/01/1982;23.3;27.0;20.6;1.2
23/01/1982;23.3;31.2;18.1;7.4
24/01/1982;24.0;31.3;16.5;0.0
25/01/1982;23.9;30.4;18.9;0.0
26/01/1982;25.5;32.6;18.9;0.0
27/01/1982;26.4;32.3;20.8;0.0
28/01/1982;25.2;31.6;20.4;0.0
29/01/1982;24.5;29.3;21.1;0.0
30/01/1982;25.9;30.8;21.7;0.3
31/01/1982;24.2;30.6;21.2;0.0
01/02/1982;24.3;31.4;19.7;5.9
02/02/1982;25.2;30.8;20.5;0.0
03/02/1982;23.8;29.0;20.9;0.1
04/02/1982;20.1;22.7;18.6;38.0
05/02/1982;23.8;29.4;20.0;13.1
06/02/1982;25.6;32.0;18.3;0.0
07/02/1982;26.2;32.1;20.5;0.0
08/02/1982;22.9;26.0;21.6;4.6
09/02/1982;23.6;29.0;20.8;10.0
10/02/1982;23.9;29.6;21.5;5.1
11/02/1982;23.4;29.5;20.4;0.5
12/02/1982;24.0;32.4;20.1;0.0
13/02/1982;24.5;33.4;19.4;5.6
14/02/1982;29.5;33.5;21.6;0.0
15/02/1982;23.7;31.0;20.7;0.0
16/02/1982;23.3;28.4;18.4;24.4
17/02/1982;24.6;29.0;21.2;14.1
18/02/1982;25.2;31.2;21.3;9.6
19/02/1982;26.9;32.9;20.6;0.0
20/02/1982;26.7;34.1;22.3;0.0
21/02/1982;25.4;32.5;20.9;0.0
22/02/1982;24.5;31.9;21.3;0.0
23/02/1982;22.3;24.9;21.4;3.4
24/02/1982;22.7;28.0;19.5;50.0
25/02/1982;24.0;30.0;20.1;0.0
26/02/1982;25.0;30.5;20.9;3.2
27/02/1982;26.2;32.0;20.8;1.1
28/02/1982;20.9;31.7;20.5;0.0
01/03/1982;22.8;26.8;20.7;57.8
02/03/1982;24.4;26.8;21.4;0.0
03/03/1982;24.4;28.3;21.1;0.0
04/03/1982;22.5;26.8;20.1;0.0
05/03/1982;20.9;22.4;19.9;0.0
06/03/1982;23.4;27.7;19.7;0.2
07/03/1982;23.5;26.3;20.8;0.0
08/03/1982;23.1;25.0;21.7;14.0
09/03/1982;23.7;28.1;21.0;5.2
10/03/1982;24.7;29.8;20.2;15.1
11/03/1982;25.6;31.8;20.7;0.0
12/03/1982;24.8;30.1;22.0;0.0
13/03/1982;24.2;28.4;22.1;0.1
14/03/1982;23.1;26.9;21.2;8.4
15/03/1982;24.2;31.1;22.0;4.5
16/03/1982;21.8;26.2;20.0;0.0
17/03/1982;23.6;31.7;17.9;11.6
18/03/1982;21.0;23.4;19.4;9.7
19/03/1982;24.0;28.3;20.9;24.3
20/03/1982;25.0;30.7;20.3;3.5
21/03/1982;24.5;32.2;21.2;0.0
22/03/1982;24.2;30.5;20.8;10.9
23/03/1982;24.0;30.7;20.5;0.0
24/03/1982;23.9;29.4;19.1;7.8
25/03/1982;25.0;30.8;19.7;0.0
26/03/1982;25.4;32.0;19.7;0.0
27/03/1982;22.5;27.3;21.9;0.1
28/03/1982;19.2;23.0;17.4;0.0
29/03/1982;19.4;23.8;16.6;0.0
30/03/1982;20.6;28.4;14.7;0.0
31/03/1982;22.4;31.1;15.1;0.0
01/04/1982;24.2;31.8;17.6;0.0
02/04/1982;23.9;31.1;18.1;0.0
03/04/1982;25.8;33.5;18.6;0.0
04/04/1982;25.9;33.9;21.0;0.0
05/04/1982;24.5;29.7;21.2;1.0
06/04/1982;22.8;29.2;16.6;29.0
07/04/1982;22.2;28.6;17.7;0.0
08/04/1982;21.0;28.1;14.6;0.0
09/04/1982;21.6;28.7;16.2;0.0
10/04/1982;21.2;28.7;15.3;0.0
11/04/1982;22.3;29.8;16.7;0.0
12/04/1982;22.3;31.1;19.1;0.0
13/04/1982;20.5;23.0;18.5;8.6
14/04/1982;21.2;28.3;18.7;0.0
15/04/1982;19.2;25.6;16.7;0.0
16/04/1982;18.2;26.4;11.6;0.0
17/04/1982;19.6;28.3;12.0;0.0
18/04/1982;20.4;27.8;15.8;0.0
19/04/1982;22.3;29.2;17.2;0.0
20/04/1982;22.6;31.0;19.5;0.0
21/04/1982;23.5;29.0;19.2;62.0
22/04/1982;22.4;28.9;18.0;0.0
23/04/1982;23.6;30.2;17.9;0.0
24/04/1982;23.2;30.2;19.0;0.0
25/04/1982;22.1;28.2;16.7;0.0
26/04/1982;22.3;28.9;16.9;0.0
27/04/1982;20.8;27.1;16.8;0.0
28/04/1982;19.4;25.8;15.2;0.0
29/04/1982;20.3;27.0;15.4;0.0
30/04/1982;19.7;26.5;16.6;0.1
01/05/1982;19.4;26.8;13.1;0.0
02/05/1982;18.8;26.4;12.0;0.0
03/05/1982;19.1;27.0;12.3;0.0
04/05/1982;19.9;27.2;13.5;0.0
05/05/1982;18.2;25.3;13.3;0.0
06/05/1982;19.3;26.5;13.1;0.0
07/05/1982;21.7;29.4;15.3;0.0
08/05/1982;21.3;29.0;15.6;0.0
09/05/1982;21.6;31.0;13.8;0.0
10/05/1982;23.3;31.7;15.5;0.0
11/05/1982;22.9;32.2;19.9;0.0
12/05/1982;22.2;30.7;15.5;0.0
13/05/1982;23.5;32.4;16.9;0.0
14/05/1982;24.4;32.6;17.1;0.0
15/05/1982;21.2;26.6;16.7;6.4
16/05/1982;22.9;30.5;17.0;0.0
17/05/1982;22.0;30.6;17.2;0.0
18/05/1982;19.9;24.9;17.1;0.0
19/05/1982;17.3;21.4;15.8;57.9
20/05/1982;15.9;23.9;9.7;0.0
21/05/1982;16.0;21.9;10.9;0.0
22/05/1982;17.7;22.0;13.7;0.0
23/05/1982;16.9;19.1;16.2;0.0
24/05/1982;16.6;17.8;16.3;39.0
25/05/1982;15.2;17.5;14.5;7.4
26/05/1982;15.4;21.6;12.9;0.1
27/05/1982;15.0;21.9;11.8;0.0
28/05/1982;15.3;22.7;11.0;0.0
29/05/1982;15.2;22.0;11.5;0.0
30/05/1982;16.6;24.2;11.1;0.0
31/05/1982;19.8;27.4;14.4;0.0
01/06/1982;21.2;28.0;18.0;0.0
02/06/1982;19.5;26.9;15.4;0.0
03/06/1982;21.7;28.9;17.0;0.0
04/06/1982;18.6;22.4;15.6;29.0
05/06/1982;17.8;21.1;16.0;5.4
06/06/1982;19.7;23.7;17.3;1.0
07/06/1982;19.8;26.1;16.2;0.0
08/06/1982;20.6;27.6;15.2;0.0
09/06/1982;21.9;29.7;16.2;0.0
10/06/1982;22.7;28.7;17.9;0.0
11/06/1982;20.5;23.8;19.0;0.0
12/06/1982;17.5;19.9;16.6;14.3
13/06/1982;19.5;24.6;16.5;113.6
14/06/1982;21.5;29.3;17.2;0.0
15/06/1982;18.9;20.9;18.1;4.6
16/06/1982;17.6;20.5;15.4;7.4
17/06/1982;18.2;22.4;15.3;0.1
18/06/1982;20.5;26.7;15.6;0.3
19/06/1982;17.4;22.7;15.1;0.0
20/06/1982;11.1;15.1;9.2;20.0
21/06/1982;11.5;13.2;10.2;1.5
22/06/1982;11.4;12.5;10.4;19.1
23/06/1982;14.1;15.7;11.6;3.8
24/06/1982;17.7;18.9;15.4;0.6
25/06/1982;20.4;24.6;16.4;0.0
26/06/1982;22.4;28.5;19.2;0.0
27/06/1982;23.0;29.4;18.0;0.0
28/06/1982;18.8;29.3;14.4;0.0
29/06/1982;13.7;18.2;9.6;9.0
30/06/1982;18.8;26.5;13.3;0.0
01/07/1982;20.7;25.7;16.7;1.5
02/07/1982;20.9;27.4;16.7;0.0
03/07/1982;20.9;28.9;16.0;0.0
04/07/1982;20.7;28.9;16.3;0.0
05/07/1982;21.5;29.0;16.6;0.0
06/07/1982;21.2;29.9;14.3;0.0
07/07/1982;21.7;29.3;17.6;0.0
08/07/1982;19.4;24.3;17.6;11.6
09/07/1982;20.0;24.2;17.0;8.1
10/07/1982;21.2;26.8;17.0;6.7
11/07/1982;22.1;27.4;18.6;0.0
12/07/1982;23.1;28.3;19.5;0.0
13/07/1982;17.4;23.0;15.1;0.7
14/07/1982;14.1;22.0;6.9;0.0
15/07/1982;16.9;22.0;11.7;0.0
16/07/1982;19.8;26.0;15.8;4.5
17/07/1982;20.6;28.4;18.3;0.0
18/07/1982;18.9;23.0;16.3;26.9
19/07/1982;17.7;23.2;14.0;0.0
20/07/1982;19.1;26.1;13.9;0.0
21/07/1982;20.7;28.2;15.1;0.0
22/07/1982;20.6;29.1;14.1;0.0
23/07/1982;20.2;28.5;13.9;0.0
24/07/1982;20.0;28.0;14.2;0.0
25/07/1982;19.7;28.5;13.6;0.0
26/07/1982;20.5;28.9;15.5;0.0
27/07/1982;19.7;27.0;14.7;0.0
28/07/1982;20.1;29.3;13.7;0.0
29/07/1982;14.6;20.3;11.7;0.0
30/07/1982;11.5;18.9;5.5;3.9
31/07/1982;14.5;21.8;7.1;0.0
01/08/1982;19.9;28.7;11.4;0.0
02/08/1982;17.2;22.5;15.0;0.0
03/08/1982;15.3;19.1;12.5;0.0
04/08/1982;17.5;20.5;14.6;4.5
05/08/1982;17.6;20.4;16.2;1.3
06/08/1982;20.1;25.4;15.0;0.0
07/08/1982;22.2;29.3;17.2;0.0
08/08/1982;19.2;23.2;16.8;0.0
09/08/1982;15.9;20.3;12.8;5.0
10/08/1982;15.5;17.9;13.3;0.3
11/08/1982;17.1;22.4;12.4;0.0
12/08/1982;17.9;24.8;12.4;0.0
13/08/1982;20.3;27.7;14.2;0.0
14/08/1982;21.8;30.6;16.5;0.0
15/08/1982;21.7;31.2;15.7;0.0
16/08/1982;21.2;27.5;17.6;0.0
17/08/1982;21.2;27.5;17.3;0.0
18/08/1982;17.0;20.8;15.4;17.4
19/08/1982;15.5;19.0;10.6;0.8
20/08/1982;18.4;25.9;11.8;0.0
21/08/1982;22.5;31.2;14.7;0.0
22/08/1982;22.6;31.8;17.0;0.0
23/08/1982;21.9;31.4;14.0;0.0
24/08/1982;23.5;31.9;16.0;0.0
25/08/1982;24.5;33.5;17.3;0.0
26/08/1982;24.3;31.8;18.5;0.0
27/08/1982;24.3;31.4;18.1;0.0
28/08/1982;24.2;32.0;17.6;0.0
29/08/1982;25.1;33.9;17.7;0.0
30/08/1982;23.5;34.2;19.1;0.0
31/08/1982;19.2;21.9;16.6;5.4
01/09/1982;21.8;27.5;17.0;15.4
02/09/1982;22.0;28.6;17.0;0.0
03/09/1982;22.6;30.0;16.3;0.0
04/09/1982;22.8;31.9;19.1;0.0
05/09/1982;19.8;28.2;14.8;2.4
06/09/1982;20.6;27.6;14.5;0.1
07/09/1982;20.2;27.8;14.3;0.0
08/09/1982;20.5;27.9;14.3;0.0
09/09/1982;21.7;28.8;15.1;0.0
10/09/1982;23.1;31.1;15.4;0.0
11/09/1982;25.7;33.9;18.6;0.0
12/09/1982;22.4;33.0;17.8;0.0
13/09/1982;22.2;29.2;15.3;0.6
14/09/1982;24.3;31.3;19.0;0.0
15/09/1982;24.4;31.8;18.6;0.0
16/09/1982;25.9;32.9;19.7;0.0
17/09/1982;25.8;33.1;19.8;0.0
18/09/1982;18.8;27.0;16.6;37.6
19/09/1982;16.5;21.9;11.5;0.0
20/09/1982;19.6;24.7;14.7;0.0
21/09/1982;18.6;22.0;17.2;0.1
22/09/1982;20.9;25.8;16.4;0.9
23/09/1982;21.4;26.4;18.0;0.0
24/09/1982;22.7;30.3;18.2;0.1
25/09/1982;21.4;30.5;16.7;0.0
26/09/1982;21.8;25.9;17.4;0.3
27/09/1982;21.2;26.6;18.6;0.4
28/09/1982;15.5;19.3;13.1;35.5
29/09/1982;18.4;25.9;9.7;0.0
30/09/1982;21.1;27.6;16.5;0.0
01/10/1982;22.4;33.6;16.7;0.0
02/10/1982;19.2;22.1;18.1;21.2
03/10/1982;21.6;28.0;16.6;6.1
04/10/1982;25.9;32.9;19.2;0.0
05/10/1982;22.8;28.5;21.1;0.0
06/10/1982;21.4;25.7;16.6;12.2
07/10/1982;24.5;30.2;20.1;0.2
08/10/1982;21.0;25.8;19.4;39.4
09/10/1982;22.3;27.7;18.5;97.7
10/10/1982;21.5;25.3;20.3;9.7
11/10/1982;22.2;26.5;18.3;4.6
12/10/1982;26.1;32.9;19.6;0.0
13/10/1982;17.2;26.6;13.9;30.6
14/10/1982;17.0;24.0;8.2;0.0
15/10/1982;22.2;29.6;14.2;0.0
16/10/1982;24.5;30.6;18.4;0.0
17/10/1982;27.3;35.5;19.9;0.0
18/10/1982;18.3;28.0;12.7;41.2
19/10/1982;20.6;27.2;12.4;0.0
20/10/1982;26.1;33.2;19.4;0.0
21/10/1982;27.1;34.7;20.6;0.0
22/10/1982;27.7;34.9;21.7;0.0
23/10/1982;27.7;33.4;23.0;0.0
24/10/1982;22.7;27.3;20.6;2.3
25/10/1982;24.7;32.3;20.2;4.7
26/10/1982;26.0;31.3;20.7;0.9
27/10/1982;25.9;32.9;21.0;0.0
28/10/1982;25.9;32.2;20.2;0.0
29/10/1982;26.8;33.6;20.3;0.0
30/10/1982;25.0;31.5;21.6;4.8
31/10/1982;23.3;31.7;13.6;0.1
01/11/1982;27.0;34.5;18.6;0.0
02/11/1982;28.0;34.0;23.0;0.0
03/11/1982;26.1;32.6;20.6;0.0
04/11/1982;24.4;29.5;21.0;5.1
05/11/1982;23.3;28.7;20.7;32.1
06/11/1982;20.2;23.4;17.2;35.3
07/11/1982;23.5;29.6;19.6;1.4
08/11/1982;24.8;31.2;19.6;0.0
09/11/1982;26.1;33.0;19.8;0.1
10/11/1982;26.0;32.7;22.2;1.3
11/11/1982;23.1;32.4;18.5;6.2
12/11/1982;22.1;27.7;18.2;9.7
13/11/1982;26.0;32.0;20.0;18.5
14/11/1982;23.8;26.5;20.0;4.0
15/11/1982;23.1;26.2;21.4;20.8
16/11/1982;24.4;28.6;21.4;3.0
17/11/1982;24.9;30.0;21.4;2.5
18/11/1982;27.5;32.6;21.8;0.0
19/11/1982;24.9;32.5;21.8;0.0
20/11/1982;25.4;31.1;21.1;8.0
21/11/1982;21.9;24.7;19.6;13.5
22/11/1982;24.3;28.0;20.1;30.2
23/11/1982;23.2;29.0;21.3;12.3
24/11/1982;24.7;30.9;19.8;22.0
25/11/1982;27.0;33.0;21.5;0.0
26/11/1982;25.6;33.1;22.6;0.2
27/11/1982;27.0;34.2;20.7;0.5
28/11/1982;26.5;33.8;21.6;0.0
29/11/1982;24.5;33.6;19.4;0.0
30/11/1982;25.5;34.7;20.3;1.0
01/12/1982;25.7;33.7;20.4;3.4
02/12/1982;24.1;32.3;20.6;0.0
03/12/1982;23.4;29.2;18.0;0.0
04/12/1982;22.7;28.4;18.0;0.0
05/12/1982;24.5;31.6;17.7;0.0
06/12/1982;21.0;25.8;19.4;12.6
07/12/1982;21.9;27.7;18.6;11.7
08/12/1982;21.1;29.2;12.9;0.0
09/12/1982;23.4;30.7;14.4;0.0
10/12/1982;25.1;31.6;18.2;0.0
11/12/1982;23.9;31.6;20.9;0.0
12/12/1982;22.7;28.2;18.8;37.7
13/12/1982;21.4;23.3;19.7;13.8
14/12/1982;22.4;25.8;20.7;31.1
15/12/1982;24.1;29.1;19.3;0.0
16/12/1982;23.9;30.6;21.6;0.0
17/12/1982;21.8;25.1;20.1;20.2
18/12/1982;23.4;28.1;20.2;25.4
19/12/1982;22.7;26.9;20.3;13.7
20/12/1982;24.7;30.2;18.8;0.0
21/12/1982;26.2;31.6;21.8;10.7
22/12/1982;22.2;25.7;20.0;29.9
23/12/1982;22.5;28.6;19.7;30.6
24/12/1982;23.3;29.0;17.5;0.0
25/12/1982;24.2;30.2;16.7;0.0
26/12/1982;24.3;30.5;16.6;0.0
27/12/1982;25.1;32.1;16.7;0.0
28/12/1982;23.1;27.7;19.7;0.0
29/12/1982;23.6;28.7;19.0;0.0
30/12/1982;23.8;30.7;19.8;0.0
31/12/1982;24.7;29.9;18.8;0.0
01/01/1983;25.4;31.8;20.2;5.1
02/01/1983;25.8;31.8;19.9;0.1
03/01/1983;25.6;32.8;20.5;0.0
04/01/1983;24.8;31.0;20.5;0.0
05/01/1983;25.3;31.2;20.1;0.0
06/01/1983;26.1;34.0;19.7;0.0
07/01/1983;26.7;32.9;21.8;0.0
08/01/1983;25.9;32.6;22.3;0.2
09/01/1983;25.1;33.5;20.3;0.0
10/01/1983;25.2;30.0;21.4;1.1
11/01/1983;25.6;31.5;22.1;2.5
12/01/1983;26.1;33.0;22.4;1.2
13/01/1983;25.8;33.3;22.7;0.0
14/01/1983;24.7;29.1;23.1;2.2
15/01/1983;25.4;31.7;21.7;2.2
16/01/1983;24.9;30.8;21.6;8.6
17/01/1983;26.2;31.4;22.7;0.1
18/01/1983;25.3;31.7;22.3;0.3
19/01/1983;23.9;29.4;21.6;17.3
20/01/1983;25.2;31.4;21.0;6.6
21/01/1983;26.7;33.0;21.3;0.0
22/01/1983;27.7;34.7;20.9;0.0
23/01/1983;26.7;33.6;19.0;0.0
24/01/1983;24.1;32.0;21.0;0.0
25/01/1983;24.9;31.1;20.1;5.3
26/01/1983;25.1;32.4;21.7;0.0
27/01/1983;25.1;30.6;20.2;26.6
28/01/1983;25.1;29.1;23.5;0.0
29/01/1983;25.0;30.2;22.3;15.1
30/01/1983;25.4;31.6;22.9;0.3
31/01/1983;23.7;28.4;21.3;34.1
01/02/1983;22.8;29.0;18.0;0.0
02/02/1983;22.9;29.0;17.6;0.0
03/02/1983;22.8;28.4;17.0;0.0
04/02/1983;24.2;29.4;20.8;2.2
05/02/1983;25.6;31.8;19.2;0.0
06/02/1983;24.8;30.4;21.7;0.0
07/02/1983;25.1;29.4;21.5;5.8
08/02/1983;23.3;27.9;19.4;0.3
09/02/1983;23.2;30.4;20.0;7.1
10/02/1983;24.4;30.8;19.8;5.2
11/02/1983;27.1;33.8;24.1;0.0
12/02/1983;25.8;32.2;21.9;0.0
13/02/1983;25.5;32.8;20.5;0.0
14/02/1983;24.8;30.9;21.9;18.6
15/02/1983;25.1;31.1;22.3;0.0
16/02/1983;25.1;31.1;22.8;1.0
17/02/1983;23.8;29.9;22.1;13.9
18/02/1983;23.2;30.5;20.3;10.0
19/02/1983;24.2;32.1;20.2;0.7
20/02/1983;24.7;32.3;20.6;0.0
21/02/1983;24.3;31.4;21.3;16.7
22/02/1983;24.0;30.4;21.1;6.5
23/02/1983;25.3;32.6;21.8;1.9
24/02/1983;25.9;31.7;21.6;13.3
25/02/1983;27.0;33.4;21.0;0.0
26/02/1983;26.8;33.1;22.3;0.0
27/02/1983;26.6;32.6;22.8;0.1
28/02/1983;24.2;28.9;22.8;5.3
01/03/1983;25.3;31.4;21.3;17.4
02/03/1983;25.3;30.0;21.4;0.0
03/03/1983;24.9;27.3;23.8;2.8
04/03/1983;25.2;30.3;23.0;6.7
05/03/1983;24.1;31.5;21.5;4.7
06/03/1983;23.3;27.0;19.9;13.1
07/03/1983;24.5;27.7;22.6;1.2
08/03/1983;24.8;30.8;22.0;0.2
09/03/1983;24.6;31.3;20.9;5.1
10/03/1983;25.8;31.7;21.2;0.0
11/03/1983;26.0;32.1;21.2;0.0
12/03/1983;26.4;33.1;21.3;0.0
13/03/1983;22.0;25.6;20.2;1.0
14/03/1983;23.4;30.2;16.8;0.0
15/03/1983;24.9;30.6;21.4;0.0
16/03/1983;25.0;31.4;18.5;0.0
17/03/1983;24.6;31.9;21.7;0.0
18/03/1983;20.3;24.4;17.9;24.1
19/03/1983;17.2;25.1;14.0;24.9
20/03/1983;19.5;27.1;11.4;0.0
21/03/1983;20.9;28.2;14.9;0.0
22/03/1983;20.8;27.2;15.7;0.0
23/03/1983;23.2;29.5;19.2;0.0
24/03/1983;22.0;28.8;17.8;0.0
25/03/1983;21.1;28.6;16.2;0.0
26/03/1983;22.2;30.0;15.6;0.0
27/03/1983;23.3;30.9;16.2;0.0
28/03/1983;24.3;32.0;17.4;0.0
29/03/1983;24.3;32.2;17.4;0.0
30/03/1983;25.0;32.3;17.5;0.0
31/03/1983;25.0;33.0;20.0;0.0
01/04/1983;26.1;33.4;21.4;24.6
02/04/1983;25.7;32.2;21.7;1.8
03/04/1983;24.2;32.4;21.3;0.0
04/04/1983;24.7;31.7;19.9;2.4
05/04/1983;23.1;28.7;21.1;5.0
06/04/1983;20.2;22.1;19.4;0.0
07/04/1983;19.0;26.0;13.2;1.8
08/04/1983;20.8;28.5;17.5;0.0
09/04/1983;21.6;29.8;13.5;0.0
10/04/1983;22.2;29.9;16.7;0.0
11/04/1983;23.7;30.6;17.9;0.0
12/04/1983;22.2;29.2;16.4;0.0
13/04/1983;23.7;30.1;20.0;0.0
14/04/1983;23.6;27.6;20.8;7.6
15/04/1983;24.3;31.3;20.8;7.8
16/04/1983;24.7;31.0;19.2;2.2
17/04/1983;25.6;31.5;21.1;0.0
18/04/1983;26.5;33.3;21.6;1.6
19/04/1983;23.3;29.0;21.1;0.0
20/04/1983;23.9;29.9;19.9;19.3
21/04/1983;21.1;23.6;19.7;5.5
22/04/1983;20.5;27.2;15.5;4.7
23/04/1983;22.0;27.0;18.4;0.0
24/04/1983;23.2;29.6;19.4;0.1
25/04/1983;19.6;22.9;17.4;0.1
26/04/1983;19.6;24.6;16.4;52.7
27/04/1983;21.5;26.2;17.8;0.0
28/04/1983;23.8;31.7;18.9;0.0
29/04/1983;23.3;32.6;19.5;0.0
30/04/1983;23.9;29.1;19.3;23.8
01/05/1983;25.0;31.6;19.3;0.0
02/05/1983;25.6;32.0;20.6;0.0
03/05/1983;24.2;30.0;20.6;0.0
04/05/1983;22.7;30.0;18.6;0.0
05/05/1983;21.4;29.9;16.9;0.0
06/05/1983;21.5;27.9;16.4;1.3
07/05/1983;23.6;30.6;18.7;0.0
08/05/1983;23.3;29.0;17.6;0.0
09/05/1983;23.9;30.8;19.6;0.0
10/05/1983;24.4;31.6;19.4;0.0
11/05/1983;21.3;24.9;19.5;20.2
12/05/1983;20.3;23.2;18.7;36.4
13/05/1983;19.5;22.7;18.0;9.9
14/05/1983;21.5;26.5;18.0;0.2
15/05/1983;23.4;29.8;20.1;0.0
16/05/1983;20.5;23.0;19.4;4.7
17/05/1983;20.9;26.1;17.9;27.6
18/05/1983;23.4;29.2;19.8;9.8
19/05/1983;25.2;30.8;20.6;0.0
20/05/1983;20.4;25.6;18.6;8.5
21/05/1983;19.7;24.7;14.8;0.0
22/05/1983;20.4;24.1;17.8;0.0
23/05/1983;19.9;23.0;18.8;6.5
24/05/1983;16.4;19.8;15.1;0.9
25/05/1983;16.2;22.7;11.2;0.0
26/05/1983;18.6;25.2;11.8;0.0
27/05/1983;21.5;25.2;18.3;3.0
28/05/1983;20.7;25.8;18.6;3.1
29/05/1983;15.8;18.6;12.1;21.4
30/05/1983;17.8;21.8;16.5;46.3
31/05/1983;12.1;17.7;10.5;32.6
01/06/1983;10.3;12.6;8.4;0.0
02/06/1983;9.3;11.3;7.1;4.6
03/06/1983;10.2;11.2;8.9;0.0
04/06/1983;8.5;10.3;6.9;12.1
05/06/1983;9.2;10.2;8.3;11.3
06/06/1983;11.5;14.9;8.9;44.4
07/06/1983;10.2;13.9;5.0;0.3
08/06/1983;17.7;23.6;11.8;0.0
09/06/1983;19.0;26.6;15.9;0.0
10/06/1983;15.1;17.9;12.1;0.0
11/06/1983;18.3;21.9;15.2;0.4
12/06/1983;16.5;24.6;13.0;0.0
13/06/1983;10.9;13.0;10.2;0.0
14/06/1983;10.5;13.5;9.4;0.2
15/06/1983;9.6;16.0;3.4;0.0
16/06/1983;13.8;22.0;5.9;0.0
17/06/1983;17.1;27.2;6.4;0.0
18/06/1983;20.2;28.6;15.3;0.0
19/06/1983;22.4;30.5;15.3;0.0
20/06/1983;23.0;30.4;18.3;0.0
21/06/1983;22.2;30.1;17.8;0.0
22/06/1983;21.9;29.8;17.0;0.0
23/06/1983;22.5;30.2;17.0;0.0
24/06/1983;16.6;21.9;15.7;24.0
25/06/1983;14.2;15.7;13.4;29.2
26/06/1983;15.4;17.9;12.8;1.9
27/06/1983;18.2;22.2;14.8;0.0
28/06/1983;16.7;18.7;16.1;1.1
29/06/1983;19.0;23.0;15.5;1.4
30/06/1983;21.2;27.0;17.8;0.0
01/07/1983;21.7;29.3;15.0;0.0
02/07/1983;21.5;28.4;16.8;0.0
03/07/1983;15.9;22.2;12.5;0.0
04/07/1983;18.1;24.8;13.1;3.0
05/07/1983;22.0;29.4;16.5;0.0
06/07/1983;24.1;30.3;19.2;0.0
07/07/1983;24.0;29.3;18.3;0.0
08/07/1983;23.7;28.4;20.7;0.0
09/07/1983;24.2;30.1;21.6;0.0
10/07/1983;21.7;30.6;18.7;0.0
11/07/1983;20.2;28.3;15.0;0.0
12/07/1983;18.1;21.2;15.1;0.0
13/07/1983;20.2;28.6;13.9;0.2
14/07/1983;20.4;29.0;14.6;0.0
15/07/1983;22.4;33.0;16.2;0.0
16/07/1983;12.0;12.7;11.7;1.4
17/07/1983;9.4;12.0;5.1;20.9
18/07/1983;11.9;18.7;4.9;0.0
19/07/1983;12.1;19.0;7.6;0.0
20/07/1983;12.1;21.0;5.2;0.0
21/07/1983;13.3;19.0;7.3;0.0
22/07/1983;15.6;20.4;11.8;0.0
23/07/1983;20.7;28.3;15.7;0.0
24/07/1983;23.0;31.5;17.3;0.0
25/07/1983;20.2;26.6;18.2;0.0
26/07/1983;16.9;20.6;15.3;0.0
27/07/1983;14.9;17.5;13.4;0.0
28/07/1983;17.7;24.5;12.0;0.0
29/07/1983;21.9;28.1;15.8;0.0
30/07/1983;19.3;23.1;17.2;0.0
31/07/1983;16.5;22.5;14.3;0.0
01/08/1983;11.3;15.6;9.6;0.0
02/08/1983;10.8;17.3;5.7;0.0
03/08/1983;11.1;19.4;5.0;0.0
04/08/1983;12.8;20.2;6.7;0.0
05/08/1983;13.8;22.2;6.8;0.0
06/08/1983;16.4;25.0;8.8;0.0
07/08/1983;18.2;29.1;8.8;0.0
08/08/1983;19.8;29.8;10.4;0.0
09/08/1983;17.9;23.4;13.8;0.0
10/08/1983;19.5;28.6;12.3;0.0
11/08/1983;21.7;30.8;14.6;0.0
12/08/1983;23.0;32.6;16.0;0.0
13/08/1983;24.2;33.6;17.8;0.0
14/08/1983;24.3;32.2;19.7;0.0
15/08/1983;25.0;34.0;20.0;0.0
16/08/1983;17.6;25.2;15.6;0.0
17/08/1983;14.5;19.3;13.2;0.0
18/08/1983;12.5;19.3;10.5;0.0
19/08/1983;13.9;23.3;4.5;0.0
20/08/1983;16.3;25.8;8.6;0.0
21/08/1983;16.3;26.2;6.8;0.0
22/08/1983;17.1;25.0;10.5;0.0
23/08/1983;20.6;28.0;14.8;0.0
24/08/1983;23.3;33.1;16.8;0.0
25/08/1983;25.4;34.8;18.4;0.0
26/08/1983;23.8;34.5;17.3;0.0
27/08/1983;23.9;34.4;15.4;0.0
28/08/1983;24.6;34.8;16.9;0.0
29/08/1983;25.0;35.0;17.3;0.0
30/08/1983;23.2;33.8;16.3;0.0
31/08/1983;15.2;23.1;12.2;0.0
01/09/1983;11.7;14.2;11.1;0.0
02/09/1983;11.7;14.3;10.0;3.5
03/09/1983;14.0;16.7;11.5;1.2
04/09/1983;17.0;19.7;14.2;18.5
05/09/1983;22.1;29.7;16.9;8.5
06/09/1983;21.3;30.8;16.2;17.5
07/09/1983;17.4;21.8;15.9;64.0
08/09/1983;11.8;15.9;9.9;18.5
09/09/1983;14.9;20.3;8.7;0.0
10/09/1983;17.3;22.7;9.6;0.0
11/09/1983;15.5;19.1;13.2;0.0
12/09/1983;13.4;15.4;12.8;5.3
13/09/1983;14.4;21.0;8.8;14.9
14/09/1983;18.7;27.5;11.2;0.0
15/09/1983;22.0;28.7;18.0;0.0
16/09/1983;21.4;28.0;16.4;14.0
17/09/1983;23.2;33.0;18.4;0.0
18/09/1983;19.8;25.2;18.4;0.6
19/09/1983;15.9;19.8;13.6;14.9
20/09/1983;15.7;23.4;9.0;0.0
21/09/1983;19.3;27.1;12.7;0.0
22/09/1983;24.8;33.6;16.4;0.0
23/09/1983;27.1;35.0;22.0;0.0
24/09/1983;23.5;31.1;19.9;3.3
25/09/1983;23.2;29.4;19.2;0.0
26/09/1983;25.5;31.0;20.4;0.0
27/09/1983;26.5;31.8;21.7;0.0
28/09/1983;25.9;32.6;21.5;0.0
29/09/1983;18.3;25.8;15.1;10.0
30/09/1983;15.3;17.5;13.9;16.0
01/10/1983;15.4;17.5;14.2;0.1
02/10/1983;18.2;22.2;14.2;11.3
03/10/1983;22.5;28.2;17.7;0.0
04/10/1983;22.2;29.6;18.1;0.0
05/10/1983;21.4;29.8;15.9;20.8
06/10/1983;23.2;29.2;19.0;0.0
07/10/1983;24.1;31.0;17.8;0.0
08/10/1983;25.9;32.0;19.8;0.0
09/10/1983;26.6;34.5;22.4;0.0
10/10/1983;25.4;33.6;21.1;0.0
11/10/1983;22.6;28.0;20.2;13.4
12/10/1983;20.9;22.6;19.6;9.4
13/10/1983;20.5;22.6;19.3;0.5
14/10/1983;23.0;29.6;19.0;2.6
15/10/1983;26.0;32.6;19.5;0.2
16/10/1983;26.6;32.4;21.5;0.0
17/10/1983;22.4;32.3;17.6;0.0
18/10/1983;18.8;24.5;15.5;28.7
19/10/1983;21.3;28.2;12.7;0.0
20/10/1983;24.1;30.9;19.4;0.0
21/10/1983;26.0;33.3;19.6;0.0
22/10/1983;22.8;33.7;19.0;0.0
23/10/1983;17.8;23.0;15.6;44.1
24/10/1983;17.0;23.5;8.4;0.0
25/10/1983;19.2;25.7;12.2;0.0
26/10/1983;21.8;26.8;17.6;0.0
27/10/1983;23.3;29.2;17.8;0.0
28/10/1983;25.0;30.9;18.9;0.0
29/10/1983;22.5;29.0;19.9;0.0
30/10/1983;20.4;23.7;18.9;41.4
31/10/1983;23.0;28.9;19.4;9.1
01/11/1983;21.5;28.5;18.3;0.0
02/11/1983;20.6;25.2;18.2;2.1
03/11/1983;22.1;27.8;18.7;20.5
04/11/1983;22.0;29.7;15.8;0.0
05/11/1983;23.4;31.6;15.0;0.0
06/11/1983;25.7;33.2;16.2;0.0
07/11/1983;24.2;32.8;20.3;0.0
08/11/1983;24.2;31.2;17.4;7.0
09/11/1983;23.8;30.4;20.0;0.0
10/11/1983;21.5;23.8;20.4;0.0
11/11/1983;24.9;30.7;20.0;6.4
12/11/1983;24.0;32.2;19.8;0.0
13/11/1983;19.9;25.7;16.2;8.0
14/11/1983;18.7;23.3;15.2;0.0
15/11/1983;19.7;27.2;12.6;0.1
16/11/1983;22.1;30.0;12.6;0.0
17/11/1983;26.0;33.4;16.2;0.0
18/11/1983;25.6;33.1;21.1;0.0
19/11/1983;21.6;25.8;19.9;12.8
20/11/1983;23.7;28.9;19.6;38.9
21/11/1983;23.8;32.2;19.9;0.0
22/11/1983;19.8;25.1;16.4;36.0
23/11/1983;21.4;29.5;12.4;0.0
24/11/1983;24.3;31.6;15.5;0.0
25/11/1983;26.3;33.2;18.6;0.0
26/11/1983;26.7;33.8;18.4;0.0
27/11/1983;26.4;33.8;19.4;0.0
28/11/1983;25.1;31.6;19.4;15.4
29/11/1983;25.0;31.5;19.0;0.0
30/11/1983;25.9;31.7;19.5;0.0
01/12/1983;26.0;31.2;20.3;0.0
02/12/1983;24.9;31.2;20.1;1.8
03/12/1983;24.3;29.6;19.8;0.0
04/12/1983;24.8;31.3;18.4;0.0
05/12/1983;25.2;32.0;19.7;0.0
06/12/1983;25.5;31.6;19.6;23.4
07/12/1983;26.2;32.7;19.7;0.0
08/12/1983;25.3;33.3;19.6;0.0
09/12/1983;23.4;32.2;19.9;12.4
10/12/1983;24.5;33.0;18.7;4.1
11/12/1983;24.8;33.0;18.4;0.0
12/12/1983;24.4;34.0;18.5;0.0
13/12/1983;25.6;33.1;19.7;6.2
14/12/1983;26.0;33.2;19.4;0.0
15/12/1983;26.8;34.5;19.7;0.0
16/12/1983;26.8;32.6;21.9;0.0
17/12/1983;25.4;32.2;20.8;0.0
18/12/1983;23.7;29.1;20.7;0.0
19/12/1983;23.4;26.9;21.0;1.3
20/12/1983;24.3;30.8;19.8;28.4
21/12/1983;22.1;25.1;19.9;0.2
22/12/1983;24.2;30.2;19.5;5.7
23/12/1983;25.8;31.8;19.8;0.0
24/12/1983;26.3;33.0;20.2;0.0
25/12/1983;25.7;30.7;20.2;0.0
26/12/1983;24.4;30.5;18.8;0.0
27/12/1983;22.7;29.6;19.3;0.0
28/12/1983;22.9;28.8;20.1;28.2
29/12/1983;23.7;30.0;19.6;6.0
30/12/1983;24.5;30.7;20.4;5.0
31/12/1983;24.7;30.2;21.9;0.0
01/01/1984;25.3;30.2;21.5;0.0
02/01/1984;26.2;31.0;20.7;0.0
03/01/1984;25.1;32.4;22.0;0.0
04/01/1984;23.8;29.5;21.6;0.1
05/01/1984;25.4;32.2;19.6;9.6
06/01/1984;26.5;33.4;20.6;0.0
07/01/1984;27.7;34.6;22.6;0.0
08/01/1984;25.9;31.6;21.8;0.0
09/01/1984;24.7;31.0;21.2;12.2
10/01/1984;26.4;32.1;22.1;15.7
11/01/1984;24.1;30.4;21.4;0.0
12/01/1984;25.2;31.1;19.4;8.3
13/01/1984;25.4;32.1;21.1;0.0
14/01/1984;25.2;32.4;20.2;2.6
15/01/1984;25.1;33.6;20.2;0.0
16/01/1984;26.3;33.7;20.4;3.9
17/01/1984;26.8;35.2;19.8;0.0
18/01/1984;27.8;35.3;20.5;0.0
19/01/1984;23.8;29.2;20.5;36.5
20/01/1984;23.2;29.8;20.0;0.3
21/01/1984;24.3;31.3;19.3;12.9
22/01/1984;23.8;29.1;20.8;0.0
23/01/1984;24.2;29.2;20.7;19.1
24/01/1984;23.3;27.4;20.5;0.0
25/01/1984;23.9;31.5;18.7;0.0
26/01/1984;23.6;30.9;20.1;0.0
27/01/1984;24.1;30.5;19.1;0.0
28/01/1984;22.5;24.6;21.2;0.5
29/01/1984;23.7;28.0;21.4;8.4
30/01/1984;24.4;32.2;21.8;0.1
31/01/1984;24.7;31.7;20.4;7.2
01/02/1984;23.9;30.1;21.7;1.4
02/02/1984;25.6;32.5;18.8;7.9
03/02/1984;26.2;33.9;21.1;0.0
04/02/1984;26.2;32.7;20.5;0.0
05/02/1984;23.9;31.8;19.9;14.2
06/02/1984;23.7;30.6;19.7;0.0
07/02/1984;24.3;29.8;18.5;4.4
08/02/1984;25.3;30.5;20.8;0.0
09/02/1984;26.2;32.0;22.0;0.0
10/02/1984;25.2;30.3;22.0;0.1
11/02/1984;27.2;33.0;20.7;0.0
12/02/1984;26.3;32.1;22.6;0.0
13/02/1984;23.7;30.0;20.3;0.0
14/02/1984;23.2;31.2;19.9;5.6
15/02/1984;25.3;32.3;19.5;12.5
16/02/1984;26.6;33.9;21.2;0.0
17/02/1984;24.6;32.9;19.7;0.0
18/02/1984;25.1;33.2;20.4;0.0
19/02/1984;24.3;32.5;21.0;4.6
20/02/1984;25.7;31.5;20.8;9.0
21/02/1984;26.2;32.3;20.8;0.0
22/02/1984;25.7;33.2;20.4;0.0
23/02/1984;27.0;33.7;20.2;0.0
24/02/1984;27.6;34.3;21.8;0.0
25/02/1984;26.0;31.9;22.8;0.0
26/02/1984;25.1;32.4;21.2;0.0
27/02/1984;23.2;30.0;19.2;0.4
28/02/1984;24.8;33.3;21.5;7.0
29/02/1984;24.6;34.2;19.5;0.0
01/03/1984;24.7;32.7;19.7;0.2
02/03/1984;24.4;32.5;19.8;0.0
03/03/1984;25.1;33.2;20.5;2.9
04/03/1984;26.6;33.4;21.4;0.0
05/03/1984;25.7;32.5;22.4;0.2
06/03/1984;23.8;30.8;21.2;0.0
07/03/1984;26.3;33.6;20.6;32.0
08/03/1984;26.1;33.0;21.4;0.0
09/03/1984;26.2;33.4;21.5;0.6
10/03/1984;24.9;32.2;21.1;0.0
11/03/1984;23.1;31.2;16.2;0.0
12/03/1984;23.6;33.1;15.9;0.0
13/03/1984;23.9;31.6;16.4;0.0
14/03/1984;24.2;31.1;17.8;0.0
15/03/1984;25.8;32.2;19.7;0.0
16/03/1984;26.8;33.3;22.2;0.0
17/03/1984;24.2;31.0;22.2;3.1
18/03/1984;24.9;32.2;21.1;48.9
19/03/1984;23.7;30.6;21.5;38.4
20/03/1984;24.2;31.3;21.0;7.7
21/03/1984;24.7;30.8;20.9;14.0
22/03/1984;25.1;31.7;19.7;0.0
23/03/1984;25.8;30.8;22.0;0.0
24/03/1984;25.0;31.6;21.4;0.0
25/03/1984;24.8;30.2;22.2;38.2
26/03/1984;24.9;31.1;20.9;2.6
27/03/1984;24.1;30.0;21.2;0.0
28/03/1984;24.2;29.0;20.8;0.3
29/03/1984;22.8;28.9;20.5;0.0
30/03/1984;23.1;30.1;19.0;2.1
31/03/1984;22.1;26.3;18.8;0.0
01/04/1984;22.8;26.4;19.8;0.0
02/04/1984;21.8;26.4;17.4;1.7
03/04/1984;19.3;24.8;14.9;0.0
04/04/1984;19.2;25.7;16.2;0.0
05/04/1984;18.6;26.7;10.7;0.0
06/04/1984;18.9;26.7;11.9;0.0
07/04/1984;20.6;28.2;12.8;0.0
08/04/1984;21.8;28.7;11.3;0.0
09/04/1984;24.1;29.8;20.0;0.0
10/04/1984;23.1;29.8;19.2;0.0
11/04/1984;22.0;28.7;17.1;0.0
12/04/1984;22.2;29.0;16.4;0.0
13/04/1984;19.7;22.9;17.3;15.6
14/04/1984;21.8;28.9;18.2;11.1
15/04/1984;23.2;30.3;19.8;17.1
16/04/1984;24.9;30.7;19.5;4.0
17/04/1984;23.2;30.7;19.4;0.0
18/04/1984;22.9;29.5;19.4;14.8
19/04/1984;23.9;29.5;19.1;20.4
20/04/1984;24.7;31.0;20.4;0.0
21/04/1984;24.5;31.6;19.5;0.0
22/04/1984;25.1;31.2;19.7;0.0
23/04/1984;25.2;31.2;20.9;0.0
24/04/1984;18.1;25.2;16.1;3.6
25/04/1984;15.0;22.7;9.3;1.1
26/04/1984;18.0;25.7;9.6;0.0
27/04/1984;22.1;26.7;17.8;0.2
28/04/1984;22.4;28.8;16.6;0.0
29/04/1984;19.6;23.7;18.0;0.0
30/04/1984;19.1;22.5;16.6;17.0
01/05/1984;19.7;24.8;15.9;0.1
02/05/1984;22.1;27.8;17.4;0.0
03/05/1984;22.8;28.8;19.2;0.0
04/05/1984;24.7;31.2;19.5;0.0
05/05/1984;24.9;31.4;22.2;0.0
06/05/1984;25.0;31.9;19.6;0.5
07/05/1984;25.4;31.9;19.2;0.0
08/05/1984;25.6;31.6;21.3;0.0
09/05/1984;25.5;32.5;20.2;0.0
10/05/1984;23.3;31.9;19.9;0.0
11/05/1984;21.7;25.1;19.2;1.5
12/05/1984;15.1;22.0;11.9;7.4
13/05/1984;10.1;11.9;9.3;5.3
14/05/1984;13.5;15.9;10.2;9.7
15/05/1984;16.1;21.3;12.9;8.6
16/05/1984;17.7;21.5;13.1;0.0
17/05/1984;21.7;28.1;17.4;0.0
18/05/1984;22.4;29.0;16.3;0.0
19/05/1984;23.7;31.4;18.9;0.0
20/05/1984;23.6;30.6;18.6;0.0
21/05/1984;23.4;30.7;18.7;0.0
22/05/1984;22.4;30.2;16.4;0.0
23/05/1984;21.3;29.4;15.7;0.0
24/05/1984;22.7;30.9;14.4;0.0
25/05/1984;23.2;31.0;18.2;0.0
26/05/1984;23.9;31.2;18.1;0.0
27/05/1984;23.2;30.9;17.9;0.0
28/05/1984;22.8;30.5;16.8;0.0
29/05/1984;17.4;27.7;12.6;0.0
30/05/1984;11.5;14.2;9.8;10.5
31/05/1984;14.1;19.3;9.0;1.5
01/06/1984;20.0;28.5;13.0;0.0
02/06/1984;22.0;29.7;16.5;0.0
03/06/1984;21.7;29.6;16.6;0.0
04/06/1984;20.1;27.4;17.0;0.0
05/06/1984;16.8;19.9;15.5;0.0
06/06/1984;16.0;20.8;13.2;0.0
07/06/1984;15.4;17.5;13.6;0.0
08/06/1984;18.4;23.8;14.2;0.0
09/06/1984;15.1;19.3;12.6;0.0
10/06/1984;10.6;17.7;4.8;7.5
11/06/1984;16.0;25.5;6.6;0.0
12/06/1984;20.7;27.9;14.4;0.0
13/06/1984;19.3;26.0;11.7;0.0
14/06/1984;22.9;30.1;18.4;0.0
15/06/1984;22.8;30.4;16.8;0.0
16/06/1984;22.3;29.8;17.2;0.0
17/06/1984;21.9;29.0;16.3;0.0
18/06/1984;21.7;29.8;16.2;0.0
19/06/1984;20.7;29.1;14.0;0.0
20/06/1984;19.6;28.1;11.8;0.0
21/06/1984;20.7;30.4;14.4;0.0
22/06/1984;20.5;30.7;13.3;0.0
23/06/1984;21.1;30.2;14.5;0.0
24/06/1984;20.3;29.6;12.6;0.0
25/06/1984;20.9;30.5;12.7;0.0
26/06/1984;17.1;29.9;12.0;0.0
27/06/1984;9.8;15.6;5.3;0.0
28/06/1984;12.7;16.4;8.7;0.0
29/06/1984;15.9;23.6;10.0;3.1
30/06/1984;16.8;24.5;10.7;0.0
01/07/1984;18.8;28.4;12.2;0.0
02/07/1984;21.9;29.8;14.7;0.0
03/07/1984;23.6;30.5;15.8;0.0
04/07/1984;24.5;30.4;20.4;0.0
05/07/1984;24.0;31.3;19.5;0.0
06/07/1984;24.1;31.6;18.8;0.0
07/07/1984;24.0;32.1;19.4;0.0
08/07/1984;22.8;32.6;17.9;0.0
09/07/1984;21.7;31.5;14.4;0.0
10/07/1984;20.8;31.0;12.8;0.0
11/07/1984;21.2;31.1;15.1;0.0
12/07/1984;21.5;31.6;14.4;0.0
13/07/1984;20.0;29.0;15.1;0.0
14/07/1984;20.4;28.0;15.0;0.0
15/07/1984;20.6;28.9;14.0;0.0
16/07/1984;22.3;31.0;13.9;0.0
17/07/1984;22.4;31.5;15.3;0.0
18/07/1984;22.8;31.7;16.4;0.0
19/07/1984;21.1;30.4;14.6;0.0
20/07/1984;20.8;30.6;13.5;0.0
21/07/1984;15.3;21.4;11.2;0.0
22/07/1984;9.5;17.1;5.5;0.0
23/07/1984;10.5;19.5;2.2;0.0
24/07/1984;13.7;22.7;6.2;0.0
25/07/1984;15.3;25.2;7.8;0.0
26/07/1984;16.3;26.5;7.8;0.0
27/07/1984;18.7;26.9;11.4;0.0
28/07/1984;16.9;23.8;12.0;0.0
29/07/1984;14.9;24.2;7.5;0.0
30/07/1984;17.4;26.1;11.3;0.0
31/07/1984;20.3;30.0;13.0;0.0
01/08/1984;22.5;32.0;14.4;0.0
02/08/1984;16.0;24.2;12.7;0.0
03/08/1984;13.6;20.4;7.8;32.4
04/08/1984;20.6;30.8;11.4;0.0
05/08/1984;25.4;33.4;19.0;0.0
06/08/1984;25.4;33.5;19.1;0.0
07/08/1984;21.7;30.8;17.1;0.0
08/08/1984;23.2;31.4;15.9;0.0
09/08/1984;23.4;31.8;17.0;0.0
10/08/1984;24.2;33.5;18.3;0.0
11/08/1984;23.7;34.0;15.4;0.0
12/08/1984;21.1;32.2;15.2;0.0
13/08/1984;16.5;22.6;14.4;0.0
14/08/1984;15.9;24.9;10.6;0.0
15/08/1984;13.8;17.6;12.8;0.0
16/08/1984;13.4;21.2;7.3;0.0
17/08/1984;15.5;24.1;8.1;0.0
18/08/1984;16.8;24.6;10.1;0.0
19/08/1984;15.4;18.0;9.7;0.0
20/08/1984;18.8;22.2;16.1;0.8
21/08/1984;19.5;24.1;15.9;7.3
22/08/1984;19.4;23.9;17.0;10.0
23/08/1984;18.3;24.3;13.1;0.0
24/08/1984;13.1;20.4;9.1;0.0
25/08/1984;7.3;14.0;5.3;4.2
26/08/1984;8.1;16.5;-0.8;0.0
27/08/1984;11.4;20.3;2.5;0.0
28/08/1984;14.1;23.0;6.2;0.0
29/08/1984;14.2;23.0;7.2;0.0
30/08/1984;17.0;25.8;8.7;0.0
31/08/1984;20.0;28.6;13.8;0.0
01/09/1984;21.7;29.9;14.7;0.0
02/09/1984;22.6;31.2;14.0;0.0
03/09/1984;22.6;31.4;14.6;0.0
04/09/1984;22.8;31.4;16.4;0.0
05/09/1984;24.5;33.7;16.1;0.0
06/09/1984;19.9;26.4;19.9;4.0
07/09/1984;18.6;24.1;14.9;22.4
08/09/1984;19.8;27.2;15.8;0.0
09/09/1984;20.8;29.7;14.0;5.6
10/09/1984;20.3;29.8;13.3;0.0
11/09/1984;20.6;28.4;13.7;0.0
12/09/1984;21.3;29.7;14.9;0.0
13/09/1984;22.6;32.8;12.8;0.0
14/09/1984;23.8;34.8;15.8;0.0
15/09/1984;22.3;28.8;18.2;2.4
16/09/1984;19.6;23.2;16.8;0.0
17/09/1984;20.0;27.2;13.8;5.1
18/09/1984;23.9;31.3;17.2;0.0
19/09/1984;26.6;33.5;19.5;0.0
20/09/1984;16.9;27.7;13.6;71.0
21/09/1984;17.8;23.7;12.9;7.4
22/09/1984;18.6;26.9;10.5;0.0
23/09/1984;22.3;30.0;13.7;0.0
24/09/1984;25.9;34.5;18.4;0.0
25/09/1984;26.3;32.9;21.5;0.0
26/09/1984;19.0;26.1;16.1;0.3
27/09/1984;13.7;19.4;12.0;16.3
28/09/1984;14.7;23.1;6.9;0.0
29/09/1984;17.5;26.2;9.3;0.0
30/09/1984;20.3;28.7;10.8;0.0
01/10/1984;23.3;32.0;14.6;0.0
02/10/1984;25.7;34.6;16.0;0.0
03/10/1984;27.6;35.0;20.0;0.0
04/10/1984;28.0;35.6;22.2;0.0
05/10/1984;28.2;36.2;20.6;0.0
06/10/1984;25.2;30.0;22.3;0.0
07/10/1984;26.3;33.8;19.5;0.0
08/10/1984;27.3;34.0;20.6;0.0
09/10/1984;24.6;36.3;20.1;0.0
10/10/1984;20.2;23.6;18.2;47.0
11/10/1984;25.1;31.4;19.2;5.8
12/10/1984;25.5;31.1;21.0;0.0
13/10/1984;25.9;33.8;19.9;0.0
14/10/1984;22.6;24.9;21.0;0.0
15/10/1984;24.9;31.8;18.9;1.3
16/10/1984;25.7;30.8;21.4;0.0
17/10/1984;25.8;35.3;21.9;0.0
18/10/1984;23.7;28.3;20.3;0.0
19/10/1984;24.2;30.4;18.0;0.0
20/10/1984;23.9;30.4;18.3;0.0
21/10/1984;25.6;32.6;19.4;0.0
22/10/1984;27.1;34.8;18.5;0.0
23/10/1984;25.7;34.7;19.7;0.0
24/10/1984;25.0;30.7;20.8;4.0
25/10/1984;26.7;33.6;19.4;0.0
26/10/1984;27.0;33.8;21.3;0.0
27/10/1984;27.7;34.3;19.8;0.0
28/10/1984;28.4;35.7;21.0;0.0
29/10/1984;28.1;35.6;21.4;0.0
30/10/1984;26.1;34.8;21.8;0.0
31/10/1984;22.9;26.5;20.3;2.8
01/11/1984;26.5;35.9;19.5;1.9
02/11/1984;29.1;37.5;22.2;0.0
03/11/1984;21.2;28.5;19.2;0.5
04/11/1984;22.0;25.5;18.2;24.4
05/11/1984;23.4;30.4;20.8;0.0
06/11/1984;24.1;28.8;20.8;40.8
07/11/1984;25.3;30.6;20.4;0.5
08/11/1984;27.4;33.4;22.8;0.0
09/11/1984;22.8;26.7;20.5;0.0
10/11/1984;23.1;27.5;19.4;27.2
11/11/1984;23.3;28.1;20.6;0.0
12/11/1984;20.5;24.3;18.5;57.3
13/11/1984;24.4;30.4;17.4;1.2
14/11/1984;25.0;31.3;19.2;0.0
15/11/1984;26.9;33.7;20.3;0.0
16/11/1984;27.4;33.3;21.6;0.0
17/11/1984;26.0;32.1;21.8;0.0
18/11/1984;25.9;30.0;21.1;0.0
19/11/1984;24.7;31.9;21.5;0.0
20/11/1984;24.5;31.9;21.2;16.6
21/11/1984;22.8;29.5;20.5;3.9
22/11/1984;24.4;30.7;19.0;8.3
23/11/1984;25.8;31.0;21.2;0.0
24/11/1984;22.1;26.0;20.2;7.8
25/11/1984;24.6;30.5;20.8;2.9
26/11/1984;22.5;26.4;20.8;0.6
27/11/1984;24.4;30.0;18.9;29.0
28/11/1984;25.8;31.5;19.8;0.0
29/11/1984;25.8;32.4;20.2;0.0
30/11/1984;25.4;32.4;21.8;0.0
01/12/1984;23.7;29.8;21.2;6.4
02/12/1984;24.3;29.5;20.7;46.5
03/12/1984;25.1;31.8;19.6;0.0
04/12/1984;26.2;32.8;18.3;0.0
05/12/1984;25.4;31.9;20.9;0.0
06/12/1984;25.4;30.1;22.2;0.4
07/12/1984;23.8;28.4;21.4;49.0
08/12/1984;24.2;30.8;18.6;0.0
09/12/1984;25.3;31.6;19.9;0.3
10/12/1984;26.1;33.2;19.9;0.0
11/12/1984;24.7;32.4;20.1;0.0
12/12/1984;25.7;32.5;20.6;0.2
13/12/1984;21.5;25.4;19.3;1.4
14/12/1984;22.8;27.7;19.1;72.0
15/12/1984;23.1;27.4;21.0;0.0
16/12/1984;22.8;30.2;19.0;0.0
17/12/1984;21.3;25.5;18.5;28.0
18/12/1984;22.2;28.5;18.4;0.0
19/12/1984;22.9;29.8;15.1;0.0
20/12/1984;23.5;31.8;11.4;0.0
21/12/1984;25.8;33.8;19.2;0.0
22/12/1984;23.6;30.3;19.2;0.0
23/12/1984;24.5;32.0;15.5;0.0
24/12/1984;21.8;27.3;19.0;0.0
25/12/1984;22.9;27.2;18.6;4.4
26/12/1984;24.5;28.9;20.0;7.6
27/12/1984;23.9;26.6;21.8;2.4
28/12/1984;22.7;25.7;20.4;1.1
29/12/1984;23.8;27.9;20.1;1.2
30/12/1984;26.0;31.2;22.4;17.8
31/12/1984;23.7;30.2;20.7;2.8
01/01/1985;24.5;31.1;18.6;13.0
02/01/1985;27.0;32.7;20.8;0.0
03/01/1985;25.8;31.1;21.0;0.0
04/01/1985;26.1;32.0;20.3;0.0
05/01/1985;26.6;33.0;20.2;0.0
06/01/1985;26.3;33.0;22.6;0.0
07/01/1985;23.8;29.2;21.9;0.0
08/01/1985;23.7;28.8;20.8;9.0
09/01/1985;24.7;30.2;20.3;0.0
10/01/1985;23.7;29.5;18.1;0.0
11/01/1985;23.6;30.5;16.9;0.0
12/01/1985;24.7;31.8;16.8;0.0
13/01/1985;25.8;33.3;18.2;0.0
14/01/1985;25.8;31.0;21.7;0.0
15/01/1985;24.7;31.0;21.0;10.8
16/01/1985;24.8;31.1;20.4;9.2
17/01/1985;25.1;30.5;20.0;2.4
18/01/1985;25.1;30.9;20.2;0.0
19/01/1985;25.9;31.6;19.4;0.0
20/01/1985;26.6;32.4;19.1;0.0
21/01/1985;25.6;33.7;20.7;0.0
22/01/1985;25.0;32.4;20.8;0.0
23/01/1985;25.8;31.2;21.8;0.1
24/01/1985;24.7;29.2;21.4;0.0
25/01/1985;25.5;30.2;21.8;0.0
26/01/1985;23.5;28.8;20.1;0.0
27/01/1985;23.4;30.0;19.8;0.0
28/01/1985;23.9;31.5;18.7;0.0
29/01/1985;24.9;32.7;18.4;0.0
30/01/1985;26.1;34.1;18.7;0.0
31/01/1985;26.9;35.8;21.1;0.0
01/02/1985;25.7;33.8;20.8;0.5
02/02/1985;24.1;31.0;21.4;1.0
03/02/1985;25.8;32.6;21.0;2.0
04/02/1985;25.0;30.8;21.4;0.0
05/02/1985;24.7;33.2;19.0;5.4
06/02/1985;25.5;34.6;20.7;0.0
07/02/1985;27.0;35.3;20.4;0.0
08/02/1985;26.9;35.4;21.7;0.0
09/02/1985;25.6;34.3;21.7;0.0
10/02/1985;26.2;34.1;22.1;0.0
11/02/1985;24.8;33.2;21.1;21.4
12/02/1985;23.1;28.8;21.1;7.0
13/02/1985;25.3;31.2;21.4;0.0
14/02/1985;25.6;32.2;21.6;0.0
15/02/1985;25.2;32.8;21.2;2.1
16/02/1985;24.9;32.4;22.0;10.0
17/02/1985;24.7;32.8;21.3;0.5
18/02/1985;26.3;33.5;20.8;1.0
19/02/1985;26.0;32.2;22.2;4.5
20/02/1985;26.1;32.9;22.2;0.0
21/02/1985;26.1;32.6;21.6;0.0
22/02/1985;24.2;31.7;21.7;3.4
23/02/1985;24.4;30.0;20.8;9.0
24/02/1985;23.0;29.5;20.8;0.0
25/02/1985;23.8;30.5;18.8;45.7
26/02/1985;25.1;31.0;21.5;0.0
27/02/1985;24.3;30.1;22.0;0.8
28/02/1985;22.6;25.1;21.6;0.0
01/03/1985;23.2;28.2;19.7;3.2
02/03/1985;23.8;29.0;21.6;0.0
03/03/1985;23.5;28.0;20.7;17.6
04/03/1985;21.4;23.7;20.6;22.7
05/03/1985;22.3;26.9;19.3;11.6
06/03/1985;22.9;30.1;19.9;0.0
07/03/1985;24.4;30.7;19.8;0.0
08/03/1985;24.0;30.2;20.8;2.5
09/03/1985;24.3;30.4;19.8;19.4
10/03/1985;23.8;29.0;21.5;28.3
11/03/1985;21.6;28.5;15.6;0.0
12/03/1985;22.6;29.6;16.0;0.0
13/03/1985;24.5;31.3;16.9;0.0
14/03/1985;22.2;27.0;20.7;11.8
15/03/1985;22.5;25.7;20.0;66.0
16/03/1985;20.5;22.5;19.1;90.1
17/03/1985;22.5;28.9;18.1;122.2
18/03/1985;23.6;30.2;18.6;0.0
19/03/1985;24.2;30.9;16.8;0.0
20/03/1985;25.1;31.6;21.0;0.0
21/03/1985;25.7;32.2;19.8;2.1
22/03/1985;25.6;32.3;22.5;0.0
23/03/1985;25.8;31.6;22.2;4.0
24/03/1985;26.1;32.7;21.4;2.0
25/03/1985;26.1;33.2;21.4;0.7
26/03/1985;25.2;32.9;21.6;4.8
27/03/1985;26.3;34.0;21.4;4.4
28/03/1985;27.1;33.6;21.9;0.0
29/03/1985;25.3;32.6;21.9;0.0
30/03/1985;25.9;32.5;20.3;17.5
31/03/1985;26.0;32.4;21.4;0.0
01/04/1985;25.4;31.3;22.4;0.0
02/04/1985;25.2;32.0;21.6;2.2
03/04/1985;26.5;33.0;21.4;0.3
04/04/1985;20.0;26.1;17.8;0.0
05/04/1985;17.7;19.5;15.3;4.2
06/04/1985;23.2;29.3;18.4;6.4
07/04/1985;23.4;31.3;19.4;0.0
08/04/1985;24.4;31.6;19.3;42.7
09/04/1985;24.7;30.1;20.0;0.0
10/04/1985;23.2;31.1;20.4;0.0
11/04/1985;23.4;30.0;18.4;3.8
12/04/1985;24.2;30.4;18.5;0.0
13/04/1985;23.7;29.2;20.1;0.0
14/04/1985;23.7;30.7;20.2;0.0
15/04/1985;24.1;31.0;20.1;3.1
16/04/1985;24.3;29.9;20.8;28.8
17/04/1985;25.5;31.9;20.9;0.0
18/04/1985;23.5;28.5;21.0;0.2
19/04/1985;23.6;28.8;18.7;0.0
20/04/1985;22.3;28.9;18.0;0.0
21/04/1985;21.2;27.2;17.3;0.0
22/04/1985;21.9;28.9;16.0;0.0
23/04/1985;22.2;29.2;17.3;0.0
24/04/1985;21.6;28.2;16.0;0.0
25/04/1985;20.5;24.2;17.2;0.0
26/04/1985;22.6;29.0;16.2;0.2
27/04/1985;24.0;31.0;19.1;0.0
28/04/1985;22.9;28.2;19.3;0.0
29/04/1985;22.5;26.4;20.6;12.0
30/04/1985;16.4;21.6;14.9;0.5
01/05/1985;16.1;22.0;12.3;0.0
02/05/1985;17.7;23.6;13.8;0.0
03/05/1985;18.9;24.0;14.9;0.0
04/05/1985;21.6;28.1;17.5;0.0
05/05/1985;21.6;28.8;18.7;0.0
06/05/1985;19.5;26.8;14.4;0.0
07/05/1985;22.3;30.9;14.2;0.0
08/05/1985;23.9;31.4;17.3;0.0
09/05/1985;19.7;25.3;17.4;30.4
10/05/1985;15.6;23.8;11.4;0.3
11/05/1985;15.7;24.3;8.0;0.0
12/05/1985;17.1;24.8;10.2;0.0
13/05/1985;19.2;26.0;14.9;0.0
14/05/1985;18.7;26.7;11.7;0.0
15/05/1985;19.8;28.0;13.0;0.0
16/05/1985;20.9;29.2;13.1;0.0
17/05/1985;22.6;30.4;16.5;0.0
18/05/1985;23.4;31.4;17.8;0.0
19/05/1985;18.7;23.2;16.5;0.0
20/05/1985;18.3;20.4;14.6;28.1
21/05/1985;22.1;29.4;19.4;0.6
22/05/1985;20.2;25.2;16.6;10.2
23/05/1985;22.1;27.6;17.7;0.0
24/05/1985;20.9;28.5;14.7;0.0
25/05/1985;21.6;28.7;16.8;0.0
26/05/1985;22.4;29.4;16.4;0.0
27/05/1985;23.7;30.6;17.7;0.0
28/05/1985;22.9;29.3;18.0;0.0
29/05/1985;21.9;29.4;16.6;0.0
30/05/1985;20.4;26.9;15.7;0.0
31/05/1985;20.5;28.1;16.1;0.0
01/06/1985;21.9;29.7;14.9;0.0
02/06/1985;19.2;23.2;17.2;5.0
03/06/1985;12.1;19.5;10.1;5.7
04/06/1985;11.6;20.3;5.0;0.0
05/06/1985;13.6;21.9;6.3;0.0
06/06/1985;12.2;20.2;8.3;0.0
07/06/1985;7.1;15.1;3.3;0.0
08/06/1985;7.3;12.6;1.1;0.0
09/06/1985;9.5;16.0;5.3;0.0
10/06/1985;9.5;17.8;2.6;0.0
11/06/1985;12.0;20.2;5.7;0.0
12/06/1985;14.4;23.4;6.4;0.0
13/06/1985;17.9;26.9;9.7;0.0
14/06/1985;19.4;29.2;12.4;0.0
15/06/1985;20.8;30.7;15.2;0.0
16/06/1985;20.8;30.9;12.3;0.0
17/06/1985;21.4;29.5;15.4;0.0
18/06/1985;20.3;28.6;14.2;0.0
19/06/1985;18.1;26.5;9.9;0.0
20/06/1985;20.0;29.4;13.6;0.0
21/06/1985;19.7;28.7;12.8;0.0
22/06/1985;18.5;25.2;14.1;0.0
23/06/1985;19.3;26.5;14.0;0.0
24/06/1985;19.8;28.2;13.5;0.0
25/06/1985;19.2;28.1;12.6;0.0
26/06/1985;18.5;27.5;10.8;0.0
27/06/1985;18.8;27.8;10.3;0.0
28/06/1985;21.2;30.0;14.4;0.0
29/06/1985;21.8;30.0;14.8;0.0
30/06/1985;20.9;27.4;17.3;0.0
01/07/1985;17.3;20.1;15.4;26.8
02/07/1985;15.3;18.7;11.0;3.0
03/07/1985;19.2;24.4;15.3;0.7
04/07/1985;22.6;29.8;17.1;0.0
05/07/1985;14.9;23.4;10.7;1.5
06/07/1985;7.7;13.7;4.8;4.6
07/07/1985;9.0;16.2;2.1;0.0
08/07/1985;12.9;21.4;5.2;0.0
09/07/1985;16.8;25.8;8.9;0.0
10/07/1985;14.1;19.3;9.7;0.0
11/07/1985;8.4;15.5;2.6;0.0
12/07/1985;12.2;20.2;5.0;0.0
13/07/1985;16.9;25.0;10.4;0.0
14/07/1985;17.1;25.0;11.2;0.0
15/07/1985;16.2;24.7;9.9;0.0
16/07/1985;16.4;25.0;9.3;0.0
17/07/1985;18.1;26.4;12.2;0.0
18/07/1985;17.8;26.5;11.1;0.0
19/07/1985;17.7;26.2;11.0;0.0
20/07/1985;18.0;26.2;11.7;0.0
21/07/1985;17.6;26.4;11.0;0.0
22/07/1985;17.5;26.2;10.7;0.0
23/07/1985;18.0;26.4;12.5;0.0
24/07/1985;17.0;25.0;12.1;0.0
25/07/1985;18.5;26.7;11.9;0.0
26/07/1985;18.6;27.3;12.2;0.0
27/07/1985;18.9;29.0;12.0;0.0
28/07/1985;20.9;28.3;14.0;0.0
29/07/1985;22.7;31.6;16.4;0.0
30/07/1985;23.5;32.6;15.5;0.0
31/07/1985;20.2;23.6;18.3;0.0
01/08/1985;18.4;19.6;17.4;18.0
02/08/1985;19.4;27.2;15.9;3.5
03/08/1985;20.4;27.1;16.1;0.0
04/08/1985;19.9;29.8;13.1;0.0
05/08/1985;19.9;30.2;12.7;0.0
06/08/1985;21.1;30.0;14.6;0.0
07/08/1985;22.3;30.8;16.2;0.0
08/08/1985;17.1;24.2;13.9;0.0
09/08/1985;13.5;21.4;10.7;0.0
10/08/1985;12.1;18.3;9.4;0.0
11/08/1985;11.7;17.9;9.7;0.0
12/08/1985;12.6;19.7;5.5;0.0
13/08/1985;15.3;24.5;6.3;0.0
14/08/1985;18.0;28.6;6.5;0.0
15/08/1985;21.8;32.1;12.8;0.0
16/08/1985;21.5;32.1;12.9;0.0
17/08/1985;21.4;31.3;14.1;0.0
18/08/1985;20.4;30.6;13.1;0.0
19/08/1985;20.9;31.4;13.8;0.0
20/08/1985;19.3;25.9;16.0;0.0
21/08/1985;17.9;22.7;14.4;0.0
22/08/1985;17.7;27.0;10.3;0.1
23/08/1985;17.1;27.7;6.3;0.0
24/08/1985;20.5;29.9;12.1;0.0
25/08/1985;22.5;32.6;13.6;0.0
26/08/1985;25.6;33.3;19.3;0.0
27/08/1985;20.0;28.7;15.7;0.0
28/08/1985;18.2;26.8;11.2;0.0
29/08/1985;22.0;30.5;12.9;0.0
30/08/1985;25.5;34.2;17.4;0.0
31/08/1985;25.2;33.4;20.0;0.0
01/09/1985;17.1;23.4;14.6;20.4
02/09/1985;14.1;16.3;11.4;2.6
03/09/1985;16.9;21.7;12.8;0.8
04/09/1985;19.6;27.0;13.4;0.0
05/09/1985;20.9;29.2;13.4;0.0
06/09/1985;22.2;31.0;14.8;0.0
07/09/1985;21.7;29.8;16.1;0.0
08/09/1985;22.7;30.3;15.2;0.0
09/09/1985;24.4;32.6;16.8;0.0
10/09/1985;23.5;30.7;18.3;0.0
11/09/1985;24.4;30.5;19.5;0.0
12/09/1985;24.9;34.9;17.0;0.0
13/09/1985;26.2;34.4;18.5;0.0
14/09/1985;26.9;34.2;19.8;0.0
15/09/1985;25.7;34.4;18.8;0.0
16/09/1985;24.6;33.2;19.0;0.0
17/09/1985;22.2;31.2;17.4;0.0
18/09/1985;25.0;33.0;16.8;0.0
19/09/1985;24.3;34.2;20.0;0.0
20/09/1985;23.7;31.2;19.1;3.4
21/09/1985;24.4;33.2;16.2;0.0
22/09/1985;23.5;29.5;17.7;0.0
23/09/1985;21.8;26.0;17.9;0.0
24/09/1985;22.1;29.6;15.5;0.0
25/09/1985;22.3;31.0;14.1;0.0
26/09/1985;24.4;34.3;13.9;0.0
27/09/1985;20.5;28.0;16.5;0.0
28/09/1985;20.3;27.4;16.6;0.0
29/09/1985;18.0;24.8;11.3;0.0
30/09/1985;18.7;26.2;10.7;0.0
01/10/1985;21.4;29.4;13.2;0.0
02/10/1985;23.4;32.7;13.3;0.0
03/10/1985;24.0;33.8;10.3;0.0
04/10/1985;25.7;35.2;16.2;0.0
05/10/1985;25.2;34.2;17.0;0.0
06/10/1985;24.4;37.0;16.1;0.0
07/10/1985;21.5;29.4;19.0;8.8
08/10/1985;17.8;25.6;10.5;12.7
09/10/1985;24.4;31.5;16.0;0.0
10/10/1985;24.9;32.2;19.0;0.0
11/10/1985;25.2;34.4;18.8;0.0
12/10/1985;27.0;34.0;20.6;18.6
13/10/1985;27.4;35.0;21.0;1.4
14/10/1985;27.0;34.8;20.5;0.0
15/10/1985;27.7;35.4;19.6;0.0
16/10/1985;25.6;31.9;22.4;0.0
17/10/1985;26.5;33.6;20.4;0.0
18/10/1985;25.6;34.3;20.8;0.0
19/10/1985;24.6;32.8;20.1;0.0
20/10/1985;21.3;27.0;18.6;10.0
21/10/1985;21.7;29.4;14.4;0.0
22/10/1985;25.4;33.0;16.2;0.0
23/10/1985;22.1;27.8;16.3;0.0
24/10/1985;23.0;34.4;17.0;0.0
25/10/1985;22.8;29.7;17.8;21.5
26/10/1985;23.1;26.5;19.9;0.0
27/10/1985;25.0;32.8;19.7;3.4
28/10/1985;24.2;32.4;20.3;0.0
29/10/1985;25.4;31.6;18.6;7.0
30/10/1985;26.4;33.6;20.5;0.0
31/10/1985;26.1;32.5;21.0;0.0
01/11/1985;25.5;33.4;20.8;0.0
02/11/1985;23.0;28.8;20.6;19.1
03/11/1985;23.9;29.2;20.8;11.9
04/11/1985;20.9;26.2;18.5;0.2
05/11/1985;22.1;28.0;17.7;0.0
06/11/1985;23.7;30.9;16.0;0.0
07/11/1985;23.5;31.0;16.2;0.0
08/11/1985;25.8;34.5;15.7;0.0
09/11/1985;27.7;34.9;20.9;0.0
10/11/1985;27.9;35.3;20.9;0.0
11/11/1985;28.2;34.2;23.5;0.0
12/11/1985;27.1;35.8;20.2;0.0
13/11/1985;28.8;36.7;21.5;0.0
14/11/1985;29.9;38.3;20.7;0.0
15/11/1985;29.2;38.2;20.2;0.0
16/11/1985;30.1;39.4;20.5;0.0
17/11/1985;31.1;40.1;21.4;0.0
18/11/1985;31.0;40.2;23.4;0.0
19/11/1985;29.6;38.0;21.2;0.0
20/11/1985;27.0;37.9;21.0;0.0
21/11/1985;25.6;33.0;20.6;31.8
22/11/1985;26.4;33.1;21.2;0.0
23/11/1985;25.9;31.9;21.4;0.0
24/11/1985;22.7;27.6;20.6;31.4
25/11/1985;23.5;28.7;20.0;22.0
26/11/1985;24.3;28.4;21.9;2.3
27/11/1985;25.6;33.0;19.3;0.0
28/11/1985;24.9;31.2;17.8;0.0
29/11/1985;26.2;32.2;20.3;0.0
30/11/1985;26.8;34.5;21.3;0.0
01/12/1985;26.6;34.3;19.1;0.0
02/12/1985;26.4;34.5;18.7;0.0
03/12/1985;25.9;33.2;21.1;0.0
04/12/1985;24.4;31.8;17.3;0.2
05/12/1985;24.0;31.5;18.6;0.0
06/12/1985;26.2;33.3;17.9;0.0
07/12/1985;28.1;35.8;18.0;0.0
08/12/1985;29.4;38.0;20.1;0.0
09/12/1985;31.0;39.6;22.2;0.0
10/12/1985;30.1;39.2;23.4;0.0
11/12/1985;28.4;38.3;22.1;0.6
12/12/1985;29.0;38.8;22.5;0.0
13/12/1985;27.9;33.1;24.3;7.0
14/12/1985;25.8;30.4;22.6;0.0
15/12/1985;25.9;34.7;20.2;2.3
16/12/1985;28.1;36.0;21.4;0.3
17/12/1985;29.7;36.7;23.3;0.0
18/12/1985;28.7;38.0;23.1;0.0
19/12/1985;29.3;38.2;21.4;0.0
20/12/1985;28.8;38.8;22.0;2.6
21/12/1985;24.5;27.3;22.9;0.0
22/12/1985;26.0;32.4;19.8;9.8
23/12/1985;28.8;35.7;21.0;0.0
24/12/1985;26.9;33.7;23.1;0.0
25/12/1985;29.9;37.2;22.5;0.0
26/12/1985;28.2;35.6;22.4;0.0
27/12/1985;26.9;35.5;19.2;0.0
28/12/1985;28.1;36.6;19.0;0.0
29/12/1985;29.9;37.8;19.8;0.0
30/12/1985;28.9;39.1;23.5;0.0
31/12/1985;27.4;33.4;22.6;0.6
01/01/1986;27.1;35.1;22.0;0.0
02/01/1986;25.7;35.4;22.5;0.7
03/01/1986;25.9;32.2;21.4;0.1
04/01/1986;25.9;33.6;22.2;0.0
05/01/1986;27.6;36.2;20.4;0.3
06/01/1986;27.4;34.5;19.7;0.0
07/01/1986;28.5;34.8;21.5;0.0
08/01/1986;26.7;34.6;20.6;0.0
09/01/1986;25.8;34.6;18.9;42.9
10/01/1986;26.1;32.2;21.4;0.0
11/01/1986;27.2;33.6;22.2;0.0
12/01/1986;27.1;34.4;21.7;32.5
13/01/1986;23.7;28.1;21.0;8.5
14/01/1986;24.6;30.8;20.9;17.0
15/01/1986;26.6;32.6;20.9;1.3
16/01/1986;28.2;34.0;23.2;0.0
17/01/1986;26.2;31.3;23.8;0.0
18/01/1986;25.3;30.3;22.7;0.0
19/01/1986;24.0;29.1;22.3;1.1
20/01/1986;23.3;27.4;20.6;66.0
21/01/1986;25.2;30.2;22.6;0.0
22/01/1986;24.7;31.2;20.9;0.0
23/01/1986;24.5;29.2;21.4;3.5
24/01/1986;25.8;32.8;19.8;18.8
25/01/1986;25.2;32.2;21.0;0.7
26/01/1986;25.0;32.5;20.1;0.0
27/01/1986;24.5;31.7;20.9;0.0
28/01/1986;24.3;31.7;19.4;0.0
29/01/1986;26.8;32.9;20.2;4.2
30/01/1986;26.4;32.6;22.2;0.0
31/01/1986;25.4;30.3;23.9;1.6
01/02/1986;23.4;28.0;21.4;49.0
02/02/1986;23.3;28.0;20.7;6.7
03/02/1986;24.2;29.8;20.3;0.0
04/02/1986;25.5;31.0;20.1;0.0
05/02/1986;24.3;32.2;19.0;0.0
06/02/1986;24.3;31.6;18.9;0.0
07/02/1986;24.8;31.8;19.9;0.0
08/02/1986;24.3;31.2;19.8;5.4
09/02/1986;24.5;29.8;20.6;7.4
10/02/1986;23.7;27.1;22.3;3.2
11/02/1986;24.7;30.5;21.4;12.0
12/02/1986;23.7;30.3;21.8;0.0
13/02/1986;23.2;27.0;20.5;27.6
14/02/1986;23.2;28.6;20.6;0.0
15/02/1986;24.6;29.1;21.3;0.8
16/02/1986;23.4;26.2;20.1;9.6
17/02/1986;25.3;31.4;22.1;4.4
18/02/1986;24.7;31.2;21.7;0.5
19/02/1986;24.4;30.4;21.6;23.8
20/02/1986;24.5;30.6;21.8;2.6
21/02/1986;23.9;29.7;22.1;0.0
22/02/1986;25.2;31.1;21.7;32.0
23/02/1986;26.1;31.9;21.2;0.5
24/02/1986;27.3;32.9;21.8;0.0
25/02/1986;25.4;33.2;20.8;0.0
26/02/1986;26.7;33.0;21.5;0.0
27/02/1986;25.5;32.6;20.6;0.0
28/02/1986;24.4;31.5;21.1;0.0
01/03/1986;23.9;28.1;20.5;0.0
02/03/1986;24.3;29.1;20.8;0.0
03/03/1986;24.6;30.5;20.8;0.0
04/03/1986;24.0;30.3;19.8;0.0
05/03/1986;23.9;30.1;20.6;1.5
06/03/1986;23.9;29.4;20.3;12.7
07/03/1986;25.3;31.0;19.0;0.0
08/03/1986;24.4;32.0;21.1;0.0
09/03/1986;24.8;31.2;19.8;1.6
10/03/1986;24.8;31.6;21.4;0.0
11/03/1986;24.9;30.2;21.6;8.4
12/03/1986;24.8;30.6;20.8;22.3
13/03/1986;25.8;30.8;20.8;6.3
14/03/1986;25.5;32.2;21.7;0.0
15/03/1986;25.1;32.0;20.7;0.0
16/03/1986;25.8;32.0;20.4;0.0
17/03/1986;25.4;31.8;21.4;0.0
18/03/1986;25.7;32.7;20.8;0.0
19/03/1986;22.0;26.5;19.4;7.0
20/03/1986;24.1;31.2;17.0;0.0
21/03/1986;24.9;31.1;21.0;0.0
22/03/1986;22.8;29.6;18.0;0.0
23/03/1986;24.1;30.8;17.6;0.0
24/03/1986;25.2;31.8;19.0;0.0
25/03/1986;24.6;32.6;18.3;0.0
26/03/1986;23.4;32.1;17.8;0.0
27/03/1986;22.7;31.0;16.1;0.0
28/03/1986;24.0;31.6;16.8;0.0
29/03/1986;21.6;31.4;18.3;36.2
30/03/1986;23.8;30.8;18.2;33.0
31/03/1986;25.5;33.0;20.6;0.0
01/04/1986;26.1;32.2;22.4;0.0
02/04/1986;26.1;32.4;21.9;0.0
03/04/1986;26.3;32.6;20.8;0.0
04/04/1986;26.7;33.4;21.9;0.0
05/04/1986;26.4;32.7;22.4;4.9
06/04/1986;25.3;32.2;21.8;12.4
07/04/1986;26.4;32.6;21.7;0.0
08/04/1986;26.5;32.8;21.9;0.0
09/04/1986;26.7;33.5;21.1;0.0
10/04/1986;27.3;33.7;21.2;0.0
11/04/1986;27.5;34.3;22.7;0.0
12/04/1986;27.2;33.9;22.0;0.0
13/04/1986;26.5;33.8;22.6;0.0
14/04/1986;23.7;31.3;22.4;0.0
15/04/1986;17.0;22.3;15.3;0.6
16/04/1986;17.3;25.4;9.4;0.0
17/04/1986;20.5;27.4;14.7;0.0
18/04/1986;22.5;27.5;18.6;0.0
19/04/1986;20.5;25.1;18.6;5.5
20/04/1986;22.9;30.4;18.8;16.8
21/04/1986;25.2;32.0;20.2;4.0
22/04/1986;25.8;32.8;20.0;0.0
23/04/1986;26.1;32.2;21.7;0.0
24/04/1986;24.2;30.2;19.8;0.0
25/04/1986;24.4;32.2;17.6;0.0
26/04/1986;21.3;24.2;19.2;0.0
27/04/1986;20.0;25.5;18.1;13.2
28/04/1986;18.4;26.6;11.6;0.0
29/04/1986;19.0;25.8;14.2;0.0
30/04/1986;19.4;27.0;12.4;0.0
01/05/1986;20.1;29.4;13.7;0.0
02/05/1986;22.8;30.5;16.3;0.0
03/05/1986;22.8;30.2;16.2;0.0
04/05/1986;22.6;29.7;16.5;0.0
05/05/1986;22.5;29.7;17.1;0.0
06/05/1986;19.7;21.5;19.1;0.0
07/05/1986;20.7;25.2;17.4;5.6
08/05/1986;20.9;25.1;18.6;0.0
09/05/1986;23.4;29.8;19.4;12.0
10/05/1986;20.7;27.0;18.1;0.0
11/05/1986;21.3;29.2;16.2;19.1
12/05/1986;21.4;29.6;18.3;7.1
13/05/1986;21.1;26.8;18.1;4.6
14/05/1986;19.3;23.5;16.0;10.1
15/05/1986;23.3;28.9;19.5;0.0
16/05/1986;23.0;30.6;19.5;0.0
17/05/1986;24.0;29.6;19.3;1.4
18/05/1986;23.1;27.1;20.6;0.0
19/05/1986;23.7;29.2;20.7;15.6
20/05/1986;19.6;23.5;17.8;0.0
21/05/1986;16.3;21.5;14.4;25.1
22/05/1986;16.8;22.3;10.7;0.0
23/05/1986;21.1;27.8;15.6;0.0
24/05/1986;22.9;30.4;18.4;0.0
25/05/1986;15.8;22.5;13.8;9.2
26/05/1986;15.5;20.5;11.0;0.9
27/05/1986;20.3;28.6;13.2;0.0
28/05/1986;22.9;29.8;17.5;11.1
29/05/1986;22.0;29.2;18.5;0.0
30/05/1986;13.6;20.5;10.5;29.0
31/05/1986;8.3;15.5;4.0;1.5
01/06/1986;10.1;19.2;2.4;0.0
02/06/1986;13.1;21.8;5.6;0.0
03/06/1986;13.8;21.8;7.3;0.0
04/06/1986;17.5;25.4;10.8;0.0
05/06/1986;20.3;28.3;14.0;0.0
06/06/1986;16.8;20.9;14.8;10.5
07/06/1986;15.9;24.6;10.0;6.0
08/06/1986;17.9;25.6;12.0;0.0
09/06/1986;18.9;27.2;12.2;0.0
10/06/1986;19.7;28.2;13.3;0.0
11/06/1986;19.7;27.5;12.6;0.0
12/06/1986;19.8;27.3;14.3;0.0
13/06/1986;19.7;27.6;14.1;0.0
14/06/1986;21.4;29.3;16.8;0.0
15/06/1986;20.2;28.3;14.2;0.0
16/06/1986;20.4;28.6;15.1;0.0
17/06/1986;20.8;28.9;16.2;0.0
18/06/1986;19.7;28.2;13.8;0.0
19/06/1986;19.0;28.2;12.1;0.0
20/06/1986;19.4;27.8;13.1;0.0
21/06/1986;19.8;27.3;13.2;0.0
22/06/1986;19.4;27.2;13.4;0.0
23/06/1986;20.6;27.6;16.0;0.0
24/06/1986;21.2;29.4;15.6;0.0
25/06/1986;17.7;21.6;16.3;0.0
26/06/1986;17.7;24.2;11.3;0.0
27/06/1986;19.8;25.8;15.3;0.0
28/06/1986;20.7;27.2;15.6;0.0
29/06/1986;21.2;29.3;16.9;0.0
30/06/1986;17.6;26.8;14.8;0.0
01/07/1986;15.1;20.0;12.2;0.0
02/07/1986;13.0;17.2;10.1;0.0
03/07/1986;15.0;21.6;8.8;0.0
04/07/1986;16.0;24.2;9.5;0.0
05/07/1986;16.6;24.4;11.5;0.0
06/07/1986;16.6;23.8;11.2;0.0
07/07/1986;16.2;23.0;11.9;0.0
08/07/1986;15.7;22.8;10.4;0.0
09/07/1986;16.1;24.6;10.6;0.0
10/07/1986;16.1;23.8;10.5;0.0
11/07/1986;15.9;24.4;10.3;0.0
12/07/1986;17.5;26.5;9.6;0.0
13/07/1986;17.2;27.0;10.7;0.0
14/07/1986;18.5;27.8;11.9;0.0
15/07/1986;20.2;30.3;11.4;0.0
16/07/1986;23.3;30.3;18.0;0.0
17/07/1986;21.4;29.0;14.0;0.0
18/07/1986;22.0;30.4;15.3;0.0
19/07/1986;23.4;30.6;17.1;0.0
20/07/1986;17.0;25.2;14.0;10.5
21/07/1986;12.7;15.6;10.4;56.6
22/07/1986;13.6;17.1;9.5;0.8
23/07/1986;15.1;19.4;10.8;0.0
24/07/1986;14.7;21.9;9.1;0.0
25/07/1986;16.1;25.3;8.4;0.0
26/07/1986;17.8;27.6;8.1;0.0
27/07/1986;18.3;27.9;10.9;0.0
28/07/1986;18.4;26.2;11.6;0.0
29/07/1986;20.3;28.6;14.5;0.0
30/07/1986;19.2;28.2;16.3;0.0
31/07/1986;19.6;25.2;14.4;29.2
01/08/1986;20.3;27.1;16.0;0.0
02/08/1986;21.1;28.8;14.7;0.0
03/08/1986;22.5;31.4;16.2;0.0
04/08/1986;24.5;31.6;19.0;0.0
05/08/1986;23.8;32.2;17.7;0.0
06/08/1986;22.4;29.2;18.5;4.4
07/08/1986;21.7;29.9;15.7;0.0
08/08/1986;21.8;30.4;14.8;0.0
09/08/1986;22.1;30.4;15.2;0.0
10/08/1986;21.8;31.8;11.7;0.0
11/08/1986;21.3;29.4;16.4;0.0
12/08/1986;21.6;26.8;17.7;0.0
13/08/1986;19.1;22.4;17.8;14.0
14/08/1986;19.9;27.0;16.6;2.9
15/08/1986;15.5;18.8;13.8;23.4
16/08/1986;14.4;17.6;12.0;36.6
17/08/1986;12.7;17.5;9.3;2.5
18/08/1986;12.1;15.4;9.8;0.0
19/08/1986;14.6;18.9;11.3;0.0
20/08/1986;15.3;19.1;11.8;0.7
21/08/1986;19.7;26.6;14.3;19.0
22/08/1986;23.1;30.5;17.0;0.0
23/08/1986;21.3;26.4;19.4;4.9
24/08/1986;16.0;20.5;14.3;1.1
25/08/1986;21.1;26.7;15.4;0.5
26/08/1986;22.5;28.1;17.9;0.0
27/08/1986;23.6;30.6;18.3;0.0
28/08/1986;22.3;29.3;16.2;0.0
29/08/1986;22.4;31.2;14.6;0.0
30/08/1986;19.6;27.4;15.0;0.0
31/08/1986;19.3;25.2;15.0;0.0
01/09/1986;19.6;24.8;15.2;0.0
02/09/1986;19.0;25.4;16.0;0.0
03/09/1986;20.1;28.8;15.5;0.0
04/09/1986;14.2;19.0;12.2;27.4
05/09/1986;12.3;20.3;5.2;0.0
06/09/1986;18.2;27.1;8.3;0.0
07/09/1986;21.6;28.5;16.4;0.0
08/09/1986;21.8;29.3;16.6;0.0
09/09/1986;21.8;29.2;15.6;0.0
10/09/1986;21.8;29.4;15.9;0.0
11/09/1986;21.2;29.6;14.8;0.0
12/09/1986;22.2;31.6;14.8;0.0
13/09/1986;23.1;32.8;15.4;0.0
14/09/1986;22.8;33.0;11.9;0.0
15/09/1986;25.9;33.7;20.2;0.0
16/09/1986;25.0;30.8;19.6;0.0
17/09/1986;16.9;26.0;14.2;0.0
18/09/1986;13.8;18.0;11.4;0.0
19/09/1986;14.7;17.1;12.6;2.9
20/09/1986;19.0;24.7;15.0;4.3
21/09/1986;21.4;28.4;16.4;0.0
22/09/1986;20.7;30.7;15.9;0.0
23/09/1986;24.6;33.2;16.6;0.0
24/09/1986;23.2;34.2;18.3;0.0
25/09/1986;19.9;22.8;18.0;16.1
26/09/1986;20.9;26.7;16.5;13.4
27/09/1986;18.7;22.0;17.7;0.0
28/09/1986;15.8;20.0;13.6;7.1
29/09/1986;19.5;26.2;14.1;0.0
30/09/1986;21.4;28.6;14.7;0.0
01/10/1986;21.2;29.8;13.1;0.0
02/10/1986;23.4;32.4;14.4;0.0
03/10/1986;25.8;34.0;16.0;0.0
04/10/1986;26.5;34.6;18.5;0.0
05/10/1986;25.9;34.0;18.6;0.0
06/10/1986;27.6;35.4;19.0;0.0
07/10/1986;25.0;34.8;20.6;0.0
08/10/1986;23.0;27.6;19.1;47.1
09/10/1986;22.3;31.4;18.5;0.0
10/10/1986;18.6;24.4;16.4;22.8
11/10/1986;17.8;24.8;12.6;0.0
12/10/1986;20.1;27.2;12.8;0.0
13/10/1986;20.5;27.6;13.0;0.0
14/10/1986;22.6;30.8;13.1;0.0
15/10/1986;24.3;31.6;17.8;0.0
16/10/1986;25.7;33.7;17.2;0.0
17/10/1986;24.4;34.0;16.4;0.0
18/10/1986;17.3;22.4;15.3;1.1
19/10/1986;15.8;17.7;13.2;4.6
20/10/1986;18.9;21.1;16.4;2.2
21/10/1986;20.2;25.4;17.2;0.3
22/10/1986;20.5;27.6;13.8;2.4
23/10/1986;18.6;27.0;12.5;0.0
24/10/1986;19.0;27.6;8.5;0.0
25/10/1986;18.8;25.8;12.7;0.0
26/10/1986;21.3;30.4;10.9;0.0
27/10/1986;24.5;32.2;16.6;0.0
28/10/1986;25.9;34.8;17.8;0.0
29/10/1986;23.9;31.1;18.0;0.0
30/10/1986;27.0;35.2;19.5;0.0
31/10/1986;28.6;35.7;21.9;0.0
01/11/1986;27.9;36.5;23.0;0.0
02/11/1986;25.4;35.5;20.3;0.0
03/11/1986;26.4;34.9;20.2;6.9
04/11/1986;28.7;35.7;22.6;0.0
05/11/1986;29.5;36.8;22.9;0.0
06/11/1986;24.8;33.9;21.7;0.0
07/11/1986;27.3;34.3;20.4;14.1
08/11/1986;27.6;34.8;21.0;0.0
09/11/1986;25.9;34.4;24.1;0.0
10/11/1986;19.7;21.1;18.0;65.6
11/11/1986;19.0;23.8;16.0;6.6
12/11/1986;19.1;26.0;12.4;0.0
13/11/1986;20.1;27.0;13.4;0.0
14/11/1986;22.0;29.3;14.5;0.0
15/11/1986;24.7;33.0;16.5;0.0
16/11/1986;26.8;34.3;19.0;0.0
17/11/1986;25.8;33.6;22.4;0.1
18/11/1986;27.6;34.0;19.6;0.0
19/11/1986;26.5;34.8;23.3;0.0
20/11/1986;25.3;34.6;21.1;8.0
21/11/1986;26.5;32.6;21.4;83.9
22/11/1986;26.6;34.4;22.1;0.0
23/11/1986;23.8;30.0;21.0;0.0
24/11/1986;25.5;32.6;20.7;0.0
25/11/1986;28.3;35.4;21.4;0.0
26/11/1986;28.7;35.4;21.6;0.0
27/11/1986;28.7;35.7;20.4;0.0
28/11/1986;25.1;33.2;24.2;0.0
29/11/1986;23.0;28.1;18.8;23.5
30/11/1986;24.7;29.2;19.4;0.0
01/12/1986;23.0;27.2;19.4;0.0
02/12/1986;24.7;30.8;20.0;1.0
03/12/1986;22.6;26.8;20.0;13.2
04/12/1986;25.3;31.6;18.4;5.8
05/12/1986;26.0;33.4;21.2;0.0
06/12/1986;27.2;32.7;21.4;0.0
07/12/1986;23.9;30.7;21.6;0.0
08/12/1986;22.7;25.4;20.2;28.2
09/12/1986;25.9;31.7;21.0;28.9
10/12/1986;27.0;32.9;22.4;0.0
11/12/1986;25.2;32.2;21.2;0.0
12/12/1986;25.7;31.4;21.8;33.8
13/12/1986;25.2;29.4;22.9;0.7
14/12/1986;23.3;28.4;19.2;17.4
15/12/1986;26.2;32.3;20.6;0.0
16/12/1986;23.4;25.8;21.7;1.2
17/12/1986;23.4;28.4;21.1;28.7
18/12/1986;24.9;30.7;22.3;3.5
19/12/1986;23.2;27.2;22.0;10.0
20/12/1986;25.2;31.1;21.0;16.0
21/12/1986;25.0;32.0;21.8;0.0
22/12/1986;25.9;32.0;20.4;0.0
23/12/1986;24.5;31.9;20.0;0.0
24/12/1986;25.3;32.8;18.6;0.0
25/12/1986;25.2;32.0;18.2;0.0
26/12/1986;26.7;33.8;18.7;0.0
27/12/1986;26.5;34.2;22.0;0.0
28/12/1986;26.7;33.3;20.7;0.0
29/12/1986;25.1;32.7;20.4;0.5
30/12/1986;25.6;31.6;20.6;0.7
31/12/1986;25.8;32.6;20.5;0.0
01/01/1987;25.0;33.6;20.8;0.0
02/01/1987;23.4;27.8;20.0;0.0
03/01/1987;25.7;31.7;21.1;27.9
04/01/1987;25.6;32.7;23.2;0.0
05/01/1987;25.1;31.6;20.4;37.8
06/01/1987;24.8;32.2;21.8;3.8
07/01/1987;26.9;33.4;20.7;0.0
08/01/1987;26.7;32.8;22.4;0.0
09/01/1987;27.1;33.8;23.9;0.0
10/01/1987;27.7;33.9;22.0;0.0
11/01/1987;27.0;33.0;22.6;0.4
12/01/1987;26.2;34.1;23.0;0.0
13/01/1987;25.0;29.4;22.8;51.4
14/01/1987;26.2;31.9;21.9;6.3
15/01/1987;25.5;32.1;22.1;0.0
16/01/1987;26.2;32.6;19.8;13.7
17/01/1987;24.9;30.0;22.0;0.0
18/01/1987;24.9;31.6;19.9;6.8
19/01/1987;25.1;32.0;21.1;0.0
20/01/1987;27.9;33.6;22.3;0.0
21/01/1987;26.9;32.5;22.3;0.0
22/01/1987;25.6;31.2;22.0;0.0
23/01/1987;24.7;30.8;20.4;0.0
24/01/1987;25.1;31.8;22.6;3.8
25/01/1987;23.5;25.5;22.8;7.5
26/01/1987;24.5;28.4;21.6;2.6
27/01/1987;24.8;30.4;22.4;2.4
28/01/1987;23.7;30.2;19.4;32.0
29/01/1987;23.3;26.7;21.8;5.3
30/01/1987;21.6;24.5;19.9;5.3
31/01/1987;24.3;29.8;21.0;4.3
01/02/1987;23.7;28.8;20.4;25.0
02/02/1987;24.8;30.5;20.6;8.8
03/02/1987;24.6;30.5;21.3;0.0
04/02/1987;23.6;28.1;22.2;8.6
05/02/1987;24.4;29.0;22.0;1.6
06/02/1987;25.5;31.6;21.5;4.5
07/02/1987;25.1;32.2;21.0;0.3
08/02/1987;21.7;25.5;19.9;0.0
09/02/1987;17.4;24.1;15.0;4.4
10/02/1987;18.5;26.8;10.9;0.0
11/02/1987;21.2;28.8;14.3;0.0
12/02/1987;21.8;28.0;17.7;0.0
13/02/1987;21.5;28.5;16.3;0.0
14/02/1987;21.7;28.4;15.4;0.0
15/02/1987;23.5;30.4;18.1;0.0
16/02/1987;22.5;30.4;18.2;0.0
17/02/1987;21.9;29.4;18.7;5.5
18/02/1987;21.7;28.4;17.0;0.0
19/02/1987;23.0;29.7;18.6;18.2
20/02/1987;23.9;30.8;20.1;0.1
21/02/1987;24.8;31.6;19.9;0.0
22/02/1987;23.7;31.4;20.0;10.8
23/02/1987;25.9;33.0;19.4;1.6
24/02/1987;26.3;33.3;22.0;0.0
25/02/1987;23.6;32.0;21.2;0.0
26/02/1987;23.2;29.1;19.8;0.5
27/02/1987;23.5;30.4;20.3;0.0
28/02/1987;22.9;29.2;20.2;6.6
01/03/1987;23.4;31.0;19.5;0.5
02/03/1987;24.4;31.0;20.3;0.7
03/03/1987;23.7;32.4;19.4;0.5
04/03/1987;24.5;32.0;20.3;5.8
05/03/1987;24.4;29.8;20.1;1.7
06/03/1987;23.5;30.0;21.3;2.9
07/03/1987;24.1;29.4;19.8;13.7
08/03/1987;24.9;30.6;19.3;0.0
09/03/1987;25.3;32.5;21.0;0.0
10/03/1987;15.9;23.8;13.0;0.0
11/03/1987;14.7;22.0;7.8;0.0
12/03/1987;16.8;24.6;8.3;0.0
13/03/1987;19.1;27.2;11.0;0.0
14/03/1987;21.0;29.7;12.2;0.0
15/03/1987;22.6;31.5;13.2;0.0
16/03/1987;25.1;32.4;17.7;0.0
17/03/1987;25.9;32.0;20.4;0.0
18/03/1987;25.4;32.4;20.6;0.0
19/03/1987;24.4;31.4;18.5;6.9
20/03/1987;24.6;32.2;20.9;0.0
21/03/1987;25.4;32.7;19.8;2.0
22/03/1987;26.2;33.6;19.9;0.0
23/03/1987;25.3;31.1;21.2;0.0
24/03/1987;26.1;32.8;20.5;26.3
25/03/1987;27.7;34.5;22.2;0.0
26/03/1987;22.3;27.6;19.7;0.0
27/03/1987;22.5;26.7;19.2;25.1
28/03/1987;24.0;31.8;21.2;0.0
29/03/1987;25.3;31.7;20.8;82.8
30/03/1987;26.4;32.4;21.7;0.0
31/03/1987;26.7;33.3;22.1;0.0
01/04/1987;24.3;30.7;21.9;0.0
02/04/1987;22.5;30.6;19.7;50.0
03/04/1987;21.7;30.6;18.3;22.7
04/04/1987;21.7;24.4;19.0;0.0
05/04/1987;22.1;27.8;18.6;0.2
06/04/1987;21.8;27.7;16.6;0.0
07/04/1987;23.6;31.4;16.1;0.0
08/04/1987;25.3;32.8;18.6;0.0
09/04/1987;26.7;34.2;21.2;0.0
10/04/1987;22.2;27.2;19.0;45.0
11/04/1987;25.2;32.2;20.4;0.0
12/04/1987;25.9;33.0;22.1;0.0
13/04/1987;26.6;32.4;22.4;0.0
14/04/1987;21.9;24.6;19.4;0.0
15/04/1987;24.5;31.6;21.0;12.5
16/04/1987;25.7;33.2;20.8;0.7
17/04/1987;25.1;32.5;19.2;11.2
18/04/1987;24.6;32.7;18.8;0.0
19/04/1987;20.7;24.8;18.2;0.0
20/04/1987;22.3;31.0;18.6;0.0
21/04/1987;22.5;27.7;19.1;20.8
22/04/1987;22.8;27.0;19.2;0.0
23/04/1987;23.8;30.6;19.3;0.9
24/04/1987;24.3;30.1;19.6;0.0
25/04/1987;23.4;27.4;20.6;0.0
26/04/1987;21.5;26.7;19.6;0.0
27/04/1987;20.9;27.0;16.9;0.0
28/04/1987;21.0;26.8;16.5;0.0
29/04/1987;22.1;29.1;18.8;0.0
30/04/1987;21.8;28.1;16.9;0.8
01/05/1987;23.2;29.8;17.4;0.0
02/05/1987;17.8;23.7;15.5;16.0
03/05/1987;16.3;22.5;11.0;0.0
04/05/1987;17.0;18.8;14.7;1.5
05/05/1987;19.0;21.6;17.1;7.2
06/05/1987;23.5;30.2;17.2;5.1
07/05/1987;24.7;29.9;21.0;0.0
08/05/1987;22.4;25.8;21.3;0.0
09/05/1987;11.6;17.4;6.9;23.0
10/05/1987;13.7;21.0;5.9;0.0
11/05/1987;17.0;19.9;14.6;1.3
12/05/1987;22.2;28.8;16.0;17.4
13/05/1987;24.1;30.7;20.9;0.0
14/05/1987;20.7;27.3;19.5;0.0
15/05/1987;14.1;17.6;12.9;35.2
16/05/1987;16.4;22.6;11.3;0.5
17/05/1987;19.2;23.3;16.7;11.6
18/05/1987;22.3;27.8;17.4;0.0
19/05/1987;22.0;25.8;20.0;0.0
20/05/1987;18.3;23.5;15.4;34.6
21/05/1987;16.0;23.5;13.8;11.6
22/05/1987;13.6;17.5;8.6;0.0
23/05/1987;14.9;19.5;10.9;0.0
24/05/1987;12.7;17.7;11.2;0.2
25/05/1987;9.2;16.7;4.4;0.0
26/05/1987;11.9;19.6;4.4;0.0
27/05/1987;15.8;23.3;8.7;0.0
28/05/1987;18.5;25.4;13.9;0.0
29/05/1987;16.8;22.7;13.3;0.0
30/05/1987;18.7;24.8;12.4;0.0
31/05/1987;20.1;28.6;14.8;0.0
01/06/1987;21.9;28.3;16.4;0.0
02/06/1987;21.9;28.7;18.4;0.0
03/06/1987;21.9;29.8;17.4;0.0
04/06/1987;21.6;29.5;18.2;0.0
05/06/1987;18.0;20.3;17.1;0.0
06/06/1987;18.4;21.4;15.9;65.1
07/06/1987;18.4;24.2;15.5;0.0
08/06/1987;18.0;24.1;13.4;0.0
09/06/1987;18.2;24.6;14.3;0.0
10/06/1987;18.2;25.2;12.4;0.0
11/06/1987;20.5;29.0;13.6;0.0
12/06/1987;22.3;29.6;14.3;0.0
13/06/1987;19.2;27.2;15.8;11.0
14/06/1987;12.9;15.8;11.3;0.8
15/06/1987;10.9;12.5;10.1;12.0
16/06/1987;8.8;15.3;4.6;2.2
17/06/1987;9.6;18.7;2.4;0.0
18/06/1987;11.4;19.2;4.3;0.0
19/06/1987;14.8;21.5;9.6;0.0
20/06/1987;16.3;24.1;9.2;0.0
21/06/1987;19.0;26.4;12.9;0.0
22/06/1987;21.6;28.4;16.9;0.0
23/06/1987;12.9;22.3;9.8;0.0
24/06/1987;9.2;17.1;1.8;0.0
25/06/1987;11.4;19.2;5.0;0.0
26/06/1987;14.3;23.0;6.2;0.0
27/06/1987;16.3;24.8;10.5;0.0
28/06/1987;18.0;26.3;10.5;0.0
29/06/1987;18.6;26.4;12.2;0.0
30/06/1987;20.2;28.3;15.7;0.0
01/07/1987;20.1;28.6;13.0;0.0
02/07/1987;21.6;28.6;15.4;0.0
03/07/1987;23.1;30.9;17.7;0.0
04/07/1987;18.2;23.7;16.5;0.0
05/07/1987;17.8;25.7;10.5;0.0
06/07/1987;21.1;27.7;15.9;0.0
07/07/1987;22.4;30.2;17.0;0.0
08/07/1987;20.6;29.2;19.0;0.0
09/07/1987;20.4;26.3;16.1;7.8
10/07/1987;22.1;28.9;18.1;0.0
11/07/1987;21.7;31.1;19.4;0.0
12/07/1987;22.8;32.0;16.2;0.0
13/07/1987;23.8;31.8;19.7;0.0
14/07/1987;22.5;31.6;16.4;0.0
15/07/1987;22.9;32.2;16.9;0.0
16/07/1987;23.2;31.9;16.5;0.0
17/07/1987;23.0;31.4;17.8;0.0
18/07/1987;23.3;32.2;18.4;0.0
19/07/1987;18.1;24.2;16.4;0.0
20/07/1987;19.0;25.9;13.6;0.0
21/07/1987;20.1;27.1;14.8;0.0
22/07/1987;20.3;27.1;15.6;0.0
23/07/1987;19.6;28.3;13.6;0.0
24/07/1987;21.0;31.2;13.8;0.0
25/07/1987;23.8;31.8;16.8;0.0
26/07/1987;23.3;30.6;17.6;0.0
27/07/1987;24.5;31.9;19.4;0.0
28/07/1987;23.3;33.0;17.2;0.0
29/07/1987;18.1;24.4;15.3;0.0
30/07/1987;12.7;15.6;11.2;12.0
31/07/1987;13.6;20.6;7.9;0.2
01/08/1987;14.4;22.0;8.7;0.0
02/08/1987;15.9;24.8;9.2;0.0
03/08/1987;17.7;25.7;11.1;0.0
04/08/1987;18.5;24.6;12.9;0.0
05/08/1987;17.6;20.8;16.2;0.0
06/08/1987;8.9;16.2;6.8;18.0
07/08/1987;8.6;15.8;4.8;0.7
08/08/1987;10.0;18.7;2.2;0.0
09/08/1987;15.8;24.1;8.6;0.0
10/08/1987;21.5;31.4;12.2;0.0
11/08/1987;23.2;31.8;17.0;0.0
12/08/1987;25.5;33.0;20.0;0.0
13/08/1987;23.4;32.8;15.1;0.0
14/08/1987;25.4;34.0;19.6;0.0
15/08/1987;25.7;33.3;20.5;0.0
16/08/1987;22.2;32.8;17.8;0.0
17/08/1987;13.4;20.1;10.7;2.0
18/08/1987;12.0;20.0;9.0;0.0
19/08/1987;12.6;19.3;8.7;0.0
20/08/1987;12.5;21.1;6.4;0.0
21/08/1987;13.2;21.6;6.9;0.0
22/08/1987;15.4;23.7;7.7;0.0
23/08/1987;17.3;25.3;10.7;0.0
24/08/1987;22.1;30.4;13.8;0.0
25/08/1987;23.8;32.0;17.6;0.0
26/08/1987;24.6;34.6;17.2;0.0
27/08/1987;25.3;33.8;17.1;0.0
28/08/1987;26.4;36.7;20.6;0.0
29/08/1987;22.6;32.6;20.4;0.0
30/08/1987;13.8;18.8;12.2;1.5
31/08/1987;15.6;23.9;7.8;4.7
01/09/1987;17.4;23.1;13.8;0.0
02/09/1987;21.1;31.4;15.8;0.0
03/09/1987;14.0;21.4;9.7;0.0
04/09/1987;16.4;25.8;5.2;0.0
05/09/1987;16.6;21.6;14.9;0.0
06/09/1987;14.8;18.2;11.4;9.0
07/09/1987;16.5;19.8;14.0;9.2
08/09/1987;18.9;21.8;16.6;11.1
09/09/1987;23.6;32.7;15.7;5.8
10/09/1987;25.0;34.5;19.2;0.0
11/09/1987;16.6;23.5;14.6;0.0
12/09/1987;17.6;19.6;14.6;0.0
13/09/1987;21.7;29.0;14.7;0.0
14/09/1987;26.9;34.6;20.8;0.0
15/09/1987;27.7;35.2;21.9;0.0
16/09/1987;21.0;27.4;17.0;0.0
17/09/1987;20.9;28.2;13.8;0.0
18/09/1987;23.6;31.3;17.4;0.5
19/09/1987;18.2;24.4;15.2;0.0
20/09/1987;17.9;25.6;11.0;0.0
21/09/1987;18.7;22.5;16.2;4.4
22/09/1987;19.7;26.4;16.6;0.0
23/09/1987;20.0;25.0;17.4;2.8
24/09/1987;18.2;26.1;11.9;0.0
25/09/1987;20.0;28.0;10.0;0.0
26/09/1987;24.2;34.6;14.0;0.0
27/09/1987;19.6;22.2;17.6;0.0
28/09/1987;21.5;29.2;15.0;31.0
29/09/1987;25.4;33.3;18.7;0.0
30/09/1987;26.8;34.6;21.7;0.0
01/10/1987;18.9;22.0;18.7;14.6
02/10/1987;17.1;24.0;12.7;2.9
03/10/1987;17.7;26.0;8.3;0.0
04/10/1987;20.4;29.2;13.4;0.0
05/10/1987;17.3;18.7;15.8;0.2
06/10/1987;21.9;29.4;15.6;8.3
07/10/1987;24.6;32.0;14.6;0.0
08/10/1987;20.5;25.5;18.2;0.0
09/10/1987;22.8;31.2;13.6;21.8
10/10/1987;26.5;35.0;19.3;0.0
11/10/1987;28.5;35.8;21.9;0.0
12/10/1987;29.3;36.6;23.5;0.0
13/10/1987;23.5;29.4;20.8;0.8
14/10/1987;23.8;28.8;20.0;7.4
15/10/1987;23.9;32.6;19.0;0.0
16/10/1987;22.5;30.8;20.2;5.5
17/10/1987;24.6;31.4;18.9;25.0
18/10/1987;26.5;35.5;21.7;0.0
19/10/1987;22.1;23.9;20.7;45.5
20/10/1987;20.8;25.0;18.3;9.0
21/10/1987;19.0;20.6;18.1;6.6
22/10/1987;22.2;28.0;17.0;20.4
23/10/1987;23.8;29.5;16.3;0.0
24/10/1987;21.3;27.4;18.5;0.0
25/10/1987;23.6;31.2;17.6;23.6
26/10/1987;25.4;34.7;20.1;0.0
27/10/1987;23.0;27.9;20.7;1.3
28/10/1987;23.0;25.8;21.1;15.0
29/10/1987;23.0;27.5;20.1;0.1
30/10/1987;24.9;31.2;18.8;0.0
31/10/1987;25.9;32.7;18.8;0.0
01/11/1987;25.4;32.9;19.6;0.0
02/11/1987;27.3;34.4;19.2;0.0
03/11/1987;25.5;35.3;21.5;0.0
04/11/1987;27.2;34.2;21.6;49.0
05/11/1987;25.3;35.4;20.6;0.0
06/11/1987;22.9;31.8;20.0;35.2
07/11/1987;22.9;27.4;20.6;38.2
08/11/1987;24.5;30.6;19.8;5.4
09/11/1987;21.3;25.8;19.0;70.0
10/11/1987;23.1;29.0;18.4;6.0
11/11/1987;23.7;30.2;18.6;0.0
12/11/1987;26.0;31.8;20.7;0.0
13/11/1987;25.2;31.1;21.7;0.0
14/11/1987;23.8;28.8;22.0;1.1
15/11/1987;25.0;30.5;21.1;8.2
16/11/1987;24.9;32.2;19.2;0.0
17/11/1987;26.0;34.2;18.1;0.0
18/11/1987;26.7;34.2;18.7;0.0
19/11/1987;27.3;34.8;18.5;0.0
20/11/1987;27.3;34.4;19.8;0.0
21/11/1987;28.3;35.4;20.4;0.0
22/11/1987;27.3;34.2;22.0;0.0
23/11/1987;25.4;34.2;21.6;0.6
24/11/1987;23.3;29.5;20.4;6.0
25/11/1987;22.1;26.6;20.4;19.2
26/11/1987;24.4;31.6;18.6;0.0
27/11/1987;24.7;31.7;17.2;0.0
28/11/1987;25.8;33.4;17.5;0.0
29/11/1987;27.3;34.2;19.4;0.0
30/11/1987;27.9;35.6;19.8;0.0
01/12/1987;28.7;35.2;21.7;0.0
02/12/1987;25.0;33.6;21.7;0.0
03/12/1987;24.2;31.8;20.2;22.2
04/12/1987;23.7;28.9;20.5;4.6
05/12/1987;24.1;32.4;19.4;0.0
06/12/1987;25.7;33.7;16.7;0.0
07/12/1987;25.0;33.6;17.9;0.0
08/12/1987;21.0;25.4;19.5;14.7
09/12/1987;22.3;28.6;17.8;15.5
10/12/1987;25.1;31.4;16.9;0.0
11/12/1987;28.4;34.9;21.5;0.0
12/12/1987;22.0;25.8;19.5;0.0
13/12/1987;23.5;30.2;16.4;24.4
14/12/1987;25.6;31.7;20.9;0.0
15/12/1987;26.3;31.8;21.4;0.0
16/12/1987;28.1;35.1;22.5;0.0
17/12/1987;23.8;27.6;21.9;0.0
18/12/1987;25.5;31.6;19.7;7.3
19/12/1987;25.7;30.6;21.8;0.0
20/12/1987;24.6;31.2;21.4;0.2
21/12/1987;24.9;32.6;19.6;42.0
22/12/1987;22.3;29.8;15.0;0.0
23/12/1987;24.1;32.0;15.0;0.0
24/12/1987;25.5;32.2;18.8;0.0
25/12/1987;25.9;32.2;19.4;0.0
26/12/1987;23.4;28.0;19.4;0.0
27/12/1987;22.7;28.4;20.4;14.2
28/12/1987;23.6;27.1;21.0;16.2
29/12/1987;25.2;29.9;22.0;3.9
30/12/1987;26.2;31.3;22.3;0.7
31/12/1987;26.3;31.9;21.8;0.2
01/01/1988;25.4;32.8;19.6;0.0
02/01/1988;26.3;33.6;18.2;0.0
03/01/1988;26.0;32.3;19.6;0.0
04/01/1988;27.4;32.9;21.8;0.0
05/01/1988;26.7;30.4;22.6;0.0
06/01/1988;24.5;29.2;21.1;24.2
07/01/1988;23.8;30.0;18.2;0.2
08/01/1988;25.5;31.4;18.7;0.0
09/01/1988;24.5;29.2;21.4;0.2
10/01/1988;25.7;31.4;20.8;0.0
11/01/1988;28.1;34.4;21.7;0.0
12/01/1988;26.1;32.8;21.5;0.0
13/01/1988;25.0;30.0;21.8;8.0
14/01/1988;25.0;30.6;22.1;7.5
15/01/1988;24.3;29.6;22.7;7.7
16/01/1988;24.9;30.6;21.8;9.4
17/01/1988;25.5;33.0;21.2;7.4
18/01/1988;27.6;34.0;21.9;7.6
19/01/1988;27.8;34.6;23.4;2.2
20/01/1988;25.5;33.8;21.8;0.0
21/01/1988;25.8;33.4;20.4;0.0
22/01/1988;24.9;29.6;22.1;0.0
23/01/1988;24.7;32.1;21.4;0.0
24/01/1988;25.1;30.8;21.4;46.7
25/01/1988;25.2;32.6;21.4;0.0
26/01/1988;24.6;32.8;21.1;0.0
27/01/1988;26.6;32.9;21.2;8.8
28/01/1988;27.9;33.8;22.8;0.0
29/01/1988;27.2;33.2;23.2;0.0
30/01/1988;25.1;29.8;21.7;0.0
31/01/1988;22.6;28.4;20.3;0.0
01/02/1988;20.3;25.5;18.4;4.6
02/02/1988;22.5;28.1;18.9;0.2
03/02/1988;24.6;31.2;18.8;0.5
04/02/1988;24.2;31.4;19.7;0.0
05/02/1988;21.9;30.8;14.3;0.0
06/02/1988;22.4;31.3;17.2;0.0
07/02/1988;22.7;30.4;19.1;0.1
08/02/1988;22.9;28.6;19.4;9.8
09/02/1988;22.9;30.0;19.9;4.7
10/02/1988;23.5;31.0;17.8;0.0
11/02/1988;24.8;31.4;18.1;0.0
12/02/1988;25.0;31.4;20.0;0.0
13/02/1988;23.3;31.9;20.0;0.0
14/02/1988;25.4;32.2;19.4;29.3
15/02/1988;25.8;33.2;21.7;0.0
16/02/1988;24.3;30.5;21.0;16.2
17/02/1988;25.1;30.5;21.7;10.7
18/02/1988;24.5;31.2;18.5;0.0
19/02/1988;24.8;32.5;17.5;0.0
20/02/1988;24.1;28.3;22.8;8.6
21/02/1988;23.4;29.1;21.7;31.3
22/02/1988;23.0;26.7;21.0;52.8
23/02/1988;23.9;29.4;21.9;1.0
24/02/1988;25.1;30.4;21.6;6.2
25/02/1988;25.7;32.1;19.8;0.0
26/02/1988;25.8;32.2;19.8;0.0
27/02/1988;23.7;30.2;21.8;0.0
28/02/1988;24.3;29.1;21.5;22.2
29/02/1988;23.5;29.0;21.6;2.2
01/03/1988;23.7;27.2;21.3;11.1
02/03/1988;24.2;29.6;21.9;4.4
03/03/1988;25.2;32.9;21.5;1.6
04/03/1988;26.4;32.5;22.2;5.0
05/03/1988;25.8;32.0;22.4;0.0
06/03/1988;25.3;31.2;23.3;23.2
07/03/1988;26.4;31.6;22.2;1.6
08/03/1988;25.3;31.1;21.8;0.0
09/03/1988;25.0;31.1;20.2;0.0
10/03/1988;25.2;31.1;21.3;0.2
11/03/1988;26.0;31.2;21.7;0.0
12/03/1988;25.6;32.2;20.1;0.0
13/03/1988;25.4;31.4;20.2;0.0
14/03/1988;23.8;28.9;21.6;0.0
15/03/1988;23.3;26.9;21.5;6.4
16/03/1988;23.9;26.8;22.1;15.7
17/03/1988;23.5;26.8;21.4;17.5
18/03/1988;24.7;31.6;20.0;0.0
19/03/1988;24.2;32.2;17.6;0.0
20/03/1988;24.7;33.0;16.3;0.0
21/03/1988;24.9;31.2;20.3;0.0
22/03/1988;24.4;32.2;17.8;0.0
23/03/1988;25.7;33.0;18.8;0.0
24/03/1988;25.5;32.0;19.4;0.0
25/03/1988;27.0;33.8;19.8;0.0
26/03/1988;26.8;33.6;22.2;0.0
27/03/1988;25.9;32.8;21.1;4.1
28/03/1988;25.2;33.4;21.6;0.1
29/03/1988;24.6;32.6;21.5;18.8
30/03/1988;26.4;33.4;20.2;4.9
31/03/1988;27.3;34.6;21.6;0.0
01/04/1988;23.7;30.6;19.6;0.0
02/04/1988;22.9;29.0;19.7;13.4
03/04/1988;23.6;30.0;19.3;0.0
04/04/1988;25.0;31.2;21.0;22.3
05/04/1988;24.9;31.6;19.2;0.0
06/04/1988;26.0;32.8;19.5;0.0
07/04/1988;25.7;34.0;21.0;0.0
08/04/1988;20.0;23.7;19.0;21.2
09/04/1988;18.3;26.8;11.4;0.0
10/04/1988;23.0;29.6;16.4;0.0
11/04/1988;23.5;31.8;19.4;0.0
12/04/1988;24.7;30.5;19.6;17.0
13/04/1988;21.0;25.8;19.3;24.0
14/04/1988;20.1;26.2;16.9;0.0
15/04/1988;22.0;29.0;14.2;0.0
16/04/1988;22.7;30.0;18.4;0.0
17/04/1988;21.9;30.0;17.9;0.0
18/04/1988;21.6;29.0;15.8;0.0
19/04/1988;22.4;27.0;15.9;2.9
20/04/1988;25.5;31.7;21.8;1.5
21/04/1988;26.4;32.6;21.5;0.0
22/04/1988;24.2;29.7;21.8;0.0
23/04/1988;25.5;30.9;21.0;5.0
24/04/1988;24.7;31.8;20.5;64.4
25/04/1988;24.7;31.3;21.2;27.6
26/04/1988;24.7;31.7;18.6;0.1
27/04/1988;23.2;27.4;21.8;0.0
28/04/1988;21.2;25.0;17.7;0.0
29/04/1988;20.9;25.5;18.2;0.0
30/04/1988;21.2;26.8;16.6;0.0
01/05/1988;22.7;29.8;17.6;0.0
02/05/1988;24.0;30.1;20.4;0.0
03/05/1988;22.5;27.7;20.5;1.3
04/05/1988;15.9;20.7;15.7;5.2
05/05/1988;15.4;19.4;11.5;0.0
06/05/1988;19.4;21.8;16.0;0.0
07/05/1988;18.0;22.2;16.3;0.0
08/05/1988;16.5;19.6;14.5;0.0
09/05/1988;18.2;23.1;13.8;0.0
10/05/1988;20.3;25.5;16.8;0.0
11/05/1988;21.6;27.9;16.4;0.0
12/05/1988;22.6;30.2;17.6;0.0
13/05/1988;22.8;28.7;19.0;22.0
14/05/1988;21.7;27.0;18.6;0.1
15/05/1988;21.7;28.4;16.6;0.0
16/05/1988;22.9;30.5;16.7;0.0
17/05/1988;21.3;26.4;18.1;7.4
18/05/1988;22.0;28.0;19.7;0.1
19/05/1988;22.5;29.9;17.7;0.0
20/05/1988;21.5;25.3;18.6;4.2
21/05/1988;21.4;26.4;17.7;0.0
22/05/1988;23.8;30.2;19.2;0.0
23/05/1988;21.7;27.0;19.3;0.0
24/05/1988;15.5;20.4;14.2;16.0
25/05/1988;13.3;20.9;7.6;0.0
26/05/1988;13.9;22.4;7.3;0.0
27/05/1988;17.1;23.2;11.4;0.0
28/05/1988;20.1;23.8;16.4;0.0
29/05/1988;17.3;21.5;15.7;4.6
30/05/1988;11.8;17.1;9.8;38.2
31/05/1988;7.2;13.7;3.7;0.0
01/06/1988;7.7;16.7;-0.6;0.0
02/06/1988;14.0;20.1;8.3;0.0
03/06/1988;13.7;21.8;10.6;0.0
04/06/1988;7.6;14.2;4.8;4.7
05/06/1988;6.7;15.2;-0.8;0.0
06/06/1988;11.9;21.2;2.4;0.0
07/06/1988;19.5;29.7;10.8;0.0
08/06/1988;21.3;30.6;15.5;0.0
09/06/1988;20.9;30.0;15.3;0.0
10/06/1988;18.9;24.0;17.4;0.0
11/06/1988;18.1;23.4;14.8;0.0
12/06/1988;19.5;26.6;12.8;0.0
13/06/1988;18.4;27.2;15.2;0.0
14/06/1988;12.3;18.2;10.6;3.4
15/06/1988;11.5;19.6;5.2;0.0
16/06/1988;14.5;21.3;8.1;0.0
17/06/1988;15.2;22.2;11.1;0.0
18/06/1988;17.3;23.8;12.0;0.0
19/06/1988;20.5;29.3;14.5;0.0
20/06/1988;22.1;29.4;17.6;0.0
21/06/1988;22.6;29.5;18.6;0.0
22/06/1988;22.8;30.5;17.9;0.0
23/06/1988;21.8;31.1;15.7;0.0
24/06/1988;19.7;22.4;18.2;0.0
25/06/1988;14.8;19.6;13.0;0.5
26/06/1988;14.7;21.2;11.7;0.0
27/06/1988;16.2;23.1;10.4;0.0
28/06/1988;19.9;28.9;11.9;0.0
29/06/1988;21.3;29.7;14.2;0.0
30/06/1988;20.0;29.2;13.4;0.0
01/07/1988;19.2;28.4;13.4;0.0
02/07/1988;19.4;29.6;12.8;0.0
03/07/1988;19.9;30.1;13.1;0.0
04/07/1988;21.0;30.4;13.6;0.0
05/07/1988;17.5;28.6;13.8;0.0
06/07/1988;15.2;22.4;13.3;0.0
07/07/1988;13.1;17.8;11.6;0.0
08/07/1988;13.0;20.7;6.8;0.0
09/07/1988;16.0;24.2;10.6;0.0
10/07/1988;12.9;22.2;8.0;0.0
11/07/1988;10.5;17.8;8.6;0.0
12/07/1988;8.3;17.6;1.7;0.0
13/07/1988;10.0;18.5;2.6;0.0
14/07/1988;12.3;21.3;5.2;0.0
15/07/1988;14.2;23.3;7.5;0.0
16/07/1988;15.0;24.4;8.9;0.0
17/07/1988;15.3;24.9;7.9;0.0
18/07/1988;16.6;25.5;10.1;0.0
19/07/1988;17.1;26.4;10.0;0.0
20/07/1988;17.4;26.5;10.6;0.0
21/07/1988;18.6;28.4;10.1;0.0
22/07/1988;13.9;19.9;12.5;0.0
23/07/1988;11.7;15.7;9.5;0.0
24/07/1988;8.1;16.5;3.1;0.0
25/07/1988;10.1;19.8;1.5;0.0
26/07/1988;11.3;21.8;3.5;0.0
27/07/1988;14.8;24.1;5.8;0.0
28/07/1988;18.7;28.4;10.5;0.0
29/07/1988;20.5;31.1;11.2;0.0
30/07/1988;19.4;28.6;10.8;0.0
31/07/1988;19.1;28.9;12.6;0.0
01/08/1988;19.3;29.0;12.4;0.0
02/08/1988;18.1;28.8;8.9;0.0
03/08/1988;18.0;27.7;9.7;0.0
04/08/1988;17.0;26.8;9.8;0.0
05/08/1988;18.8;28.8;11.9;0.0
06/08/1988;19.2;28.3;11.8;0.0
07/08/1988;19.8;30.8;11.4;0.0
08/08/1988;23.0;33.7;13.2;0.0
09/08/1988;17.1;24.0;14.2;0.0
10/08/1988;12.8;22.8;5.0;0.0
11/08/1988;15.2;24.0;7.5;0.0
12/08/1988;17.9;27.4;10.1;0.0
13/08/1988;20.3;30.1;12.1;0.0
14/08/1988;23.2;33.3;15.2;0.0
15/08/1988;24.0;33.6;16.2;0.0
16/08/1988;22.5;29.7;16.9;0.2
17/08/1988;22.6;31.2;16.6;0.0
18/08/1988;20.7;29.8;14.3;0.0
19/08/1988;22.4;32.7;14.7;0.0
20/08/1988;22.0;34.2;15.0;0.0
21/08/1988;22.7;33.4;13.3;0.0
22/08/1988;22.7;32.6;14.6;0.0
23/08/1988;24.8;35.4;17.0;0.0
24/08/1988;25.5;35.2;17.8;0.0
25/08/1988;24.2;34.7;16.4;0.0
26/08/1988;22.9;32.7;17.1;0.0
27/08/1988;20.2;31.8;11.7;0.0
28/08/1988;21.9;32.3;12.1;0.0
29/08/1988;24.9;36.9;15.0;0.0
30/08/1988;24.9;36.1;15.5;0.0
31/08/1988;24.4;36.0;15.3;0.0
01/09/1988;25.5;36.7;17.7;0.0
02/09/1988;19.3;27.8;12.8;0.0
03/09/1988;18.8;25.7;13.1;0.0
04/09/1988;21.2;29.9;14.8;0.0
05/09/1988;23.0;32.1;15.2;0.0
06/09/1988;24.2;33.3;16.9;0.0
07/09/1988;25.1;35.6;16.1;0.0
08/09/1988;24.3;35.3;14.1;0.0
09/09/1988;25.3;36.3;15.2;0.0
10/09/1988;26.9;36.8;18.8;0.0
11/09/1988;24.3;35.4;15.5;0.0
12/09/1988;24.8;35.1;17.2;0.0
13/09/1988;21.9;31.6;19.4;0.0
14/09/1988;17.8;21.0;15.0;0.0
15/09/1988;18.6;25.7;12.0;1.3
16/09/1988;16.2;19.6;15.0;0.5
17/09/1988;15.7;18.6;13.8;14.2
18/09/1988;19.4;26.8;13.4;3.2
19/09/1988;22.8;31.0;15.4;0.0
20/09/1988;26.6;35.8;19.2;0.0
21/09/1988;28.4;38.0;22.2;0.0
22/09/1988;27.0;36.7;20.1;0.0
23/09/1988;27.6;36.4;20.6;0.0
24/09/1988;29.0;37.9;21.0;0.0
25/09/1988;28.0;37.8;20.1;0.0
26/09/1988;28.6;37.9;20.3;0.0
27/09/1988;22.0;29.1;19.4;0.0
28/09/1988;18.8;27.4;13.2;0.0
29/09/1988;19.0;26.0;13.4;0.0
30/09/1988;23.0;31.7;13.8;0.0
01/10/1988;26.7;35.4;19.0;0.0
02/10/1988;28.3;35.8;22.4;0.0
03/10/1988;20.7;29.8;15.9;0.0
04/10/1988;19.3;30.0;11.4;0.0
05/10/1988;20.6;29.3;12.8;0.0
06/10/1988;21.6;31.4;13.0;0.0
07/10/1988;25.9;35.3;15.2;0.0
08/10/1988;24.4;36.9;19.6;0.0
09/10/1988;21.0;25.1;18.2;14.2
10/10/1988;22.8;29.4;18.1;0.0
11/10/1988;20.3;24.7;18.6;0.0
12/10/1988;21.4;27.3;17.3;15.0
13/10/1988;21.2;29.7;16.5;0.0
14/10/1988;20.6;30.4;11.4;0.0
15/10/1988;22.0;31.8;12.2;0.0
16/10/1988;20.5;30.1;15.0;0.0
17/10/1988;23.1;31.8;13.6;0.9
18/10/1988;25.8;34.1;18.9;0.0
19/10/1988;23.7;34.0;19.3;0.0
20/10/1988;18.3;19.8;16.7;36.7
21/10/1988;22.7;27.4;16.8;11.6
22/10/1988;26.1;35.5;20.4;0.0
23/10/1988;20.3;25.1;18.0;13.8
24/10/1988;24.1;30.0;17.3;2.0
25/10/1988;22.1;36.0;15.6;0.0
26/10/1988;16.3;18.0;15.4;27.2
27/10/1988;20.0;26.8;12.2;4.8
28/10/1988;22.6;29.2;15.6;0.0
29/10/1988;25.0;35.4;20.5;0.0
30/10/1988;26.4;33.2;20.0;19.6
31/10/1988;23.2;33.4;19.5;0.0
01/11/1988;21.2;27.2;18.5;1.5
02/11/1988;19.9;24.1;14.9;0.0
03/11/1988;22.1;29.4;16.0;0.0
04/11/1988;22.4;28.4;16.8;0.0
05/11/1988;20.6;27.6;13.8;0.0
06/11/1988;22.9;29.6;16.6;0.0
07/11/1988;24.8;32.2;16.8;0.0
08/11/1988;26.9;35.4;17.4;0.0
09/11/1988;28.9;36.8;20.3;0.0
10/11/1988;29.2;37.6;20.4;0.0
11/11/1988;29.7;38.4;20.9;0.0
12/11/1988;27.8;37.9;25.2;0.0
13/11/1988;23.5;28.4;20.0;13.0
14/11/1988;26.5;33.4;20.4;0.0
15/11/1988;27.5;33.6;22.2;0.0
16/11/1988;25.3;30.2;20.9;6.5
17/11/1988;23.0;27.4;20.8;15.8
18/11/1988;24.7;31.6;20.8;0.0
19/11/1988;25.9;32.6;20.3;2.2
20/11/1988;26.1;33.3;21.4;0.0
21/11/1988;24.6;31.2;21.7;0.0
22/11/1988;19.9;26.8;16.3;2.2
23/11/1988;21.8;29.5;13.6;0.0
24/11/1988;24.6;33.5;15.2;0.0
25/11/1988;27.8;34.7;20.0;0.0
26/11/1988;21.3;28.7;18.4;21.4
27/11/1988;23.1;29.9;19.0;0.0
28/11/1988;22.8;30.4;14.2;0.0
29/11/1988;24.6;31.0;16.2;0.0
30/11/1988;27.0;32.8;20.2;0.0
01/12/1988;23.8;31.6;20.9;0.0
02/12/1988;24.7;31.0;19.6;1.8
03/12/1988;25.8;33.1;18.4;0.0
04/12/1988;26.9;34.6;19.7;0.0
05/12/1988;27.8;35.5;19.6;0.0
06/12/1988;28.1;37.1;18.3;0.0
07/12/1988;30.1;37.1;22.4;0.0
08/12/1988;25.4;30.3;22.5;0.0
09/12/1988;27.0;33.5;20.5;0.0
10/12/1988;26.5;34.5;22.2;0.0
11/12/1988;25.0;34.0;20.8;2.0
12/12/1988;25.8;33.6;20.7;8.0
13/12/1988;25.1;33.6;21.8;24.0
14/12/1988;25.1;31.8;19.6;7.8
15/12/1988;28.5;34.9;22.8;0.0
16/12/1988;29.2;36.8;21.2;0.0
17/12/1988;29.3;36.8;22.1;0.0
18/12/1988;24.9;30.4;22.1;0.0
19/12/1988;26.0;34.6;20.8;1.0
20/12/1988;24.0;28.4;22.0;2.0
21/12/1988;25.3;30.6;21.9;0.0
22/12/1988;25.3;30.6;20.1;0.0
23/12/1988;24.9;30.3;21.3;0.0
24/12/1988;24.4;33.2;20.5;0.0
25/12/1988;25.1;31.6;20.1;21.0
26/12/1988;23.7;29.6;19.8;0.0
27/12/1988;23.4;29.6;21.5;4.8
28/12/1988;24.7;30.7;21.3;10.8
29/12/1988;23.4;30.4;21.2;23.3
30/12/1988;23.8;29.2;20.7;24.4
31/12/1988;24.5;32.2;20.2;0.0
01/01/1989;23.3;31.0;18.2;7.2
02/01/1989;22.7;26.9;20.9;8.0
03/01/1989;21.2;23.1;20.5;11.2
04/01/1989;22.7;26.1;20.2;12.8
05/01/1989;23.4;28.4;21.0;13.6
06/01/1989;21.5;23.2;20.9;0.2
07/01/1989;22.6;27.1;20.0;15.4
08/01/1989;23.3;29.9;20.7;48.0
09/01/1989;24.1;30.5;18.3;8.5
10/01/1989;25.9;32.1;19.7;0.0
11/01/1989;25.0;32.0;21.4;0.0
12/01/1989;24.9;29.0;22.3;0.5
13/01/1989;24.5;30.0;21.8;2.1
14/01/1989;24.5;30.2;21.0;0.0
15/01/1989;22.0;25.0;19.7;32.4
16/01/1989;22.9;29.2;19.0;23.5
17/01/1989;24.5;31.9;16.8;3.9
18/01/1989;24.5;31.3;18.7;0.0
19/01/1989;25.9;31.9;20.4;3.6
20/01/1989;26.6;32.7;21.8;0.0
21/01/1989;24.2;30.5;22.1;0.2
22/01/1989;23.4;27.1;20.9;0.0
23/01/1989;24.8;29.8;21.8;5.1
24/01/1989;24.3;29.8;22.0;0.0
25/01/1989;24.3;30.2;21.0;3.4
26/01/1989;24.5;29.5;21.4;0.2
27/01/1989;23.2;28.3;21.4;0.0
28/01/1989;21.7;25.5;20.2;26.6
29/01/1989;22.1;24.8;20.6;8.8
30/01/1989;22.9;26.6;20.4;11.4
31/01/1989;23.8;29.2;20.8;8.5
01/02/1989;24.7;31.2;21.1;2.9
02/02/1989;26.7;33.0;20.4;0.0
03/02/1989;24.1;30.8;21.5;0.0
04/02/1989;23.7;27.3;20.0;4.3
05/02/1989;24.5;29.2;21.7;1.0
06/02/1989;24.9;30.4;20.3;0.0
07/02/1989;25.7;31.2;21.2;1.0
08/02/1989;22.8;26.9;21.4;7.4
09/02/1989;22.8;25.4;20.8;3.3
10/02/1989;23.7;28.5;20.4;10.2
11/02/1989;23.2;28.0;19.1;2.0
12/02/1989;23.7;30.1;19.0;0.0
13/02/1989;23.9;31.2;19.1;0.0
14/02/1989;25.2;31.2;20.3;4.0
15/02/1989;24.2;29.0;21.2;0.0
16/02/1989;24.5;30.6;20.2;0.6
17/02/1989;24.9;30.7;21.2;5.0
18/02/1989;23.4;31.2;20.6;0.2
19/02/1989;24.4;30.4;19.9;15.6
20/02/1989;24.6;31.0;21.4;0.0
21/02/1989;24.9;30.9;21.1;0.2
22/02/1989;23.8;30.8;19.5;0.9
23/02/1989;22.2;27.0;21.4;5.4
24/02/1989;22.1;24.6;19.6;4.5
25/02/1989;24.1;30.3;18.9;2.6
26/02/1989;23.6;30.6;18.9;0.0
27/02/1989;26.0;31.4;21.2;17.0
28/02/1989;25.3;31.4;20.4;0.0
01/03/1989;25.3;32.6;20.8;0.0
02/03/1989;24.2;32.8;20.7;0.0
03/03/1989;24.3;30.8;20.5;12.2
04/03/1989;26.5;32.4;20.4;0.0
05/03/1989;25.4;33.2;21.2;0.0
06/03/1989;24.9;31.4;21.3;0.0
07/03/1989;24.5;31.4;20.8;0.0
08/03/1989;24.5;30.0;21.2;0.0
09/03/1989;25.7;32.0;20.1;0.0
10/03/1989;26.1;31.8;20.7;2.5
11/03/1989;24.0;31.0;21.0;0.0
12/03/1989;22.6;25.1;21.1;43.0
13/03/1989;23.4;30.0;20.1;0.1
14/03/1989;22.6;28.7;18.6;0.0
15/03/1989;22.6;28.7;18.6;0.0
16/03/1989;22.7;31.3;15.2;0.0
17/03/1989;24.5;32.5;17.6;0.0
18/03/1989;22.1;28.8;18.2;0.0
19/03/1989;20.1;24.4;18.5;22.4
20/03/1989;21.5;26.8;17.2;46.0
21/03/1989;22.8;29.1;16.4;0.0
22/03/1989;24.4;31.4;18.2;0.0
23/03/1989;25.4;32.5;20.0;0.0
24/03/1989;24.2;32.4;19.8;3.0
25/03/1989;23.5;31.6;19.8;0.0
26/03/1989;22.4;29.4;19.6;2.1
27/03/1989;23.5;29.3;19.4;8.5
28/03/1989;24.2;29.6;18.9;0.0
29/03/1989;24.9;31.7;21.0;0.0
30/03/1989;23.5;31.6;20.3;0.1
31/03/1989;23.3;30.1;20.1;0.4
01/04/1989;22.6;28.6;20.4;17.4
02/04/1989;23.5;29.1;19.5;0.0
03/04/1989;24.3;31.5;18.9;0.0
04/04/1989;25.5;32.1;20.3;0.7
05/04/1989;26.1;33.8;21.0;0.0
06/04/1989;26.4;33.3;21.8;0.0
07/04/1989;26.7;32.0;25.4;0.0
08/04/1989;25.1;32.0;20.5;0.0
09/04/1989;26.1;33.2;20.8;9.8
10/04/1989;23.2;30.6;19.7;0.0
11/04/1989;19.9;23.0;17.3;6.4
12/04/1989;20.7;26.4;14.6;0.0
13/04/1989;22.7;28.7;17.9;0.0
14/04/1989;23.2;30.3;17.6;0.0
15/04/1989;23.4;31.8;17.6;0.0
16/04/1989;24.0;31.4;19.2;0.0
17/04/1989;21.6;23.5;20.8;7.8
18/04/1989;21.4;27.8;17.4;14.8
19/04/1989;21.1;26.6;18.4;0.2
20/04/1989;20.9;27.6;15.8;0.0
21/04/1989;20.3;27.6;15.6;0.0
22/04/1989;19.6;27.2;14.1;0.0
23/04/1989;19.8;27.1;14.2;0.0
24/04/1989;21.4;28.6;15.4;0.0
25/04/1989;22.9;30.1;17.5;0.0
26/04/1989;21.8;27.1;19.5;0.2
27/04/1989;22.5;28.7;18.7;0.0
28/04/1989;22.5;26.2;19.8;0.0
29/04/1989;23.0;27.7;21.4;16.8
30/04/1989;21.8;25.8;18.6;0.0
01/05/1989;22.4;25.8;20.7;0.0
02/05/1989;23.6;29.8;20.6;0.0
03/05/1989;23.7;30.3;20.1;0.0
04/05/1989;23.4;27.9;21.0;0.0
05/05/1989;20.4;24.8;19.4;3.4
06/05/1989;12.5;15.7;11.6;0.0
07/05/1989;12.7;19.3;5.8;0.0
08/05/1989;15.3;22.8;8.9;0.0
09/05/1989;17.1;24.0;11.3;0.0
10/05/1989;18.1;25.1;13.0;0.0
11/05/1989;19.5;27.0;12.9;0.0
12/05/1989;20.1;28.0;15.0;0.0
13/05/1989;19.6;27.5;13.2;0.0
14/05/1989;19.5;27.8;14.1;0.0
15/05/1989;20.4;28.4;14.2;0.0
16/05/1989;20.4;27.9;13.5;0.0
17/05/1989;20.3;28.1;14.2;0.0
18/05/1989;19.5;26.4;14.6;0.0
19/05/1989;19.4;27.7;12.8;0.0
20/05/1989;20.1;27.3;15.4;0.0
21/05/1989;20.5;27.9;15.6;0.0
22/05/1989;20.5;28.6;15.0;0.0
23/05/1989;21.4;30.0;15.0;0.0
24/05/1989;20.7;26.6;15.1;0.0
25/05/1989;18.9;23.6;17.1;0.0
26/05/1989;15.3;22.4;14.4;1.4
27/05/1989;12.7;20.8;5.3;0.0
28/05/1989;14.7;22.2;8.5;0.0
29/05/1989;16.7;22.8;11.1;0.0
30/05/1989;17.1;23.7;12.4;0.0
31/05/1989;18.4;25.3;12.0;0.0
01/06/1989;18.3;25.8;13.0;0.0
02/06/1989;20.9;28.9;14.1;0.0
03/06/1989;21.0;29.3;15.2;0.0
04/06/1989;19.1;25.5;14.5;0.0
05/06/1989;19.8;28.0;13.0;0.0
06/06/1989;20.9;27.3;16.7;0.0
07/06/1989;20.6;31.2;17.5;0.0
08/06/1989;21.2;27.3;16.4;13.5
09/06/1989;18.0;22.3;16.3;7.2
10/06/1989;16.9;21.5;13.3;9.4
11/06/1989;15.3;21.4;12.5;4.0
12/06/1989;15.3;20.8;12.4;0.3
13/06/1989;15.0;22.0;9.7;0.0
14/06/1989;16.4;23.8;11.7;0.0
15/06/1989;14.2;16.7;12.8;0.0
16/06/1989;16.1;21.1;13.5;5.7
17/06/1989;14.4;20.0;11.0;0.0
18/06/1989;16.1;23.2;9.3;0.0
19/06/1989;19.9;25.6;15.6;0.0
20/06/1989;20.0;27.0;16.0;0.0
21/06/1989;19.0;25.8;15.5;0.0
22/06/1989;19.7;27.0;14.2;0.0
23/06/1989;20.6;27.2;14.4;0.0
24/06/1989;18.7;22.1;16.8;30.9
25/06/1989;15.4;20.7;13.4;0.6
26/06/1989;14.7;21.5;11.2;0.0
27/06/1989;17.3;23.8;10.1;0.0
28/06/1989;14.9;21.9;12.9;18.8
29/06/1989;12.6;20.8;5.8;0.0
30/06/1989;19.8;27.7;12.9;0.0
01/07/1989;22.8;30.0;18.0;0.0
02/07/1989;14.8;22.9;10.8;0.0
03/07/1989;12.3;18.0;6.9;0.0
04/07/1989;15.8;21.8;11.4;0.0
05/07/1989;8.0;15.8;7.4;0.0
06/07/1989;5.5;12.6;1.0;0.0
07/07/1989;8.5;17.2;1.0;0.0
08/07/1989;10.4;18.9;4.4;0.0
09/07/1989;12.9;20.6;7.8;0.0
10/07/1989;14.3;22.6;8.3;0.0
11/07/1989;15.3;23.0;10.6;0.0
12/07/1989;17.9;25.4;11.8;0.0
13/07/1989;18.9;28.2;11.6;0.0
14/07/1989;18.9;27.3;11.8;0.0
15/07/1989;16.6;26.2;8.0;0.0
16/07/1989;17.3;26.0;10.7;0.0
17/07/1989;17.3;26.4;10.0;0.0
18/07/1989;18.2;28.0;11.9;0.0
19/07/1989;18.1;26.6;12.7;0.0
20/07/1989;18.0;28.5;9.6;0.0
21/07/1989;20.4;29.2;15.2;0.0
22/07/1989;18.5;27.8;10.4;0.0
23/07/1989;18.7;29.5;10.4;0.0
24/07/1989;21.4;31.2;14.9;0.0
25/07/1989;21.1;26.8;16.1;2.0
26/07/1989;23.5;31.1;18.6;0.0
27/07/1989;24.0;30.9;18.0;0.0
28/07/1989;17.7;23.2;15.3;0.5
29/07/1989;19.1;25.2;10.5;0.0
30/07/1989;17.2;22.8;14.5;88.0
31/07/1989;14.5;20.2;6.6;0.0
01/08/1989;14.7;24.2;6.0;0.0
02/08/1989;19.0;27.7;11.2;0.0
03/08/1989;22.4;30.8;15.2;0.0
04/08/1989;20.9;30.6;17.4;0.0
05/08/1989;16.5;22.3;14.9;26.6
06/08/1989;16.2;25.4;7.6;0.0
07/08/1989;18.5;25.8;12.4;0.0
08/08/1989;19.4;30.4;14.2;0.0
09/08/1989;15.7;22.6;13.8;35.1
10/08/1989;12.6;19.8;8.4;0.0
11/08/1989;13.1;19.7;7.4;0.0
12/08/1989;14.8;23.4;7.3;0.0
13/08/1989;15.6;24.0;8.2;0.0
14/08/1989;17.3;25.6;10.4;0.0
15/08/1989;18.8;27.8;10.8;0.0
16/08/1989;21.0;30.1;14.6;0.0
17/08/1989;22.8;30.6;16.4;0.0
18/08/1989;22.2;31.0;16.8;0.0
19/08/1989;25.1;34.7;16.2;0.0
20/08/1989;20.4;29.0;16.0;0.0
21/08/1989;18.1;19.5;16.1;76.6
22/08/1989;16.3;20.4;14.2;14.0
23/08/1989;15.4;17.5;12.3;7.7
24/08/1989;22.3;31.6;14.0;0.0
25/08/1989;18.7;23.3;16.8;19.0
26/08/1989;21.8;28.6;15.0;22.6
27/08/1989;18.6;23.7;17.2;14.8
28/08/1989;16.1;24.8;7.9;13.8
29/08/1989;19.7;26.6;13.2;0.0
30/08/1989;23.7;31.6;17.3;0.0
31/08/1989;23.4;31.7;20.5;0.0
01/09/1989;16.6;20.5;15.3;8.5
02/09/1989;15.1;23.2;7.9;0.0
03/09/1989;17.8;25.8;10.5;0.0
04/09/1989;15.6;20.2;10.5;1.5
05/09/1989;18.6;24.0;14.9;66.5
06/09/1989;19.3;23.5;15.5;29.2
07/09/1989;20.6;23.5;18.4;16.9
08/09/1989;22.7;29.6;18.7;0.0
09/09/1989;23.8;31.9;17.9;0.0
10/09/1989;23.2;31.6;20.2;0.0
11/09/1989;25.5;33.0;19.6;0.0
12/09/1989;27.1;33.4;23.4;0.0
13/09/1989;18.6;26.0;16.0;0.0
14/09/1989;13.4;17.6;11.4;0.0
15/09/1989;14.5;21.3;10.7;1.8
16/09/1989;14.6;22.5;8.2;0.0
17/09/1989;15.7;24.2;7.2;0.0
18/09/1989;16.9;25.0;9.4;0.0
19/09/1989;20.6;29.2;12.4;0.0
20/09/1989;22.3;31.4;13.6;0.0
21/09/1989;23.6;32.7;13.5;0.0
22/09/1989;24.3;33.6;18.1;0.0
23/09/1989;27.0;34.6;20.8;0.2
24/09/1989;24.2;26.3;22.0;0.0
25/09/1989;17.0;23.3;11.4;2.3
26/09/1989;18.9;25.4;13.6;0.0
27/09/1989;19.4;27.4;12.2;0.0
28/09/1989;20.1;27.4;16.7;0.0
29/09/1989;18.8;27.3;15.3;0.0
30/09/1989;19.2;28.4;10.0;0.0
01/10/1989;22.3;29.8;14.2;0.0
02/10/1989;24.9;34.6;17.4;0.0
03/10/1989;21.0;32.4;15.8;0.0
04/10/1989;20.3;26.4;15.9;34.2
05/10/1989;23.6;31.9;18.2;0.0
06/10/1989;25.7;35.2;18.8;0.1
07/10/1989;24.6;33.3;18.2;0.0
08/10/1989;19.9;23.6;17.8;2.0
09/10/1989;23.7;30.4;16.2;3.8
10/10/1989;26.5;33.2;19.6;0.0
11/10/1989;21.7;27.9;19.3;0.0
12/10/1989;18.7;27.9;15.8;17.0
13/10/1989;14.4;21.8;9.3;0.0
14/10/1989;18.6;26.2;8.8;0.0
15/10/1989;17.4;21.2;15.7;0.0
16/10/1989;20.0;28.0;13.4;3.4
17/10/1989;21.1;28.6;15.6;0.0
18/10/1989;20.2;28.8;11.6;0.0
19/10/1989;21.0;29.0;13.6;0.0
20/10/1989;22.4;30.8;14.7;0.0
21/10/1989;23.6;31.8;16.8;0.0
22/10/1989;24.0;31.8;17.4;0.0
23/10/1989;25.1;33.3;17.4;0.0
24/10/1989;27.1;34.8;19.7;0.0
25/10/1989;29.0;36.0;21.8;0.0
26/10/1989;24.3;37.3;18.6;0.0
27/10/1989;17.1;24.1;12.8;11.6
28/10/1989;20.8;30.2;9.1;0.0
29/10/1989;24.8;33.4;17.8;0.0
30/10/1989;25.7;34.5;21.2;0.0
31/10/1989;24.9;31.0;19.2;18.5
01/11/1989;25.2;32.2;19.3;0.0
02/11/1989;22.8;29.2;18.5;0.0
03/11/1989;19.6;23.8;16.5;17.0
04/11/1989;21.4;26.9;19.2;7.5
05/11/1989;21.8;30.4;13.2;0.0
06/11/1989;23.1;31.6;14.4;0.0
07/11/1989;23.9;31.6;15.5;0.0
08/11/1989;23.1;31.6;19.2;0.0
09/11/1989;22.6;26.8;19.1;16.1
10/11/1989;24.4;30.4;20.1;2.0
11/11/1989;24.7;30.4;21.4;4.0
12/11/1989;19.4;25.8;16.8;16.5
13/11/1989;16.9;23.1;11.2;0.0
14/11/1989;19.2;26.5;11.3;0.0
15/11/1989;23.0;30.8;13.7;0.0
16/11/1989;24.3;33.0;15.2;0.0
17/11/1989;25.0;33.1;16.2;0.0
18/11/1989;25.7;33.2;18.8;0.0
19/11/1989;27.0;34.2;21.6;0.0
20/11/1989;25.1;35.0;20.5;0.0
21/11/1989;24.2;31.8;20.2;54.8
22/11/1989;26.1;32.0;20.2;0.0
23/11/1989;25.8;32.5;22.2;0.0
24/11/1989;27.3;33.3;21.1;16.1
25/11/1989;27.1;33.3;22.1;0.0
26/11/1989;26.5;35.2;22.8;0.0
27/11/1989;;;;1.7
28/11/1989;;;;47.0
29/11/1989;;;;0.0
30/11/1989;;;;0.0
01/12/1989;25.5;31.2;20.9;0.0
02/12/1989;24.7;30.5;19.8;0.0
03/12/1989;26.7;32.7;20.1;0.0
04/12/1989;27.4;34.8;21.0;0.0
05/12/1989;25.5;33.2;22.7;0.0
06/12/1989;26.3;32.2;21.6;4.2
07/12/1989;26.0;31.8;22.1;0.0
08/12/1989;24.0;29.4;21.8;8.4
09/12/1989;24.9;30.8;21.8;31.7
10/12/1989;25.8;30.4;23.0;21.8
11/12/1989;26.2;32.2;23.2;0.0
12/12/1989;25.8;31.2;22.6;0.1
13/12/1989;25.5;28.8;22.8;0.4
14/12/1989;26.2;32.0;21.8;4.9
15/12/1989;26.4;32.0;23.5;0.0
16/12/1989;26.5;31.8;21.1;0.0
17/12/1989;25.5;32.6;23.8;1.8
18/12/1989;22.4;28.8;20.2;32.0
19/12/1989;23.3;30.1;17.2;0.0
20/12/1989;22.3;28.8;17.5;0.0
21/12/1989;25.5;31.7;19.1;0.0
22/12/1989;27.0;34.0;20.2;0.0
23/12/1989;26.2;34.4;19.8;0.0
24/12/1989;27.2;34.6;20.2;0.0
25/12/1989;26.3;32.4;21.0;0.0
26/12/1989;22.5;25.7;19.8;24.0
27/12/1989;23.7;29.6;20.2;6.5
28/12/1989;23.4;29.0;20.2;0.6
29/12/1989;23.6;29.1;19.4;26.3
30/12/1989;23.3;30.8;19.4;0.0
31/12/1989;23.9;30.2;19.4;41.4
01/01/1990;24.4;31.0;19.8;9.3
02/01/1990;24.0;30.2;21.0;1.0
03/01/1990;24.3;31.4;20.0;47.8
04/01/1990;25.2;31.3;19.8;0.3
05/01/1990;25.0;30.0;20.4;0.0
06/01/1990;23.7;30.8;19.8;0.0
07/01/1990;24.2;29.6;19.9;2.2
08/01/1990;24.4;28.7;22.0;3.1
09/01/1990;24.4;28.9;22.6;6.0
10/01/1990;24.5;28.8;21.9;29.9
11/01/1990;24.2;29.9;21.3;0.0
12/01/1990;23.8;28.5;22.1;24.5
13/01/1990;23.8;27.3;22.2;17.4
14/01/1990;24.6;29.8;22.6;3.6
15/01/1990;24.1;31.6;20.2;2.9
16/01/1990;24.0;31.4;20.9;15.0
17/01/1990;24.4;32.0;20.2;17.2
18/01/1990;22.8;28.0;20.2;1.4
19/01/1990;23.3;30.2;18.6;5.8
20/01/1990;24.0;28.4;21.2;0.8
21/01/1990;25.9;32.4;22.0;0.0
22/01/1990;27.2;32.8;21.1;0.0
23/01/1990;26.4;32.6;22.6;0.0
24/01/1990;26.4;32.2;21.5;0.7
25/01/1990;26.0;32.8;22.2;0.0
26/01/1990;27.0;34.3;22.7;0.0
27/01/1990;27.4;34.2;21.6;0.0
28/01/1990;27.0;32.8;23.0;0.0
29/01/1990;26.4;32.0;21.9;0.0
30/01/1990;24.1;29.9;20.1;0.0
31/01/1990;23.4;31.0;20.4;0.7
01/02/1990;23.2;29.2;20.6;1.0
02/02/1990;24.3;31.4;18.2;4.5
03/02/1990;24.9;32.2;20.4;1.2
04/02/1990;26.0;34.4;20.5;0.0
05/02/1990;25.0;33.0;19.9;0.9
06/02/1990;25.0;30.8;20.0;9.6
07/02/1990;25.7;32.0;20.8;0.0
08/02/1990;25.5;32.7;20.0;0.0
09/02/1990;25.8;32.6;21.0;0.0
10/02/1990;25.9;31.8;21.2;0.0
11/02/1990;23.7;30.8;21.1;0.5
12/02/1990;23.4;27.0;20.6;19.4
13/02/1990;24.6;31.6;20.5;10.6
14/02/1990;23.8;30.6;18.4;0.0
15/02/1990;23.8;30.6;18.8;0.0
16/02/1990;24.0;30.8;18.3;0.0
17/02/1990;24.0;31.6;17.2;0.0
18/02/1990;24.6;32.6;17.8;0.0
19/02/1990;25.4;33.7;18.2;0.0
20/02/1990;26.6;32.4;19.6;0.0
21/02/1990;23.9;27.6;23.2;0.0
22/02/1990;22.8;26.8;21.3;3.2
23/02/1990;25.7;33.2;18.8;0.0
24/02/1990;24.9;32.0;20.9;0.0
25/02/1990;23.7;31.4;17.8;0.0
26/02/1990;22.3;30.4;17.0;0.0
27/02/1990;20.8;29.2;14.4;0.0
28/02/1990;21.6;30.2;12.6;0.0
01/03/1990;24.3;33.8;14.0;0.0
02/03/1990;23.3;34.4;14.0;0.0
03/03/1990;25.8;34.4;18.8;12.0
04/03/1990;26.6;35.0;19.8;0.0
05/03/1990;27.9;35.0;22.0;0.0
06/03/1990;26.4;36.2;19.9;0.0
07/03/1990;26.8;35.7;21.3;3.4
08/03/1990;28.0;35.0;22.4;5.0
09/03/1990;27.1;34.6;22.0;0.0
10/03/1990;26.6;35.4;21.3;0.0
11/03/1990;27.9;35.8;20.4;0.0
12/03/1990;29.6;36.8;22.6;0.0
13/03/1990;28.6;37.0;22.8;0.0
14/03/1990;27.8;35.6;22.3;6.4
15/03/1990;28.1;35.8;21.0;0.0
16/03/1990;24.0;35.6;19.9;0.0
17/03/1990;25.3;33.2;18.0;16.4
18/03/1990;24.7;31.6;22.3;0.0
19/03/1990;23.0;26.7;21.1;16.4
20/03/1990;24.2;30.8;21.6;10.0
21/03/1990;23.3;28.8;21.6;0.8
22/03/1990;24.0;29.2;21.2;42.2
23/03/1990;25.9;32.4;21.6;0.0
24/03/1990;23.4;29.8;19.6;5.6
25/03/1990;23.3;30.9;16.8;0.0
26/03/1990;25.4;31.3;19.8;0.0
27/03/1990;20.3;27.0;17.2;10.2
28/03/1990;21.9;28.8;16.1;0.0
29/03/1990;24.4;31.4;20.8;0.0
30/03/1990;26.3;33.6;22.1;0.0
31/03/1990;25.5;33.4;22.6;0.0
01/04/1990;25.8;33.6;20.1;2.2
02/04/1990;25.5;34.4;19.4;0.0
03/04/1990;25.0;32.4;18.7;4.0
04/04/1990;26.5;33.2;20.8;0.0
05/04/1990;27.5;33.8;22.0;0.0
06/04/1990;27.9;34.4;21.7;0.0
07/04/1990;28.6;35.6;22.6;0.0
08/04/1990;26.3;34.8;23.2;0.0
09/04/1990;25.5;34.6;21.0;19.0
10/04/1990;26.4;33.4;21.4;0.0
11/04/1990;26.2;33.4;21.0;0.0
12/04/1990;25.1;29.5;22.2;0.0
13/04/1990;24.1;33.0;20.4;0.0
14/04/1990;25.0;31.6;20.1;13.0
15/04/1990;26.3;33.4;21.2;0.0
16/04/1990;24.0;29.7;20.6;0.0
17/04/1990;20.4;24.8;18.5;25.4
18/04/1990;14.4;19.6;13.0;114.2
19/04/1990;17.6;20.4;14.2;0.0
20/04/1990;21.2;24.6;18.2;0.8
21/04/1990;23.0;29.2;18.7;0.0
22/04/1990;24.3;30.8;19.8;0.0
23/04/1990;24.3;32.2;19.0;0.0
24/04/1990;25.5;32.6;19.8;0.0
25/04/1990;24.4;31.6;20.0;0.0
26/04/1990;24.8;32.5;19.4;0.0
27/04/1990;25.3;32.9;19.8;0.0
28/04/1990;24.8;32.8;19.6;0.0
29/04/1990;20.7;23.9;19.9;2.2
30/04/1990;18.6;24.6;16.0;6.0
01/05/1990;15.3;19.2;13.9;0.0
02/05/1990;16.7;18.6;13.5;15.4
03/05/1990;19.7;25.2;15.4;0.8
04/05/1990;20.2;23.3;18.2;0.0
05/05/1990;19.8;24.4;18.1;19.6
06/05/1990;20.8;26.7;15.1;19.6
07/05/1990;21.4;26.6;18.8;0.0
08/05/1990;20.2;26.5;18.3;4.8
09/05/1990;21.1;27.0;16.1;2.0
10/05/1990;22.9;29.8;18.2;1.2
11/05/1990;19.9;25.2;16.8;35.0
12/05/1990;19.3;25.4;14.6;0.0
13/05/1990;19.4;25.2;15.6;0.0
14/05/1990;17.9;21.5;15.4;0.0
15/05/1990;18.9;21.0;17.4;28.0
16/05/1990;18.9;20.6;17.0;3.9
17/05/1990;14.3;19.6;12.4;13.8
18/05/1990;10.4;16.0;7.7;0.3
19/05/1990;10.3;18.3;3.2;0.0
20/05/1990;13.0;21.2;6.4;0.0
21/05/1990;13.7;22.3;8.6;0.0
22/05/1990;9.9;17.6;4.4;0.0
23/05/1990;11.3;20.8;3.0;0.0
24/05/1990;15.5;25.6;6.2;0.0
25/05/1990;18.2;28.1;9.6;0.0
26/05/1990;18.9;28.7;9.8;0.0
27/05/1990;20.4;29.8;13.0;0.0
28/05/1990;20.6;24.1;18.8;0.0
29/05/1990;21.2;27.7;19.0;0.1
30/05/1990;22.9;30.4;18.3;0.0
31/05/1990;20.9;30.3;17.7;0.0
01/06/1990;19.6;24.6;14.4;0.0
02/06/1990;20.3;23.4;14.4;2.4
03/06/1990;20.6;27.5;14.5;1.7
04/06/1990;21.9;29.1;16.4;0.0
05/06/1990;21.1;29.6;18.0;0.0
06/06/1990;14.8;18.0;13.8;9.0
07/06/1990;15.6;22.1;11.7;3.1
08/06/1990;19.5;26.6;11.5;0.0
09/06/1990;20.3;27.9;13.6;0.0
10/06/1990;20.3;27.2;16.6;0.0
11/06/1990;17.1;23.9;12.0;0.0
12/06/1990;16.4;21.0;11.9;0.0
13/06/1990;18.9;24.8;13.8;0.0
14/06/1990;18.9;25.6;16.0;6.8
15/06/1990;14.6;19.4;12.5;0.0
16/06/1990;12.0;20.5;5.8;0.0
17/06/1990;13.9;22.1;6.3;0.0
18/06/1990;15.5;23.8;6.4;0.0
19/06/1990;17.7;26.3;11.1;0.0
20/06/1990;14.3;18.6;12.0;0.1
21/06/1990;7.6;12.0;6.1;2.4
22/06/1990;9.1;18.1;0.0;0.0
23/06/1990;16.7;25.6;8.4;0.0
24/06/1990;20.0;28.2;15.0;0.0
25/06/1990;16.9;19.2;16.2;20.2
26/06/1990;16.2;17.8;14.2;9.6
27/06/1990;18.4;25.2;12.6;0.0
28/06/1990;19.1;25.3;14.5;0.0
29/06/1990;18.1;23.2;15.6;0.9
30/06/1990;18.3;24.6;15.0;25.7
01/07/1990;18.1;25.2;13.0;0.0
02/07/1990;18.9;26.0;13.4;0.0
03/07/1990;17.5;22.6;15.5;0.3
04/07/1990;14.0;21.4;10.6;0.0
05/07/1990;13.9;19.8;9.0;0.0
06/07/1990;13.6;17.4;12.4;0.3
07/07/1990;14.9;23.2;8.2;0.0
08/07/1990;16.4;24.8;9.7;0.0
09/07/1990;15.6;17.5;14.6;9.7
10/07/1990;15.1;20.3;13.5;21.6
11/07/1990;12.1;18.7;7.6;0.0
12/07/1990;13.3;20.7;7.2;0.0
13/07/1990;14.8;22.8;9.3;0.0
14/07/1990;17.5;24.9;10.0;0.0
15/07/1990;20.5;27.6;16.0;0.0
16/07/1990;21.7;27.8;18.1;0.0
17/07/1990;22.9;29.9;18.2;0.0
18/07/1990;23.0;29.6;19.2;0.0
19/07/1990;14.1;21.9;10.5;0.3
20/07/1990;8.3;10.5;7.2;1.9
21/07/1990;6.9;10.5;5.2;11.5
22/07/1990;7.6;14.3;1.5;0.0
23/07/1990;10.7;14.0;7.1;0.0
24/07/1990;15.1;23.6;8.1;0.0
25/07/1990;17.2;25.6;10.4;0.0
26/07/1990;20.9;29.6;13.9;0.0
27/07/1990;13.2;22.2;10.4;0.0
28/07/1990;8.5;17.6;2.0;1.8
29/07/1990;9.0;20.2;-0.4;0.0
30/07/1990;8.8;17.8;3.1;0.0
31/07/1990;9.0;18.4;1.1;0.0
01/08/1990;12.7;21.6;4.4;0.0
02/08/1990;16.7;25.6;8.8;0.0
03/08/1990;19.8;29.6;11.6;0.0
04/08/1990;19.8;30.4;9.6;0.0
05/08/1990;19.7;24.6;15.0;0.0
06/08/1990;19.0;27.3;14.8;0.0
07/08/1990;19.3;28.2;12.4;0.0
08/08/1990;20.5;29.7;13.2;0.0
09/08/1990;19.7;29.4;11.0;0.0
10/08/1990;20.0;29.4;12.9;0.0
11/08/1990;20.8;30.3;14.4;0.0
12/08/1990;21.2;30.5;13.3;0.0
13/08/1990;21.4;31.0;13.2;0.0
14/08/1990;22.3;32.5;12.9;0.0
15/08/1990;22.8;32.6;13.0;0.0
16/08/1990;19.5;24.2;18.0;2.3
17/08/1990;16.4;19.4;13.6;9.3
18/08/1990;20.3;24.7;16.6;2.4
19/08/1990;22.8;31.0;19.2;0.0
20/08/1990;19.3;21.4;18.5;0.5
21/08/1990;20.7;26.0;17.2;1.8
22/08/1990;20.6;26.5;16.2;0.0
23/08/1990;18.0;23.4;14.6;0.0
24/08/1990;15.7;20.2;13.8;0.0
25/08/1990;19.4;26.2;12.8;0.0
26/08/1990;21.6;30.3;11.6;0.0
27/08/1990;19.4;27.0;17.4;6.4
28/08/1990;13.3;18.6;11.5;30.9
29/08/1990;13.3;20.9;4.2;0.0
30/08/1990;16.0;20.9;4.4;0.0
31/08/1990;19.3;25.3;16.0;11.4
01/09/1990;15.6;18.8;15.1;37.3
02/09/1990;13.5;16.0;10.2;3.2
03/09/1990;19.3;26.3;14.2;0.0
04/09/1990;21.5;28.2;16.2;0.0
05/09/1990;21.9;28.4;17.1;0.0
06/09/1990;24.4;32.2;17.4;0.0
07/09/1990;19.5;25.8;17.8;61.0
08/09/1990;18.9;24.6;17.2;32.0
09/09/1990;18.7;27.6;9.8;0.0
10/09/1990;21.4;30.4;11.5;0.0
11/09/1990;25.9;34.0;17.4;0.0
12/09/1990;18.0;27.3;12.4;0.0
13/09/1990;12.8;18.2;11.0;0.0
14/09/1990;10.5;18.8;3.2;0.0
15/09/1990;13.1;22.5;3.4;0.0
16/09/1990;18.6;27.9;8.7;0.0
17/09/1990;22.6;31.8;12.8;0.0
18/09/1990;24.2;34.7;14.7;0.0
19/09/1990;25.0;33.3;19.2;0.0
20/09/1990;24.7;32.4;20.7;0.0
21/09/1990;25.7;33.2;19.6;0.0
22/09/1990;23.3;35.0;19.6;0.0
23/09/1990;16.4;20.4;15.2;12.1
24/09/1990;13.1;21.4;7.4;0.0
25/09/1990;15.2;23.2;7.2;0.0
26/09/1990;17.6;26.0;10.6;0.0
27/09/1990;21.2;28.4;15.6;0.0
28/09/1990;21.0;28.2;18.8;0.0
29/09/1990;18.1;20.0;17.0;53.2
30/09/1990;18.2;22.1;16.3;0.6
01/10/1990;19.4;24.4;15.5;2.8
02/10/1990;21.4;29.3;14.6;0.0
03/10/1990;23.6;31.1;16.5;0.0
04/10/1990;26.6;34.5;19.3;0.0
05/10/1990;26.9;34.0;20.8;0.0
06/10/1990;25.4;34.2;20.8;0.0
07/10/1990;27.2;35.1;20.8;2.6
08/10/1990;26.5;35.2;20.6;0.0
09/10/1990;25.4;33.1;22.4;0.0
10/10/1990;27.7;35.3;20.2;0.0
11/10/1990;29.4;36.7;23.4;0.0
12/10/1990;27.3;36.8;23.1;0.0
13/10/1990;26.8;35.8;21.4;0.3
14/10/1990;27.7;34.9;21.6;7.5
15/10/1990;23.1;27.4;21.2;39.6
16/10/1990;20.0;22.7;18.7;18.2
17/10/1990;20.9;25.0;16.8;0.3
18/10/1990;21.1;26.6;19.1;0.0
19/10/1990;22.0;26.6;17.9;16.8
20/10/1990;23.1;30.0;17.7;0.0
21/10/1990;23.4;30.2;16.4;0.0
22/10/1990;23.2;29.6;17.2;0.0
23/10/1990;24.0;31.2;18.2;0.0
24/10/1990;24.4;31.0;18.2;0.0
25/10/1990;24.3;31.0;20.0;0.0
26/10/1990;22.8;29.6;20.8;0.0
27/10/1990;24.6;32.2;17.2;19.8
28/10/1990;26.8;33.9;20.2;0.0
29/10/1990;27.3;34.4;21.0;0.0
30/10/1990;25.9;34.2;22.2;0.0
31/10/1990;26.4;32.9;21.1;24.3
01/11/1990;22.1;23.7;21.4;19.4
02/11/1990;22.8;28.2;20.6;26.0
03/11/1990;26.4;32.7;21.4;6.4
04/11/1990;27.6;34.8;22.7;0.0
05/11/1990;21.2;26.5;18.6;36.7
06/11/1990;22.0;26.6;18.1;0.2
07/11/1990;25.2;30.8;19.6;0.0
08/11/1990;24.8;29.2;22.4;4.2
09/11/1990;25.4;30.4;22.2;0.0
10/11/1990;25.8;33.7;20.8;14.8
11/11/1990;27.5;35.3;21.0;0.0
12/11/1990;28.5;35.4;22.2;0.0
13/11/1990;26.5;34.6;23.5;0.0
14/11/1990;31.0;36.4;29.5;0.0
15/11/1990;29.6;36.2;24.0;0.0
16/11/1990;26.5;35.8;24.8;0.9
17/11/1990;24.6;31.6;20.6;34.4
18/11/1990;25.4;31.6;21.6;19.8
19/11/1990;27.6;33.3;21.8;0.0
20/11/1990;26.3;33.9;21.8;0.0
21/11/1990;24.3;30.9;21.4;0.0
22/11/1990;24.2;27.3;20.7;88.0
23/11/1990;24.1;31.1;21.0;0.0
24/11/1990;26.5;32.8;21.0;0.0
25/11/1990;27.1;33.0;20.8;0.0
26/11/1990;26.8;33.8;22.6;0.0
27/11/1990;22.6;28.9;19.3;0.4
28/11/1990;21.9;30.2;14.1;0.0
29/11/1990;23.3;31.7;14.3;0.0
30/11/1990;27.1;36.4;17.2;0.0
01/12/1990;28.3;35.9;21.3;0.0
02/12/1990;28.9;36.4;24.1;0.0
03/12/1990;23.1;28.1;19.9;0.0
04/12/1990;26.1;32.0;20.6;1.4
05/12/1990;27.4;35.7;20.4;0.0
06/12/1990;27.7;34.7;23.2;0.0
07/12/1990;24.8;30.9;22.1;0.0
08/12/1990;26.2;31.2;22.0;0.0
09/12/1990;23.6;27.0;21.2;0.0
10/12/1990;23.8;30.3;21.3;1.0
11/12/1990;24.4;28.1;21.3;8.1
12/12/1990;24.7;29.3;21.3;0.0
13/12/1990;24.8;31.7;21.9;2.1
14/12/1990;22.6;28.8;17.8;1.4
15/12/1990;24.4;30.4;17.6;0.0
16/12/1990;27.8;33.8;21.8;0.0
17/12/1990;29.2;35.7;21.8;0.0
18/12/1990;27.5;36.0;24.4;0.0
19/12/1990;23.9;27.9;21.1;0.0
20/12/1990;23.4;28.8;19.0;11.8
21/12/1990;27.2;33.7;21.2;10.9
22/12/1990;28.0;34.2;24.2;0.0
23/12/1990;26.6;35.0;22.2;0.0
24/12/1990;27.7;35.2;21.6;0.0
25/12/1990;26.3;34.8;21.6;0.0
26/12/1990;25.8;31.4;21.7;0.0
27/12/1990;27.3;33.7;20.6;0.0
28/12/1990;27.6;34.8;20.6;0.0
29/12/1990;26.6;32.8;22.6;0.0
30/12/1990;23.4;29.8;18.7;0.0
31/12/1990;25.0;32.4;17.0;0.0
01/01/1991;26.7;35.4;17.6;0.0
02/01/1991;24.9;32.8;21.7;0.0
03/01/1991;22.6;24.6;20.4;22.6
04/01/1991;26.2;31.3;20.9;0.7
05/01/1991;25.8;30.0;22.6;0.3
06/01/1991;25.5;31.4;21.2;0.0
07/01/1991;25.7;31.8;19.6;0.0
08/01/1991;27.5;34.0;21.0;0.0
09/01/1991;28.2;34.4;21.4;0.0
10/01/1991;26.2;34.6;22.7;0.0
11/01/1991;25.7;32.3;21.4;12.0
12/01/1991;25.4;32.4;21.6;29.6
13/01/1991;25.2;30.8;22.0;7.2
14/01/1991;26.8;32.7;22.0;0.0
15/01/1991;25.8;33.2;20.3;0.0
16/01/1991;25.9;33.8;19.8;0.0
17/01/1991;24.8;32.6;19.4;0.0
18/01/1991;25.2;32.6;17.5;0.0
19/01/1991;25.5;32.8;20.2;0.0
20/01/1991;27.9;34.2;21.4;0.0
21/01/1991;28.4;35.2;23.3;0.0
22/01/1991;28.8;34.8;24.2;0.0
23/01/1991;27.8;35.5;23.4;0.0
24/01/1991;25.8;32.2;20.8;11.5
25/01/1991;23.6;28.2;22.2;0.0
26/01/1991;23.8;29.0;21.5;13.0
27/01/1991;23.9;31.6;17.6;2.2
28/01/1991;24.9;32.2;18.9;0.0
29/01/1991;26.5;32.2;23.0;19.4
30/01/1991;23.1;27.6;20.7;7.4
31/01/1991;22.8;29.0;19.1;31.1
01/02/1991;24.9;30.4;19.3;0.0
02/02/1991;25.4;31.3;19.2;0.0
03/02/1991;24.5;30.4;19.8;0.0
04/02/1991;26.3;32.7;20.3;0.0
05/02/1991;24.8;32.9;20.8;0.0
06/02/1991;25.3;33.0;19.5;0.0
07/02/1991;24.1;31.6;21.2;0.0
08/02/1991;23.1;31.0;19.0;0.0
09/02/1991;25.8;32.1;20.5;2.4
10/02/1991;25.4;32.0;22.2;0.0
11/02/1991;24.2;31.2;20.9;6.4
12/02/1991;23.4;27.0;21.2;21.0
13/02/1991;25.0;31.7;20.6;5.0
14/02/1991;21.2;27.4;17.8;0.0
15/02/1991;22.0;28.6;16.0;0.0
16/02/1991;23.4;31.2;16.8;0.0
17/02/1991;25.7;32.6;19.0;0.0
18/02/1991;25.2;32.4;20.1;0.0
19/02/1991;25.2;33.4;18.6;0.0
20/02/1991;24.9;33.0;21.2;0.0
21/02/1991;26.1;32.3;20.9;6.6
22/02/1991;26.4;34.6;18.1;0.0
23/02/1991;26.7;34.1;21.9;0.0
24/02/1991;26.2;32.5;20.8;0.0
25/02/1991;25.6;33.2;20.3;0.0
26/02/1991;25.8;33.2;18.2;0.0
27/02/1991;26.1;34.3;18.3;0.0
28/02/1991;24.9;33.5;21.8;0.0
01/03/1991;24.5;29.9;21.0;1.3
02/03/1991;25.8;31.4;21.2;0.0
03/03/1991;24.3;32.1;21.5;0.0
04/03/1991;24.3;32.3;21.1;0.6
05/03/1991;23.6;28.2;21.0;6.8
06/03/1991;24.9;31.1;20.5;0.0
07/03/1991;25.3;32.6;20.4;0.0
08/03/1991;26.5;32.4;22.6;0.0
09/03/1991;26.0;33.3;21.8;0.0
10/03/1991;24.6;31.4;21.5;0.0
11/03/1991;25.7;34.5;19.7;0.0
12/03/1991;27.7;34.8;21.4;4.0
13/03/1991;25.3;32.0;21.8;6.0
14/03/1991;24.9;33.0;21.3;0.0
15/03/1991;24.6;29.8;21.7;1.2
16/03/1991;25.4;31.7;22.2;0.0
17/03/1991;25.9;32.6;20.0;0.0
18/03/1991;27.2;34.2;20.5;0.0
19/03/1991;27.9;35.2;21.8;0.0
20/03/1991;25.0;33.8;21.6;0.0
21/03/1991;23.5;27.6;21.0;5.6
22/03/1991;24.5;29.4;21.7;14.8
23/03/1991;24.2;30.4;19.8;0.0
24/03/1991;24.9;31.8;20.2;0.0
25/03/1991;25.0;32.4;19.0;0.0
26/03/1991;24.2;32.3;18.6;0.0
27/03/1991;23.0;29.6;18.5;0.0
28/03/1991;22.1;29.0;18.0;0.0
29/03/1991;21.3;25.7;16.6;0.0
30/03/1991;23.3;30.5;18.0;0.0
31/03/1991;23.1;33.0;17.2;0.0
01/04/1991;24.2;32.2;17.6;0.0
02/04/1991;25.2;33.4;18.8;0.0
03/04/1991;24.2;32.5;21.0;0.0
04/04/1991;25.3;33.2;19.1;0.0
05/04/1991;25.7;33.3;20.2;0.0
06/04/1991;25.0;33.4;20.2;0.0
07/04/1991;23.0;29.2;21.1;1.4
08/04/1991;25.2;32.2;20.0;0.8
09/04/1991;26.6;33.6;21.0;0.0
10/04/1991;25.9;34.4;21.4;0.0
11/04/1991;25.6;33.4;20.0;0.0
12/04/1991;23.5;33.3;20.3;0.0
13/04/1991;24.7;31.2;19.6;47.0
14/04/1991;26.0;31.8;21.0;0.0
15/04/1991;26.4;33.2;21.8;0.0
16/04/1991;26.7;33.5;22.0;0.0
17/04/1991;26.9;33.4;22.3;0.0
18/04/1991;24.3;32.4;21.1;0.0
19/04/1991;18.0;24.6;15.4;20.8
20/04/1991;19.9;27.4;11.0;0.0
21/04/1991;21.0;27.9;15.2;0.0
22/04/1991;23.7;30.4;18.1;0.0
23/04/1991;25.4;31.8;19.8;0.0
24/04/1991;19.7;26.0;17.3;17.4
25/04/1991;18.2;25.7;13.4;0.1
26/04/1991;18.6;25.8;13.4;0.0
27/04/1991;19.0;26.8;11.9;0.0
28/04/1991;19.5;27.6;12.0;0.0
29/04/1991;20.2;27.8;13.1;0.0
30/04/1991;20.7;27.8;15.2;0.0
01/05/1991;22.2;29.0;16.3;0.0
02/05/1991;22.7;30.2;16.7;0.0
03/05/1991;23.6;31.1;17.9;0.0
04/05/1991;21.7;31.9;16.8;0.0
05/05/1991;20.3;24.2;18.9;50.2
06/05/1991;18.4;21.2;15.1;1.9
07/05/1991;18.4;20.4;17.1;0.0
08/05/1991;19.6;23.4;17.9;12.2
09/05/1991;19.3;25.8;14.5;0.0
10/05/1991;19.2;26.0;13.9;0.0
11/05/1991;19.5;26.2;15.0;0.0
12/05/1991;20.4;27.2;14.8;0.0
13/05/1991;17.6;21.1;16.0;0.0
14/05/1991;19.2;24.7;17.7;65.0
15/05/1991;15.7;21.0;12.3;17.6
16/05/1991;15.7;22.4;10.4;0.0
17/05/1991;16.4;24.7;9.6;0.0
18/05/1991;18.7;25.7;13.9;0.0
19/05/1991;20.9;28.6;14.8;0.0
20/05/1991;21.9;28.6;17.3;0.0
21/05/1991;22.8;29.4;18.6;0.0
22/05/1991;18.4;24.0;17.8;15.4
23/05/1991;16.7;23.1;14.5;0.0
24/05/1991;17.4;25.2;9.0;0.0
25/05/1991;20.4;28.5;12.8;0.0
26/05/1991;22.1;29.7;16.8;0.0
27/05/1991;23.8;31.0;17.2;0.0
28/05/1991;24.1;30.8;19.4;0.0
29/05/1991;21.7;29.2;17.2;0.0
30/05/1991;20.7;29.2;15.9;0.0
31/05/1991;20.9;28.8;15.4;0.0
01/06/1991;22.2;29.0;16.3;0.0
02/06/1991;22.7;30.2;16.7;0.0
03/06/1991;21.9;30.2;14.5;0.0
04/06/1991;23.5;29.8;19.6;0.0
05/06/1991;23.6;30.8;19.0;0.0
06/06/1991;19.4;23.1;18.0;0.2
07/06/1991;13.8;17.8;12.4;10.3
08/06/1991;15.0;20.2;11.8;0.0
09/06/1991;15.2;20.8;10.2;0.0
10/06/1991;16.3;20.8;12.2;0.0
11/06/1991;18.8;25.6;13.2;0.2
12/06/1991;19.6;27.2;14.0;0.0
13/06/1991;19.4;26.9;14.2;0.0
14/06/1991;18.1;25.6;13.6;0.0
15/06/1991;18.0;25.2;12.0;0.0
16/06/1991;19.4;28.0;12.0;0.0
17/06/1991;21.4;29.8;14.6;0.0
18/06/1991;22.4;29.0;16.8;0.0
19/06/1991;17.1;22.9;13.7;19.6
20/06/1991;23.0;29.4;17.1;0.0
21/06/1991;18.3;24.6;16.3;22.0
22/06/1991;18.3;22.9;16.3;1.5
23/06/1991;14.2;16.5;13.2;13.1
24/06/1991;16.5;22.0;11.3;0.0
25/06/1991;18.6;23.6;11.3;0.0
26/06/1991;21.3;28.8;15.5;0.0
27/06/1991;21.2;29.0;14.8;0.0
28/06/1991;16.0;26.4;12.5;3.0
29/06/1991;11.5;18.6;6.4;9.4
30/06/1991;11.7;19.3;5.9;0.0
01/07/1991;13.0;21.6;5.7;0.0
02/07/1991;15.4;25.4;7.2;0.0
03/07/1991;17.6;27.0;9.0;0.0
04/07/1991;15.5;22.6;10.6;0.0
05/07/1991;16.4;24.5;9.0;0.0
06/07/1991;18.5;26.4;11.8;0.0
07/07/1991;18.9;26.5;13.1;0.0
08/07/1991;19.3;27.8;13.0;0.0
09/07/1991;21.3;30.4;13.0;0.0
10/07/1991;22.2;30.3;16.1;0.0
11/07/1991;16.5;22.4;13.5;0.0
12/07/1991;13.4;18.8;10.0;0.0
13/07/1991;12.0;18.4;8.4;5.9
14/07/1991;11.0;16.2;6.6;0.0
15/07/1991;15.9;21.9;10.7;0.0
16/07/1991;18.9;26.9;12.3;0.0
17/07/1991;21.1;29.4;16.4;0.0
18/07/1991;21.3;30.0;14.6;0.0
19/07/1991;21.9;30.4;15.0;0.0
20/07/1991;20.9;30.2;14.8;0.0
21/07/1991;21.2;29.8;14.2;0.0
22/07/1991;13.1;21.5;10.4;0.0
23/07/1991;9.2;17.2;2.6;0.0
24/07/1991;11.1;21.2;2.0;0.0
25/07/1991;16.0;25.4;8.2;0.0
26/07/1991;18.6;28.6;11.0;0.0
27/07/1991;19.8;29.1;14.5;0.0
28/07/1991;20.0;28.8;13.6;0.0
29/07/1991;20.9;29.8;13.4;0.0
30/07/1991;20.7;30.4;13.4;0.0
31/07/1991;21.9;31.0;15.1;0.0
01/08/1991;14.7;21.7;11.8;0.0
02/08/1991;6.8;13.6;2.4;6.4
03/08/1991;9.7;18.8;1.2;0.0
04/08/1991;15.3;23.4;7.0;0.0
05/08/1991;21.2;29.2;12.1;0.0
06/08/1991;21.6;31.0;13.4;0.0
07/08/1991;22.3;30.9;17.1;0.0
08/08/1991;24.4;30.6;20.4;0.0
09/08/1991;24.2;31.8;20.2;0.0
10/08/1991;15.5;22.8;13.4;23.9
11/08/1991;12.6;16.7;10.0;0.0
12/08/1991;15.8;22.9;10.2;0.0
13/08/1991;19.7;27.0;13.7;0.0
14/08/1991;21.3;30.7;11.8;0.0
15/08/1991;21.7;29.4;16.8;0.0
16/08/1991;18.8;26.3;14.7;0.0
17/08/1991;18.1;26.0;12.5;0.0
18/08/1991;19.3;27.3;12.0;0.0
19/08/1991;18.9;28.0;12.5;0.0
20/08/1991;20.7;29.6;13.9;0.0
21/08/1991;20.5;29.6;12.8;0.0
22/08/1991;21.9;30.6;15.3;0.0
23/08/1991;21.4;31.1;13.0;0.0
24/08/1991;21.7;30.9;13.4;0.0
25/08/1991;23.2;32.6;15.3;0.0
26/08/1991;24.0;32.8;17.3;0.0
27/08/1991;23.6;32.7;16.3;0.0
28/08/1991;24.6;32.9;17.6;0.0
29/08/1991;24.8;34.6;16.6;0.0
30/08/1991;24.9;34.8;17.1;0.0
31/08/1991;25.7;35.5;18.5;0.0
01/09/1991;23.1;30.2;17.8;0.0
02/09/1991;20.9;27.7;16.0;0.0
03/09/1991;20.6;29.4;14.0;0.0
04/09/1991;22.1;30.7;15.4;0.0
05/09/1991;24.3;33.2;16.6;0.0
06/09/1991;24.2;33.0;17.2;0.0
07/09/1991;21.4;25.4;17.2;0.0
08/09/1991;22.5;30.2;17.4;0.0
09/09/1991;24.1;31.4;16.6;0.0
10/09/1991;21.3;30.3;18.3;0.0
11/09/1991;21.8;31.6;13.1;0.0
12/09/1991;23.2;33.2;16.0;0.0
13/09/1991;24.6;31.3;18.1;0.0
14/09/1991;23.2;27.6;20.0;0.0
15/09/1991;18.5;22.0;17.2;13.8
16/09/1991;22.3;30.0;14.4;5.2
17/09/1991;26.1;35.2;17.9;0.0
18/09/1991;21.6;27.3;20.9;0.0
19/09/1991;20.2;26.4;17.7;24.8
20/09/1991;20.4;28.6;11.6;0.0
21/09/1991;23.6;31.1;17.8;0.0
22/09/1991;25.2;33.9;17.3;0.0
23/09/1991;25.0;33.2;18.6;0.0
24/09/1991;25.2;32.4;20.2;0.0
25/09/1991;21.4;25.4;20.6;0.0
26/09/1991;20.2;24.2;17.1;16.1
27/09/1991;21.6;32.6;17.1;0.0
28/09/1991;19.2;21.0;17.7;0.0
29/09/1991;20.7;23.7;18.0;38.8
30/09/1991;18.4;22.9;15.7;2.2
01/10/1991;17.6;20.1;14.8;3.4
02/10/1991;19.1;20.2;18.0;20.4
03/10/1991;21.5;26.0;19.1;51.8
04/10/1991;22.3;26.5;19.6;0.0
05/10/1991;26.1;33.7;20.8;0.2
06/10/1991;20.8;29.4;15.4;0.0
07/10/1991;14.4;17.6;12.4;0.0
08/10/1991;15.4;19.4;11.8;0.2
09/10/1991;18.3;24.4;14.2;0.2
10/10/1991;18.2;27.0;9.1;0.0
11/10/1991;21.5;29.8;12.4;0.0
12/10/1991;23.8;33.1;12.4;0.0
13/10/1991;26.4;34.9;17.8;0.0
14/10/1991;29.2;36.8;23.2;0.0
15/10/1991;28.7;36.4;23.8;0.0
16/10/1991;27.2;36.2;22.4;0.0
17/10/1991;19.2;25.4;15.2;0.0
18/10/1991;20.7;27.2;14.8;0.0
19/10/1991;24.0;33.1;10.4;0.0
20/10/1991;27.5;35.0;20.2;0.0
21/10/1991;26.4;33.6;20.2;0.0
22/10/1991;25.6;34.6;19.5;0.0
23/10/1991;23.3;31.6;20.2;0.2
24/10/1991;22.7;28.6;19.6;1.1
25/10/1991;24.7;30.6;20.5;1.8
26/10/1991;27.2;33.4;22.0;0.0
27/10/1991;28.3;35.5;21.2;0.4
28/10/1991;28.7;35.5;21.8;0.0
29/10/1991;26.1;35.4;21.7;0.0
30/10/1991;24.8;34.6;17.5;0.0
31/10/1991;24.9;32.4;18.6;0.3
01/11/1991;20.5;24.5;18.5;1.7
02/11/1991;22.2;28.3;16.5;31.6
03/11/1991;23.9;31.1;17.6;0.0
04/11/1991;24.5;31.6;19.0;0.0
05/11/1991;25.4;32.7;19.3;0.0
06/11/1991;24.2;34.2;19.9;0.0
07/11/1991;23.7;28.4;20.0;34.0
08/11/1991;24.5;31.2;17.3;0.0
09/11/1991;25.7;33.2;19.0;0.0
10/11/1991;26.7;34.0;18.0;0.0
11/11/1991;24.1;31.4;19.8;7.2
12/11/1991;24.6;33.2;17.8;0.0
13/11/1991;24.3;33.6;18.8;0.0
14/11/1991;22.3;29.0;19.6;6.0
15/11/1991;22.8;29.0;17.2;0.0
16/11/1991;24.6;32.6;17.2;0.0
17/11/1991;26.5;33.6;17.7;0.0
18/11/1991;27.1;35.2;19.2;0.0
19/11/1991;25.9;34.0;18.7;0.0
20/11/1991;25.1;34.0;17.1;0.0
21/11/1991;24.8;31.6;19.1;0.0
22/11/1991;25.1;33.6;15.4;0.0
23/11/1991;27.9;36.5;20.4;0.0
24/11/1991;28.6;35.5;23.0;0.8
25/11/1991;27.7;34.0;22.3;0.0
26/11/1991;22.6;27.7;20.3;0.0
27/11/1991;23.7;28.8;18.3;24.4
28/11/1991;25.0;28.8;19.7;0.0
29/11/1991;25.7;33.6;22.2;0.0
30/11/1991;25.4;30.9;22.1;0.5
01/12/1991;26.1;33.3;19.3;13.9
02/12/1991;26.0;32.2;20.0;0.0
03/12/1991;26.2;33.4;18.6;0.0
04/12/1991;26.7;34.0;19.6;0.0
05/12/1991;26.3;36.0;19.4;0.0
06/12/1991;24.0;28.0;19.9;0.0
07/12/1991;25.5;32.8;22.6;14.4
08/12/1991;25.9;30.8;22.8;3.6
09/12/1991;27.9;34.0;22.6;0.0
10/12/1991;26.2;34.0;20.2;13.0
11/12/1991;25.3;34.6;21.4;0.1
12/12/1991;21.5;25.0;19.6;3.2
13/12/1991;20.9;26.5;14.6;68.0
14/12/1991;25.9;31.0;20.6;0.0
15/12/1991;24.2;28.9;20.9;0.6
16/12/1991;24.4;31.3;20.0;3.2
17/12/1991;25.4;32.4;19.9;28.6
18/12/1991;23.4;30.2;21.0;4.6
19/12/1991;24.5;32.2;19.3;9.2
20/12/1991;25.5;30.4;22.4;2.3
21/12/1991;26.1;32.2;19.4;1.6
22/12/1991;27.5;33.8;23.3;0.0
23/12/1991;25.8;32.2;22.8;0.0
24/12/1991;25.4;33.3;21.8;0.5
25/12/1991;26.9;33.6;21.6;3.4
26/12/1991;25.3;32.7;21.8;0.0
27/12/1991;23.7;27.5;21.0;0.5
28/12/1991;25.0;30.8;19.3;0.8
29/12/1991;26.4;32.7;22.9;0.0
30/12/1991;27.9;33.6;22.3;0.0
31/12/1991;28.7;34.2;23.7;0.0
01/01/1992;27.6;34.0;22.4;0.0
02/01/1992;25.6;32.0;22.2;0.0
03/01/1992;26.3;34.4;22.2;9.8
04/01/1992;25.3;31.0;22.7;0.0
05/01/1992;26.3;32.8;20.5;0.5
06/01/1992;27.3;34.4;20.4;0.6
07/01/1992;25.8;32.3;23.0;0.0
08/01/1992;25.3;33.3;21.8;2.3
09/01/1992;25.8;33.2;20.9;3.3
10/01/1992;24.9;31.6;21.8;0.0
11/01/1992;25.6;31.2;21.9;5.8
12/01/1992;26.4;32.9;22.7;0.0
13/01/1992;27.5;34.7;21.5;3.7
14/01/1992;26.4;34.0;21.7;0.4
15/01/1992;24.3;29.6;21.8;0.4
16/01/1992;24.7;32.0;19.4;0.5
17/01/1992;25.3;30.2;21.1;10.0
18/01/1992;26.4;32.8;20.4;0.0
19/01/1992;25.9;32.4;20.1;0.0
20/01/1992;27.1;34.5;20.1;0.0
21/01/1992;28.0;35.1;20.9;0.0
22/01/1992;27.0;36.2;21.0;0.0
23/01/1992;26.1;34.2;18.8;0.0
24/01/1992;25.2;33.6;19.1;0.0
25/01/1992;25.2;34.2;18.5;0.0
26/01/1992;27.5;34.8;19.2;0.0
27/01/1992;27.4;35.7;20.3;0.0
28/01/1992;25.5;35.5;20.8;0.0
29/01/1992;26.3;34.2;18.5;0.1
30/01/1992;27.0;34.8;19.4;0.0
31/01/1992;26.6;34.2;21.8;0.0
01/02/1992;25.6;34.8;21.5;0.4
02/02/1992;24.7;33.0;19.6;22.8
03/02/1992;26.3;32.8;21.3;13.0
04/02/1992;26.4;35.2;21.3;0.0
05/02/1992;26.9;33.8;21.4;0.2
06/02/1992;27.5;34.9;20.3;0.0
07/02/1992;27.0;35.0;22.1;0.0
08/02/1992;27.0;33.2;22.4;19.9
09/02/1992;25.8;33.4;22.8;0.1
10/02/1992;25.4;32.8;21.7;14.6
11/02/1992;26.0;32.6;21.4;0.2
12/02/1992;27.2;33.4;21.8;0.0
13/02/1992;26.0;32.8;21.8;0.0
14/02/1992;24.2;29.6;20.6;11.4
15/02/1992;25.5;31.6;20.2;6.2
16/02/1992;25.9;31.8;21.3;0.0
17/02/1992;25.2;31.8;20.6;0.6
18/02/1992;24.8;32.2;21.1;1.0
19/02/1992;26.5;33.4;20.2;1.7
20/02/1992;27.1;34.4;20.3;0.0
21/02/1992;27.2;34.8;20.8;0.0
22/02/1992;25.3;33.7;20.8;0.0
23/02/1992;24.4;31.1;20.1;0.0
24/02/1992;23.3;29.8;20.8;0.1
25/02/1992;24.8;30.4;20.0;23.0
26/02/1992;26.5;32.8;22.6;0.0
27/02/1992;22.4;27.4;20.1;0.0
28/02/1992;23.1;27.8;19.0;16.2
29/02/1992;23.5;29.8;21.9;0.0
01/03/1992;23.4;29.8;19.7;4.9
02/03/1992;22.1;29.9;18.6;0.0
03/03/1992;22.4;31.2;18.0;0.0
04/03/1992;22.6;28.6;18.7;32.8
05/03/1992;23.6;30.2;18.3;15.6
06/03/1992;25.4;32.6;18.2;0.0
07/03/1992;25.9;33.1;20.0;0.0
08/03/1992;23.7;31.4;20.2;0.0
09/03/1992;22.4;25.1;21.0;5.0
10/03/1992;22.9;30.6;20.4;10.5
11/03/1992;21.9;26.1;18.0;30.0
12/03/1992;23.4;30.1;20.1;0.1
13/03/1992;23.9;30.2;19.2;0.0
14/03/1992;22.7;29.7;19.6;0.0
15/03/1992;21.8;27.2;17.1;13.0
16/03/1992;23.0;27.8;20.6;1.4
17/03/1992;23.9;29.6;19.2;3.1
18/03/1992;24.9;31.8;19.2;0.0
19/03/1992;25.0;31.9;18.4;0.0
20/03/1992;25.5;32.4;19.6;0.0
21/03/1992;25.3;32.8;20.2;0.0
22/03/1992;24.1;30.0;21.1;0.0
23/03/1992;22.2;27.7;20.4;0.8
24/03/1992;22.5;27.4;19.8;3.7
25/03/1992;23.5;28.7;19.1;16.0
26/03/1992;23.3;29.8;19.6;0.1
27/03/1992;25.2;31.3;21.0;0.3
28/03/1992;19.9;24.9;18.6;28.6
29/03/1992;22.7;28.4;17.9;35.5
30/03/1992;23.8;29.2;20.4;0.0
31/03/1992;24.6;31.0;19.6;4.2
01/04/1992;24.2;31.0;19.2;0.0
02/04/1992;23.8;29.8;18.6;0.0
03/04/1992;24.2;31.0;18.6;0.0
04/04/1992;25.8;31.8;21.4;0.0
05/04/1992;24.3;31.4;22.0;0.0
06/04/1992;24.2;32.5;18.2;0.4
07/04/1992;20.8;23.8;19.5;35.4
08/04/1992;23.0;28.4;19.2;0.0
09/04/1992;23.3;29.9;18.9;0.0
10/04/1992;24.1;30.0;20.1;0.0
11/04/1992;24.6;31.6;20.8;0.0
12/04/1992;20.3;23.9;18.8;16.2
13/04/1992;18.7;24.1;16.0;27.2
14/04/1992;16.9;24.1;12.1;0.0
15/04/1992;16.9;24.8;10.0;0.0
16/04/1992;17.8;26.0;10.8;0.0
17/04/1992;19.1;28.2;11.5;0.0
18/04/1992;21.4;28.4;13.8;0.0
19/04/1992;21.1;32.1;17.2;0.0
20/04/1992;19.4;22.7;16.5;46.4
21/04/1992;20.4;26.1;15.6;0.0
22/04/1992;23.2;29.6;18.8;0.0
23/04/1992;18.6;23.1;16.4;21.2
24/04/1992;20.5;25.6;16.0;25.7
25/04/1992;20.3;23.4;18.2;68.6
26/04/1992;22.8;28.2;18.4;0.6
27/04/1992;23.3;29.3;18.8;0.0
28/04/1992;22.6;26.9;19.4;0.0
29/04/1992;20.1;25.0;17.3;0.1
30/04/1992;19.9;26.2;13.0;30.2
01/05/1992;21.4;23.3;20.7;17.8
02/05/1992;17.8;23.0;14.7;45.8
03/05/1992;17.9;19.9;17.0;57.6
04/05/1992;20.1;25.4;17.0;44.7
05/05/1992;20.5;27.5;18.5;0.0
06/05/1992;21.7;27.9;16.1;4.2
07/05/1992;22.6;29.3;19.0;0.0
08/05/1992;22.3;25.8;20.2;3.8
09/05/1992;23.0;29.0;18.9;0.1
10/05/1992;22.3;28.7;17.8;0.0
11/05/1992;23.4;30.8;18.0;0.0
12/05/1992;24.0;30.8;19.0;0.0
13/05/1992;19.1;24.1;17.7;16.0
14/05/1992;18.9;22.6;15.6;39.6
15/05/1992;21.3;27.8;16.7;0.0
16/05/1992;21.8;28.8;16.2;0.0
17/05/1992;22.7;29.8;17.8;0.0
18/05/1992;21.1;25.4;21.0;0.0
19/05/1992;17.8;23.3;15.2;2.9
20/05/1992;17.6;24.9;11.6;0.0
21/05/1992;20.2;25.7;16.8;0.0
22/05/1992;20.2;25.7;16.8;0.0
23/05/1992;15.7;21.8;13.6;27.0
24/05/1992;15.9;23.1;7.2;0.0
25/05/1992;20.5;26.5;18.2;0.0
26/05/1992;23.6;29.8;18.9;4.2
27/05/1992;23.4;29.2;18.7;0.0
28/05/1992;24.2;28.5;21.0;0.0
29/05/1992;16.1;24.5;13.6;6.0
30/05/1992;14.9;16.3;13.3;1.3
31/05/1992;16.4;18.2;14.3;69.0
01/06/1992;18.6;21.8;16.9;5.2
02/06/1992;19.8;25.8;15.0;0.0
03/06/1992;20.2;28.8;10.6;0.0
04/06/1992;21.2;28.4;16.0;0.0
05/06/1992;23.4;28.4;19.4;0.0
06/06/1992;24.3;29.2;21.0;0.0
07/06/1992;23.7;29.6;20.2;0.0
08/06/1992;23.0;29.7;19.1;0.0
09/06/1992;18.7;22.7;17.1;10.6
10/06/1992;17.5;20.6;14.0;19.1
11/06/1992;19.4;24.8;16.4;0.0
12/06/1992;19.1;26.2;13.6;0.0
13/06/1992;18.7;24.8;14.1;0.0
14/06/1992;18.7;25.1;14.0;0.0
15/06/1992;18.0;24.7;12.7;0.0
16/06/1992;18.5;25.9;12.8;0.0
17/06/1992;18.7;26.3;14.6;0.0
18/06/1992;17.3;24.8;12.7;0.0
19/06/1992;18.0;25.4;12.3;0.0
20/06/1992;19.6;27.4;14.4;0.0
21/06/1992;20.6;27.9;15.9;0.0
22/06/1992;21.3;28.8;16.6;0.0
23/06/1992;23.0;29.6;17.4;0.0
24/06/1992;21.9;30.0;16.0;0.0
25/06/1992;21.4;29.0;17.1;0.0
26/06/1992;21.6;29.0;16.0;0.0
27/06/1992;21.3;25.8;18.8;2.4
28/06/1992;18.3;21.4;15.4;16.0
29/06/1992;22.1;28.0;18.8;0.0
30/06/1992;20.8;26.4;18.4;0.0
01/07/1992;16.3;21.3;15.2;0.0
02/07/1992;13.5;16.9;12.0;0.7
03/07/1992;15.8;21.1;11.1;0.0
04/07/1992;20.6;27.4;14.9;0.0
05/07/1992;20.4;27.8;15.3;0.0
06/07/1992;10.5;19.8;8.0;8.0
07/07/1992;9.0;16.8;1.1;0.0
08/07/1992;12.7;20.1;6.4;0.0
09/07/1992;15.2;21.5;10.0;0.0
10/07/1992;16.0;24.9;9.8;0.0
11/07/1992;17.1;25.2;11.9;0.0
12/07/1992;19.0;26.8;13.3;0.0
13/07/1992;19.1;28.6;8.8;0.0
14/07/1992;21.2;29.4;12.8;0.0
15/07/1992;11.4;22.8;7.6;0.0
16/07/1992;8.2;10.4;5.7;6.2
17/07/1992;10.5;12.9;8.5;0.0
18/07/1992;6.5;10.9;4.9;0.0
19/07/1992;6.7;14.5;-0.4;12.1
20/07/1992;12.4;21.9;2.4;0.0
21/07/1992;16.4;26.4;9.1;0.0
22/07/1992;11.3;17.5;9.1;0.0
23/07/1992;8.6;16.7;3.4;0.0
24/07/1992;11.0;19.3;3.7;0.0
25/07/1992;15.2;23.5;6.4;0.0
26/07/1992;18.3;25.2;12.3;0.0
27/07/1992;18.5;26.0;15.7;0.0
28/07/1992;19.7;25.8;14.6;22.4
29/07/1992;21.3;29.4;14.1;0.0
30/07/1992;21.0;31.0;15.4;0.0
31/07/1992;20.9;31.3;15.4;0.0
01/08/1992;13.1;19.7;10.7;6.8
02/08/1992;12.2;19.0;7.6;0.4
03/08/1992;16.3;22.3;13.6;0.0
04/08/1992;17.3;26.4;10.6;0.0
05/08/1992;19.8;29.0;12.2;0.0
06/08/1992;21.0;29.8;15.4;0.0
07/08/1992;21.4;29.4;15.2;0.0
08/08/1992;17.4;25.6;10.8;0.0
09/08/1992;15.5;20.6;12.0;0.0
10/08/1992;18.2;24.0;12.6;0.0
11/08/1992;15.8;19.4;14.2;1.6
12/08/1992;12.9;17.2;9.6;22.2
13/08/1992;12.7;22.0;4.8;0.0
14/08/1992;14.6;23.9;5.9;0.0
15/08/1992;16.4;25.3;5.8;0.0
16/08/1992;19.0;26.6;12.7;0.0
17/08/1992;18.8;26.6;14.8;0.0
18/08/1992;18.9;24.6;14.6;8.0
19/08/1992;17.9;23.8;12.6;0.0
20/08/1992;18.2;24.0;13.2;0.0
21/08/1992;18.2;21.6;16.3;1.0
22/08/1992;19.8;24.8;16.2;0.0
23/08/1992;20.9;28.8;16.1;0.0
24/08/1992;15.7;25.9;9.1;0.0
25/08/1992;17.7;27.2;8.6;0.0
26/08/1992;19.7;28.8;10.3;0.0
27/08/1992;21.2;29.9;14.6;0.0
28/08/1992;20.8;27.5;15.5;7.6
29/08/1992;22.4;31.0;16.2;0.0
30/08/1992;25.6;32.8;18.2;0.0
31/08/1992;20.4;27.6;17.8;4.4
01/09/1992;19.5;21.2;18.3;36.8
02/09/1992;13.8;19.3;12.1;3.5
03/09/1992;14.1;17.1;11.3;0.0
04/09/1992;16.9;21.0;11.2;1.4
05/09/1992;17.5;19.4;16.6;4.5
06/09/1992;19.4;24.8;16.3;26.6
07/09/1992;19.5;25.4;15.6;0.0
08/09/1992;18.9;25.7;13.4;0.0
09/09/1992;20.3;27.4;14.4;0.0
10/09/1992;17.4;22.6;15.6;0.0
11/09/1992;18.4;24.8;14.4;12.8
12/09/1992;20.0;25.6;16.9;2.6
13/09/1992;19.0;23.0;16.0;0.0
14/09/1992;18.8;21.3;17.2;5.3
15/09/1992;19.2;23.2;15.3;0.0
16/09/1992;21.4;28.1;17.5;0.0
17/09/1992;23.7;32.2;18.6;0.0
18/09/1992;18.9;24.1;18.2;0.0
19/09/1992;18.6;23.8;14.4;54.8
20/09/1992;20.5;28.1;12.3;0.0
21/09/1992;24.4;31.8;17.2;0.0
22/09/1992;23.3;32.2;18.8;0.0
23/09/1992;23.2;30.2;16.8;6.8
24/09/1992;25.3;33.0;19.8;0.0
25/09/1992;17.9;25.4;15.4;38.2
26/09/1992;15.4;22.6;10.2;0.0
27/09/1992;17.6;26.2;9.9;0.0
28/09/1992;19.1;27.4;10.8;0.0
29/09/1992;20.8;29.0;12.3;0.0
30/09/1992;23.4;31.2;15.2;0.0
01/10/1992;21.5;26.6;19.0;0.0
02/10/1992;20.2;23.7;17.1;10.6
03/10/1992;22.7;29.4;17.1;2.2
04/10/1992;23.9;30.8;16.7;0.0
05/10/1992;22.7;30.6;11.0;0.0
06/10/1992;20.7;25.2;17.6;43.0
07/10/1992;21.0;27.0;15.6;0.0
08/10/1992;21.6;26.5;18.4;0.0
09/10/1992;20.6;26.7;15.4;6.6
10/10/1992;22.0;27.2;17.2;0.0
11/10/1992;22.4;29.9;19.9;0.0
12/10/1992;23.2;28.2;18.6;15.3
13/10/1992;23.7;28.8;20.5;7.6
14/10/1992;25.4;31.8;19.6;0.0
15/10/1992;26.8;34.3;19.7;0.0
16/10/1992;25.6;34.4;19.5;0.0
17/10/1992;21.0;23.6;19.4;0.0
18/10/1992;23.5;28.3;19.3;16.6
19/10/1992;25.8;31.8;19.8;0.0
20/10/1992;24.8;32.1;21.3;0.0
21/10/1992;20.8;24.6;16.4;2.0
22/10/1992;23.8;30.8;16.3;0.0
23/10/1992;26.0;32.1;20.2;0.0
24/10/1992;26.8;33.4;20.2;0.0
25/10/1992;28.7;35.8;21.6;0.0
26/10/1992;25.2;33.7;21.9;0.0
27/10/1992;26.1;33.4;18.6;2.5
28/10/1992;24.3;34.0;20.1;0.0
29/10/1992;17.9;22.2;13.0;53.8
30/10/1992;22.4;27.5;18.5;0.0
31/10/1992;23.4;28.2;19.6;0.0
01/11/1992;25.2;31.5;19.9;0.0
02/11/1992;25.9;33.6;21.2;0.0
03/11/1992;24.8;34.8;20.6;0.0
04/11/1992;16.9;22.4;15.2;24.0
05/11/1992;17.7;25.3;9.1;0.0
06/11/1992;20.0;27.0;11.8;0.0
07/11/1992;22.4;28.8;15.0;0.0
08/11/1992;24.1;31.6;16.6;0.0
09/11/1992;25.9;32.5;17.8;0.0
10/11/1992;26.9;34.0;19.1;0.0
11/11/1992;24.9;34.4;21.1;0.0
12/11/1992;24.0;32.4;20.0;13.5
13/11/1992;26.6;33.1;18.6;0.3
14/11/1992;28.4;34.6;22.2;0.0
15/11/1992;26.0;34.3;22.1;0.0
16/11/1992;22.1;25.7;20.7;8.0
17/11/1992;21.5;29.7;15.1;5.6
18/11/1992;22.0;30.6;13.7;0.0
19/11/1992;24.7;33.6;14.4;0.0
20/11/1992;24.7;34.6;18.8;0.0
21/11/1992;23.4;29.2;19.9;0.0
22/11/1992;23.9;29.6;20.4;18.4
23/11/1992;25.7;32.4;20.8;5.6
24/11/1992;25.1;32.4;21.9;0.0
25/11/1992;21.9;23.1;21.1;44.8
26/11/1992;23.1;27.6;20.0;11.8
27/11/1992;21.8;25.2;19.2;1.3
28/11/1992;23.2;27.8;18.6;0.0
29/11/1992;23.6;29.6;20.3;0.0
30/11/1992;23.6;30.0;20.6;19.6
01/12/1992;23.0;29.9;17.0;0.0
02/12/1992;24.1;31.0;17.0;0.0
03/12/1992;26.1;33.4;18.3;0.0
04/12/1992;26.2;33.3;20.5;0.0
05/12/1992;27.1;33.3;21.9;0.0
06/12/1992;24.6;31.3;21.5;0.0
07/12/1992;24.8;30.5;20.0;28.6
08/12/1992;26.5;33.5;20.0;0.0
09/12/1992;26.0;31.0;22.2;0.0
10/12/1992;23.2;27.6;21.3;9.0
11/12/1992;26.0;31.9;20.0;1.8
12/12/1992;26.8;33.6;20.4;0.0
13/12/1992;26.1;32.0;21.5;0.0
14/12/1992;25.8;31.7;20.6;0.0
15/12/1992;27.0;33.6;20.2;0.0
16/12/1992;27.0;33.3;20.7;0.0
17/12/1992;21.6;27.1;20.8;4.5
18/12/1992;24.7;31.3;18.8;9.4
19/12/1992;25.9;33.3;18.8;0.0
20/12/1992;25.9;33.3;21.9;0.0
21/12/1992;25.9;32.1;20.8;0.0
22/12/1992;28.0;34.4;20.4;0.0
23/12/1992;28.8;34.9;22.3;0.0
24/12/1992;26.4;35.8;22.7;0.0
25/12/1992;26.7;33.5;22.1;4.8
26/12/1992;25.7;33.2;22.0;0.0
27/12/1992;25.7;31.6;21.0;7.3
28/12/1992;26.0;32.1;20.0;0.0
29/12/1992;26.3;32.1;21.4;0.0
30/12/1992;27.1;33.2;22.5;12.4
31/12/1992;26.5;31.3;22.3;0.0
01/01/1993;28.0;34.0;21.8;0.0
02/01/1993;28.1;35.7;20.4;0.0
03/01/1993;28.7;36.0;20.3;0.0
04/01/1993;29.2;36.6;22.2;0.0
05/01/1993;28.4;36.3;23.1;0.0
06/01/1993;27.9;36.0;22.3;0.0
07/01/1993;25.6;35.1;21.6;0.0
08/01/1993;25.1;34.1;20.5;0.4
09/01/1993;25.3;34.1;22.1;4.2
10/01/1993;24.5;30.0;22.0;0.0
11/01/1993;24.0;27.9;22.3;0.1
12/01/1993;24.2;32.6;20.8;0.1
13/01/1993;24.4;28.9;20.5;11.3
14/01/1993;24.7;31.8;22.2;0.2
15/01/1993;26.6;33.0;21.0;0.0
16/01/1993;27.7;35.4;21.2;1.2
17/01/1993;25.7;35.2;22.0;0.0
18/01/1993;23.4;28.2;20.6;7.2
19/01/1993;23.6;30.6;19.4;0.0
20/01/1993;23.7;28.6;20.5;1.8
21/01/1993;25.7;32.2;20.1;0.0
22/01/1993;26.2;33.9;20.4;0.0
23/01/1993;26.1;33.4;21.1;0.0
24/01/1993;25.3;32.6;20.4;0.0
25/01/1993;24.7;31.2;21.4;1.0
26/01/1993;27.0;32.0;24.5;5.4
27/01/1993;24.6;34.1;20.8;0.0
28/01/1993;26.4;33.0;20.3;15.6
29/01/1993;25.9;34.3;22.8;0.0
30/01/1993;26.5;34.3;21.6;0.0
31/01/1993;27.4;34.7;20.2;4.6
01/02/1993;24.6;31.2;21.5;2.8
02/02/1993;25.3;31.7;19.8;1.0
03/02/1993;24.1;30.4;21.2;0.1
04/02/1993;23.8;30.1;19.8;10.2
05/02/1993;24.0;29.6;19.9;0.0
06/02/1993;24.0;32.0;21.2;14.6
07/02/1993;21.7;25.8;19.5;29.0
08/02/1993;20.4;23.7;19.3;5.4
09/02/1993;21.1;27.5;15.6;0.0
10/02/1993;23.5;29.1;16.8;0.0
11/02/1993;25.5;32.0;18.6;0.0
12/02/1993;26.6;33.8;20.1;0.0
13/02/1993;23.2;28.1;20.9;0.0
14/02/1993;22.8;27.9;19.0;0.0
15/02/1993;24.5;31.3;19.3;0.0
16/02/1993;24.7;33.1;18.3;0.0
17/02/1993;25.8;33.6;18.4;0.0
18/02/1993;23.3;32.6;20.0;0.0
19/02/1993;23.7;29.5;19.8;74.4
20/02/1993;22.2;28.5;19.8;0.0
21/02/1993;21.7;28.4;18.3;7.6
22/02/1993;21.9;28.2;18.7;4.4
23/02/1993;22.3;28.0;17.9;0.0
24/02/1993;23.6;30.6;17.2;0.0
25/02/1993;25.2;32.8;18.5;0.0
26/02/1993;25.6;32.8;18.3;0.0
27/02/1993;25.7;33.4;19.4;0.0
28/02/1993;25.5;32.4;22.9;0.0
01/03/1993;24.7;34.2;20.2;0.0
02/03/1993;25.8;33.0;19.3;0.0
03/03/1993;25.2;32.5;22.0;0.0
04/03/1993;24.1;32.7;21.6;3.0
05/03/1993;24.1;29.3;21.2;23.8
06/03/1993;27.1;32.6;21.3;0.0
07/03/1993;27.0;35.0;20.0;0.0
08/03/1993;28.2;35.1;22.6;0.0
09/03/1993;26.2;34.3;20.1;0.0
10/03/1993;23.9;33.3;20.6;15.4
11/03/1993;25.5;33.5;19.8;0.6
12/03/1993;27.0;34.1;19.8;0.0
13/03/1993;28.3;35.6;19.9;0.0
14/03/1993;25.3;35.5;19.8;0.0
15/03/1993;26.3;34.7;19.4;1.1
16/03/1993;26.3;35.5;22.4;0.0
17/03/1993;24.0;35.4;21.0;22.2
18/03/1993;24.7;30.0;20.4;34.1
19/03/1993;24.5;32.2;21.6;0.0
20/03/1993;23.3;30.2;18.8;13.8
21/03/1993;21.9;26.4;20.6;0.0
22/03/1993;20.7;23.7;20.4;17.2
23/03/1993;22.0;27.8;18.0;11.4
24/03/1993;24.4;30.6;17.1;0.0
25/03/1993;24.0;31.5;18.4;0.0
26/03/1993;23.4;31.4;18.2;0.0
27/03/1993;24.2;31.6;17.5;0.0
28/03/1993;23.1;31.8;18.6;0.0
29/03/1993;23.2;27.8;18.5;58.0
30/03/1993;24.8;30.7;19.4;0.0
31/03/1993;23.4;31.0;20.9;15.0
01/04/1993;22.6;26.0;20.6;61.3
02/04/1993;23.6;28.7;20.7;0.2
03/04/1993;24.4;30.9;20.0;0.4
04/04/1993;24.5;30.2;20.5;0.0
05/04/1993;24.8;31.3;20.3;0.0
06/04/1993;23.6;29.0;21.9;4.7
07/04/1993;23.4;28.2;20.6;0.0
08/04/1993;22.6;30.4;20.5;0.0
09/04/1993;17.3;23.6;12.7;2.8
10/04/1993;17.4;26.2;9.6;0.0
11/04/1993;22.7;29.9;15.0;0.0
12/04/1993;24.5;29.6;19.4;0.0
13/04/1993;25.0;31.8;19.3;0.0
14/04/1993;26.0;33.0;20.8;0.0
15/04/1993;26.2;33.3;19.6;0.0
16/04/1993;25.7;33.4;20.3;0.0
17/04/1993;25.1;31.8;20.4;0.0
18/04/1993;23.4;31.6;16.4;0.0
19/04/1993;23.8;32.0;16.5;0.0
20/04/1993;25.3;33.0;21.3;8.4
21/04/1993;20.7;24.6;18.4;1.2
22/04/1993;20.7;24.3;18.3;0.0
23/04/1993;20.2;24.1;18.6;0.0
24/04/1993;21.8;28.6;15.7;0.0
25/04/1993;24.2;31.2;17.3;0.0
26/04/1993;24.8;32.2;19.1;0.0
27/04/1993;24.8;32.3;18.8;0.0
28/04/1993;24.2;31.3;19.0;0.0
29/04/1993;23.1;30.6;17.4;0.0
30/04/1993;23.5;30.4;18.8;0.0
01/05/1993;23.5;31.0;17.8;0.0
02/05/1993;23.4;31.4;18.5;0.0
03/05/1993;23.4;31.7;17.4;0.0
04/05/1993;24.7;31.8;18.6;0.0
05/05/1993;16.3;25.4;12.6;5.4
06/05/1993;17.0;21.8;10.0;2.0
07/05/1993;23.5;30.4;18.8;0.0
08/05/1993;24.4;31.9;19.4;0.0
09/05/1993;24.4;31.5;18.7;0.0
10/05/1993;23.7;31.5;18.8;0.0
11/05/1993;24.0;31.4;17.4;0.0
12/05/1993;21.4;28.7;18.6;0.0
13/05/1993;23.2;30.9;18.2;34.4
14/05/1993;14.2;21.9;11.8;34.4
15/05/1993;12.0;18.4;6.6;2.1
16/05/1993;13.4;22.1;5.6;0.0
17/05/1993;17.0;24.6;9.4;0.0
18/05/1993;19.6;27.1;13.0;0.0
19/05/1993;20.8;27.5;16.2;0.0
20/05/1993;21.0;27.7;16.7;0.0
21/05/1993;19.4;26.7;15.5;0.0
22/05/1993;17.8;25.7;12.4;0.0
23/05/1993;19.7;28.0;13.8;0.0
24/05/1993;20.1;28.0;14.2;0.0
25/05/1993;18.4;26.8;12.4;0.0
26/05/1993;17.4;26.6;11.2;0.0
27/05/1993;13.4;17.2;11.9;0.5
28/05/1993;14.7;20.4;9.9;0.0
29/05/1993;19.7;26.6;12.0;0.0
30/05/1993;21.7;26.4;19.0;5.0
31/05/1993;15.2;21.4;12.1;3.8
01/06/1993;12.1;19.7;7.2;0.0
02/06/1993;16.8;24.8;7.2;0.0
03/06/1993;22.1;29.1;17.2;0.0
04/06/1993;19.2;22.9;17.4;1.4
05/06/1993;18.2;22.1;15.9;53.8
06/06/1993;17.4;22.1;13.4;0.0
07/06/1993;19.1;25.5;13.8;0.0
08/06/1993;20.4;26.3;16.2;0.0
09/06/1993;14.5;20.1;12.8;16.4
10/06/1993;10.7;13.4;9.6;0.3
11/06/1993;14.4;18.0;10.2;8.2
12/06/1993;17.8;23.8;13.5;0.0
13/06/1993;18.5;24.9;14.1;0.0
14/06/1993;19.3;26.6;13.8;0.0
15/06/1993;20.3;27.6;15.2;0.0
16/06/1993;20.3;26.8;14.9;0.0
17/06/1993;14.7;21.6;11.7;0.0
18/06/1993;9.9;16.6;8.3;24.0
19/06/1993;9.1;17.8;2.0;0.0
20/06/1993;12.5;21.2;5.4;0.0
21/06/1993;15.3;24.9;7.2;0.0
22/06/1993;17.0;26.8;8.2;0.0
23/06/1993;19.0;28.2;10.6;0.0
24/06/1993;19.7;28.3;10.6;0.0
25/06/1993;20.1;26.2;16.7;0.0
26/06/1993;18.7;28.3;12.0;0.0
27/06/1993;19.4;28.6;11.9;0.0
28/06/1993;19.6;28.6;11.3;0.0
29/06/1993;22.2;29.6;17.0;0.0
30/06/1993;23.2;30.0;18.7;0.0
01/07/1993;24.8;29.8;19.8;0.0
02/07/1993;25.1;30.6;22.6;0.0
03/07/1993;24.2;30.5;21.8;0.0
04/07/1993;24.9;31.6;22.0;0.0
05/07/1993;22.1;31.6;15.0;0.0
06/07/1993;14.3;22.5;11.7;0.0
07/07/1993;9.6;13.2;8.6;2.2
08/07/1993;11.0;19.1;3.4;0.0
09/07/1993;17.9;26.7;10.4;0.0
10/07/1993;22.0;30.0;15.0;0.0
11/07/1993;16.9;23.8;14.8;0.0
12/07/1993;12.0;14.8;10.9;14.1
13/07/1993;8.9;13.9;7.4;38.8
14/07/1993;6.5;14.0;0.8;0.0
15/07/1993;8.8;17.9;0.4;0.0
16/07/1993;14.9;22.7;6.4;0.0
17/07/1993;18.1;25.6;14.6;0.0
18/07/1993;18.6;24.0;15.6;12.2
19/07/1993;20.2;29.9;12.4;0.0
20/07/1993;21.7;29.8;15.6;0.0
21/07/1993;20.3;29.8;13.1;0.0
22/07/1993;19.7;29.4;12.8;0.0
23/07/1993;19.8;29.9;12.0;0.0
24/07/1993;21.2;29.6;15.6;0.0
25/07/1993;18.4;26.7;13.4;0.0
26/07/1993;18.7;26.5;12.9;0.0
27/07/1993;16.6;22.2;14.4;2.0
28/07/1993;19.1;26.5;13.3;1.5
29/07/1993;11.7;19.9;8.6;8.0
30/07/1993;7.2;8.6;6.4;18.8
31/07/1993;5.6;12.6;0.0;0.0
01/08/1993;8.3;14.8;1.0;0.0
02/08/1993;15.5;24.8;7.2;0.0
03/08/1993;19.3;28.6;11.1;0.0
04/08/1993;21.7;30.8;14.1;0.0
05/08/1993;22.3;31.4;15.0;0.0
06/08/1993;22.2;31.5;15.6;0.0
07/08/1993;21.6;32.4;14.2;0.0
08/08/1993;20.5;31.1;11.2;0.0
09/08/1993;14.2;22.9;11.3;0.0
10/08/1993;12.1;20.8;8.8;0.0
11/08/1993;13.5;22.8;3.8;0.0
12/08/1993;15.0;23.6;7.2;0.0
13/08/1993;16.9;24.2;13.0;0.0
14/08/1993;16.2;21.2;11.4;0.0
15/08/1993;19.2;26.2;13.9;9.4
16/08/1993;19.2;26.2;14.1;0.0
17/08/1993;16.5;24.8;13.6;0.0
18/08/1993;12.8;18.9;10.0;0.0
19/08/1993;15.9;21.6;11.0;0.2
20/08/1993;18.3;23.3;13.2;0.0
21/08/1993;18.1;23.5;14.9;0.0
22/08/1993;13.7;18.0;9.4;9.7
23/08/1993;16.7;22.8;12.3;9.8
24/08/1993;19.6;26.3;15.6;0.0
25/08/1993;19.9;29.3;11.6;0.0
26/08/1993;23.1;31.6;17.7;0.0
27/08/1993;25.6;34.0;18.5;0.0
28/08/1993;25.3;34.8;17.6;0.0
29/08/1993;25.8;35.2;19.4;0.0
30/08/1993;27.2;33.8;23.0;0.0
31/08/1993;14.5;27.2;10.6;0.0
01/09/1993;12.2;19.6;8.4;0.0
02/09/1993;16.1;24.3;9.8;0.0
03/09/1993;19.8;27.3;14.0;0.0
04/09/1993;22.3;30.4;14.0;0.0
05/09/1993;24.5;33.4;17.2;0.0
06/09/1993;25.4;36.9;17.8;0.0
07/09/1993;25.1;34.1;21.4;0.0
08/09/1993;20.1;25.1;16.3;0.0
09/09/1993;19.7;25.2;15.5;0.5
10/09/1993;21.2;26.7;15.1;0.6
11/09/1993;22.2;29.7;18.0;0.0
12/09/1993;19.4;24.4;15.4;0.9
13/09/1993;19.3;25.0;15.3;0.0
14/09/1993;16.6;18.6;15.2;14.6
15/09/1993;18.9;25.9;14.4;9.6
16/09/1993;21.3;30.6;12.2;0.0
17/09/1993;23.7;30.9;17.7;0.0
18/09/1993;26.1;34.9;19.5;0.0
19/09/1993;28.6;35.9;23.0;0.0
20/09/1993;29.3;36.3;23.6;0.0
21/09/1993;24.7;31.0;23.1;0.0
22/09/1993;23.6;29.6;20.1;0.4
23/09/1993;21.9;29.6;20.2;6.6
24/09/1993;17.0;19.5;16.3;7.9
25/09/1993;19.0;22.4;14.8;0.0
26/09/1993;16.8;20.9;15.0;3.0
27/09/1993;17.3;24.0;12.9;25.3
28/09/1993;20.3;28.4;10.9;0.0
29/09/1993;24.8;33.2;17.3;0.0
30/09/1993;26.4;34.9;19.6;0.0
01/10/1993;22.2;27.4;20.6;4.2
02/10/1993;26.8;34.3;20.2;0.0
03/10/1993;25.0;32.5;20.4;0.0
04/10/1993;23.6;33.2;20.3;0.0
05/10/1993;18.9;22.2;17.9;0.0
06/10/1993;17.6;25.0;12.0;0.0
07/10/1993;18.4;26.7;10.2;0.0
08/10/1993;20.4;29.4;10.2;0.0
09/10/1993;24.7;33.4;16.2;0.0
10/10/1993;27.0;35.5;18.0;0.0
11/10/1993;26.7;35.1;22.1;0.0
12/10/1993;27.2;35.8;20.8;0.2
13/10/1993;21.6;27.0;19.2;3.0
14/10/1993;24.1;29.9;18.6;10.0
15/10/1993;25.9;33.6;19.4;0.0
16/10/1993;27.1;34.2;20.0;0.0
17/10/1993;27.0;34.7;20.1;0.0
18/10/1993;24.7;30.3;22.0;0.0
19/10/1993;21.8;24.6;20.1;0.0
20/10/1993;23.1;30.3;19.6;7.2
21/10/1993;22.9;30.6;20.1;4.8
22/10/1993;23.4;30.8;19.3;33.5
23/10/1993;22.9;28.2;18.9;30.1
24/10/1993;23.5;28.4;18.8;0.0
25/10/1993;23.0;27.6;20.5;10.0
26/10/1993;23.2;29.0;18.6;1.0
27/10/1993;23.7;30.6;16.5;0.0
28/10/1993;24.8;31.8;18.9;0.0
29/10/1993;26.6;33.2;20.5;0.0
30/10/1993;26.8;34.3;20.4;5.0
31/10/1993;28.2;34.8;21.5;0.0
01/11/1993;22.4;28.5;20.3;0.4
02/11/1993;23.6;29.4;17.8;4.2
03/11/1993;24.0;31.8;16.9;0.0
04/11/1993;25.6;34.4;16.2;0.0
05/11/1993;28.1;36.9;19.5;0.0
06/11/1993;22.9;29.7;19.1;0.0
07/11/1993;20.8;28.2;17.3;25.6
08/11/1993;22.4;31.2;13.5;0.0
09/11/1993;26.2;33.8;18.9;0.0
10/11/1993;26.9;33.7;21.8;0.0
11/11/1993;25.8;33.2;20.6;0.0
12/11/1993;25.3;32.2;21.4;10.0
13/11/1993;27.0;35.0;19.7;0.0
14/11/1993;28.3;35.6;22.8;0.0
15/11/1993;27.7;36.4;21.3;0.0
16/11/1993;28.7;36.2;23.4;0.0
17/11/1993;23.3;27.8;21.7;3.6
18/11/1993;20.2;22.8;18.8;5.6
19/11/1993;23.1;30.6;17.8;2.0
20/11/1993;25.1;33.4;15.4;0.0
21/11/1993;26.8;34.2;18.6;0.0
22/11/1993;27.1;34.5;19.1;0.0
23/11/1993;29.6;37.0;21.4;0.0
24/11/1993;24.5;30.1;22.0;0.0
25/11/1993;25.0;33.0;18.8;0.0
26/11/1993;22.8;25.7;21.6;0.0
27/11/1993;22.4;29.8;18.4;14.6
28/11/1993;23.3;31.1;16.1;0.0
29/11/1993;26.0;33.9;16.8;0.0
30/11/1993;29.4;36.1;22.2;0.0
01/12/1993;24.0;29.8;19.4;21.0
02/12/1993;27.0;34.1;21.1;0.0
03/12/1993;29.1;35.4;23.3;0.0
04/12/1993;30.0;36.8;24.8;0.0
05/12/1993;26.2;35.0;22.9;0.0
06/12/1993;25.7;32.8;21.1;51.6
07/12/1993;28.9;35.4;22.0;0.0
08/12/1993;28.1;36.2;23.3;0.0
09/12/1993;25.8;33.7;22.0;0.0
10/12/1993;22.9;24.5;21.1;4.8
11/12/1993;23.2;30.4;17.0;32.0
12/12/1993;23.4;29.5;17.2;34.9
13/12/1993;25.7;30.6;22.4;4.6
14/12/1993;25.8;31.7;22.1;30.2
15/12/1993;26.1;31.2;22.1;0.0
16/12/1993;22.6;25.5;20.6;29.0
17/12/1993;23.0;28.3;20.8;16.8
18/12/1993;24.6;29.8;18.6;0.0
19/12/1993;25.5;31.9;22.0;0.0
20/12/1993;25.3;31.7;20.8;1.6
21/12/1993;25.7;31.0;19.8;0.0
22/12/1993;24.3;30.4;19.1;0.0
23/12/1993;24.5;30.4;19.1;0.0
24/12/1993;22.6;27.0;19.4;0.0
25/12/1993;23.6;29.2;18.3;0.0
26/12/1993;25.4;31.4;20.4;0.0
27/12/1993;26.1;33.0;20.4;0.0
28/12/1993;22.5;26.6;20.9;1.0
29/12/1993;22.8;26.8;18.4;6.9
30/12/1993;20.6;27.4;14.8;0.5
31/12/1993;24.1;30.6;15.2;0.0
01/01/1994;26.5;32.6;20.6;0.0
02/01/1994;25.9;32.8;21.1;0.0
03/01/1994;23.2;31.4;20.3;0.0
04/01/1994;24.7;30.6;19.2;4.4
05/01/1994;25.1;31.2;19.8;0.0
06/01/1994;24.1;32.0;18.6;0.0
07/01/1994;25.8;33.3;20.4;0.0
08/01/1994;26.2;34.6;22.8;0.0
09/01/1994;23.6;30.1;20.1;2.0
10/01/1994;22.1;29.7;14.4;0.0
11/01/1994;23.6;31.3;14.6;0.0
12/01/1994;25.3;33.2;16.2;0.0
13/01/1994;26.2;33.5;17.8;0.0
14/01/1994;27.8;35.0;20.1;0.0
15/01/1994;24.9;34.2;20.5;0.0
16/01/1994;26.8;33.6;21.2;6.2
17/01/1994;25.5;34.2;20.7;8.0
18/01/1994;25.0;31.3;22.3;0.0
19/01/1994;25.7;32.7;20.5;0.0
20/01/1994;26.8;34.6;22.7;0.0
21/01/1994;25.7;30.1;23.1;0.0
22/01/1994;24.6;31.5;22.4;6.8
23/01/1994;25.0;30.6;22.3;30.2
24/01/1994;26.6;32.4;22.5;0.0
25/01/1994;27.1;33.0;23.4;0.0
26/01/1994;24.6;30.0;21.1;20.6
27/01/1994;23.1;27.5;21.1;43.0
28/01/1994;25.9;31.5;22.2;0.0
29/01/1994;24.0;28.6;22.3;0.0
30/01/1994;23.9;32.0;15.6;4.4
31/01/1994;24.1;29.2;20.8;39.8
01/02/1994;25.5;32.5;21.4;0.0
02/02/1994;25.9;33.0;22.0;0.0
03/02/1994;26.3;33.4;22.6;0.4
04/02/1994;28.0;34.4;21.6;0.0
05/02/1994;25.4;34.6;21.9;0.0
06/02/1994;24.8;30.6;20.6;1.0
07/02/1994;25.1;30.7;22.5;0.0
08/02/1994;25.6;30.7;21.4;0.0
09/02/1994;25.0;33.0;22.0;0.0
10/02/1994;25.6;32.9;22.1;0.7
11/02/1994;25.0;32.9;20.8;0.8
12/02/1994;23.6;30.0;20.8;17.6
13/02/1994;26.6;32.5;20.5;16.0
14/02/1994;24.8;31.7;22.4;0.0
15/02/1994;25.9;31.6;21.2;3.0
16/02/1994;27.3;33.0;22.5;2.0
17/02/1994;25.4;32.2;22.4;0.0
18/02/1994;24.4;33.0;21.5;5.6
19/02/1994;24.1;32.2;21.2;17.8
20/02/1994;24.1;30.1;19.5;22.6
21/02/1994;25.5;31.4;21.3;0.0
22/02/1994;22.8;28.5;21.1;36.0
23/02/1994;23.7;28.6;20.2;5.1
24/02/1994;24.2;30.7;20.4;0.0
25/02/1994;24.9;32.2;19.6;22.7
26/02/1994;25.7;32.4;20.3;0.3
27/02/1994;26.8;33.5;21.2;0.0
28/02/1994;26.1;32.2;22.7;0.0
01/03/1994;23.7;27.8;22.1;0.0
02/03/1994;23.5;30.7;18.8;10.4
03/03/1994;23.6;27.6;20.4;0.4
04/03/1994;23.7;30.1;19.0;0.0
05/03/1994;23.7;29.8;20.7;0.0
06/03/1994;23.1;29.4;18.3;0.0
07/03/1994;22.7;29.1;18.0;0.0
08/03/1994;21.1;26.6;17.3;0.5
09/03/1994;23.7;31.4;17.4;0.0
10/03/1994;25.5;33.2;18.8;0.0
11/03/1994;26.2;34.3;19.8;0.0
12/03/1994;25.9;34.2;19.8;0.0
13/03/1994;26.8;32.2;22.6;0.0
14/03/1994;27.0;34.0;21.6;0.0
15/03/1994;25.9;32.8;20.8;0.0
16/03/1994;27.3;34.4;20.0;0.0
17/03/1994;24.5;33.4;21.2;0.0
18/03/1994;25.3;30.8;20.6;9.6
19/03/1994;24.7;29.6;21.8;0.5
20/03/1994;24.0;29.6;22.0;17.7
21/03/1994;22.5;26.4;20.0;0.7
22/03/1994;21.6;28.6;18.3;2.0
23/03/1994;22.3;31.4;13.6;0.0
24/03/1994;25.6;32.8;20.0;0.0
25/03/1994;23.1;29.2;20.6;0.3
26/03/1994;20.7;24.7;18.5;12.3
27/03/1994;23.0;29.4;16.4;0.0
28/03/1994;24.8;30.8;20.4;0.0
29/03/1994;24.7;31.4;20.2;0.0
30/03/1994;22.4;26.1;20.3;1.6
31/03/1994;22.7;27.2;20.6;4.0
01/04/1994;23.5;29.6;18.8;21.0
02/04/1994;24.2;29.6;20.4;0.0
03/04/1994;22.2;28.8;18.3;0.0
04/04/1994;23.0;31.2;14.8;0.0
05/04/1994;26.2;33.6;19.0;0.0
06/04/1994;22.9;32.2;19.5;0.0
07/04/1994;14.5;19.5;10.2;5.3
08/04/1994;16.1;23.7;9.2;0.0
09/04/1994;18.9;26.4;11.8;0.0
10/04/1994;21.2;28.3;16.7;0.0
11/04/1994;22.0;29.4;16.8;0.0
12/04/1994;22.9;30.8;17.0;0.0
13/04/1994;22.0;30.4;19.5;0.0
14/04/1994;20.0;22.3;18.3;2.5
15/04/1994;22.0;29.2;15.5;0.4
16/04/1994;23.5;30.8;17.2;0.0
17/04/1994;23.0;33.2;18.6;0.0
18/04/1994;21.3;24.0;19.9;25.0
19/04/1994;21.7;23.0;20.5;4.6
20/04/1994;23.2;29.1;19.6;4.1
21/04/1994;25.0;32.0;19.8;0.1
22/04/1994;24.6;30.6;20.6;0.0
23/04/1994;23.4;28.2;19.8;0.0
24/04/1994;24.6;30.8;20.0;0.0
25/04/1994;25.4;31.9;20.5;0.0
26/04/1994;25.9;33.4;20.1;0.0
27/04/1994;26.6;33.9;21.2;0.0
28/04/1994;26.0;34.0;19.7;0.0
29/04/1994;24.8;31.6;20.2;0.0
30/04/1994;24.1;31.2;19.6;0.0
01/05/1994;23.8;31.5;18.8;0.0
02/05/1994;24.1;31.2;19.2;0.0
03/05/1994;23.9;31.9;18.1;0.0
04/05/1994;23.4;32.6;16.7;0.0
05/05/1994;24.6;32.7;17.2;0.0
06/05/1994;24.4;32.4;18.4;0.0
07/05/1994;24.0;32.3;15.2;0.0
08/05/1994;24.4;33.0;16.3;0.0
09/05/1994;24.0;34.0;19.5;0.0
10/05/1994;22.7;27.6;20.2;15.0
11/05/1994;20.6;25.8;18.6;0.0
12/05/1994;17.1;21.5;15.6;23.4
13/05/1994;14.7;17.8;13.0;0.0
14/05/1994;13.8;20.8;9.4;0.0
15/05/1994;14.1;19.8;9.4;0.0
16/05/1994;16.9;25.2;9.1;0.0
17/05/1994;17.6;26.2;12.0;0.0
18/05/1994;20.0;28.6;11.8;0.0
19/05/1994;20.9;28.1;16.2;0.0
20/05/1994;20.1;26.4;16.0;44.9
21/05/1994;18.8;23.4;12.6;0.4
22/05/1994;18.8;22.4;13.5;49.4
23/05/1994;22.9;29.6;18.8;4.8
24/05/1994;22.9;30.4;21.2;0.0
25/05/1994;23.2;30.8;16.9;0.0
26/05/1994;20.2;24.2;18.9;25.8
27/05/1994;20.6;25.4;17.6;16.2
28/05/1994;19.3;25.0;17.0;0.0
29/05/1994;19.5;25.0;15.2;11.6
30/05/1994;21.7;27.4;17.2;0.0
31/05/1994;21.3;26.7;17.7;0.0
01/06/1994;20.6;25.0;16.6;14.0
02/06/1994;21.4;27.6;16.9;0.0
03/06/1994;22.2;28.6;17.6;0.0
04/06/1994;21.4;25.4;17.6;0.0
05/06/1994;22.1;27.7;18.2;0.0
06/06/1994;22.1;29.0;17.2;0.0
07/06/1994;21.4;28.0;17.0;0.0
08/06/1994;17.8;21.8;16.2;10.4
09/06/1994;17.2;21.7;15.2;0.0
10/06/1994;16.6;23.0;11.4;0.0
11/06/1994;17.5;25.8;11.4;0.0
12/06/1994;20.0;26.8;14.8;0.0
13/06/1994;17.5;21.6;15.4;0.0
14/06/1994;17.2;23.3;12.6;0.2
15/06/1994;20.1;26.9;14.9;0.0
16/06/1994;21.1;28.9;14.4;0.0
17/06/1994;21.2;29.6;14.8;0.0
18/06/1994;22.3;30.6;16.8;0.0
19/06/1994;23.8;30.6;19.8;0.0
20/06/1994;20.6;24.3;15.8;14.2
21/06/1994;20.0;23.2;18.9;7.4
22/06/1994;18.9;23.3;15.6;0.0
23/06/1994;16.4;22.0;10.9;0.0
24/06/1994;16.8;25.7;16.4;0.0
25/06/1994;6.3;12.8;4.2;21.4
26/06/1994;6.3;15.6;-0.6;0.0
27/06/1994;8.9;19.9;0.2;0.0
28/06/1994;12.2;23.3;3.6;0.0
29/06/1994;16.6;25.6;8.7;0.0
30/06/1994;20.8;29.4;16.1;0.0
01/07/1994;20.2;27.2;13.4;0.0
02/07/1994;18.9;25.3;12.4;0.0
03/07/1994;19.2;25.9;11.9;67.2
04/07/1994;18.8;27.5;9.4;0.0
05/07/1994;18.3;24.6;10.8;0.0
06/07/1994;18.0;26.2;9.2;0.0
07/07/1994;14.7;19.4;11.1;0.3
08/07/1994;8.8;15.0;6.8;0.3
09/07/1994;4.5;11.2;-0.4;0.0
10/07/1994;7.4;16.2;0.4;0.0
11/07/1994;10.7;19.7;2.4;0.0
12/07/1994;14.9;23.5;7.2;0.0
13/07/1994;17.9;26.7;11.0;0.0
14/07/1994;19.7;29.5;13.2;0.0
15/07/1994;19.2;29.4;11.7;0.0
16/07/1994;20.7;30.4;13.3;0.0
17/07/1994;20.5;30.5;14.2;0.0
18/07/1994;20.5;30.6;12.4;0.0
19/07/1994;21.4;31.6;13.8;0.0
20/07/1994;21.8;30.9;15.3;0.0
21/07/1994;23.3;31.2;16.3;0.0
22/07/1994;16.3;26.0;11.7;2.5
23/07/1994;10.3;16.3;7.6;27.5
24/07/1994;13.4;21.6;4.0;0.0
25/07/1994;20.3;30.2;11.8;0.0
26/07/1994;22.4;28.3;18.4;0.0
27/07/1994;23.2;32.0;17.1;0.0
28/07/1994;22.7;32.2;16.6;0.0
29/07/1994;23.0;32.0;16.6;0.0
30/07/1994;22.7;31.7;15.7;0.0
31/07/1994;21.6;31.4;13.4;0.0
01/08/1994;23.0;32.1;16.3;0.0
02/08/1994;16.7;23.7;16.0;0.0
03/08/1994;11.7;20.9;6.0;0.3
04/08/1994;11.3;21.2;3.3;0.0
05/08/1994;15.1;24.0;7.9;0.0
06/08/1994;16.4;25.5;9.6;0.0
07/08/1994;17.2;25.7;10.7;0.0
08/08/1994;20.0;29.6;10.7;0.0
09/08/1994;19.4;31.0;15.6;0.0
10/08/1994;13.2;20.4;11.3;15.0
11/08/1994;13.0;23.1;4.2;0.0
12/08/1994;16.5;24.4;8.5;0.0
13/08/1994;20.6;30.0;13.8;0.0
14/08/1994;22.4;30.5;15.4;0.0
15/08/1994;21.1;30.4;14.2;0.0
16/08/1994;16.8;22.4;15.2;0.0
17/08/1994;19.3;28.9;10.8;0.0
18/08/1994;20.7;28.7;15.1;0.0
19/08/1994;21.4;31.5;12.3;0.0
20/08/1994;21.7;32.2;12.8;0.0
21/08/1994;22.5;32.3;12.6;0.0
22/08/1994;22.9;33.6;12.7;0.0
23/08/1994;22.2;34.1;15.2;0.0
24/08/1994;21.8;32.4;12.9;0.0
25/08/1994;23.8;32.9;15.2;0.0
26/08/1994;23.9;34.2;15.2;0.0
27/08/1994;24.5;33.9;17.0;0.0
28/08/1994;25.2;34.8;17.1;0.0
29/08/1994;25.8;35.6;17.3;0.0
30/08/1994;26.9;36.6;17.8;0.0
31/08/1994;26.9;36.3;18.8;0.0
01/09/1994;22.3;36.4;17.3;0.0
02/09/1994;13.3;17.8;10.2;0.0
03/09/1994;16.1;25.0;7.9;0.0
04/09/1994;19.7;28.6;11.0;0.0
05/09/1994;22.9;31.1;15.4;0.0
06/09/1994;26.0;35.9;16.9;0.0
07/09/1994;23.0;35.6;16.0;0.0
08/09/1994;16.6;20.9;15.0;14.6
09/09/1994;16.9;24.7;9.0;0.0
10/09/1994;19.9;28.3;12.9;0.0
11/09/1994;22.0;30.6;13.8;0.0
12/09/1994;25.9;36.1;16.3;0.0
13/09/1994;28.6;36.4;22.7;0.0
14/09/1994;22.1;28.6;19.8;0.0
15/09/1994;19.9;24.0;17.8;43.6
16/09/1994;23.0;28.9;18.6;2.4
17/09/1994;23.9;30.4;18.1;0.0
18/09/1994;24.5;32.1;18.8;0.0
19/09/1994;25.8;34.0;18.5;0.0
20/09/1994;27.5;36.6;19.6;0.0
21/09/1994;26.9;36.0;18.8;0.0
22/09/1994;26.4;36.0;18.0;0.0
23/09/1994;27.3;36.8;18.4;0.0
24/09/1994;26.7;35.6;18.6;0.0
25/09/1994;26.8;34.2;21.8;0.0
26/09/1994;24.6;34.6;19.8;0.0
27/09/1994;23.6;34.5;16.4;0.0
28/09/1994;22.1;29.6;15.4;0.0
29/09/1994;20.6;23.8;18.8;0.0
30/09/1994;21.5;25.7;18.6;20.4
01/10/1994;20.9;27.6;15.1;0.2
02/10/1994;25.8;32.4;19.6;30.4
03/10/1994;23.9;32.5;21.8;1.0
04/10/1994;22.6;29.5;16.3;9.2
05/10/1994;23.0;29.5;18.1;0.0
06/10/1994;24.3;31.3;19.4;0.0
07/10/1994;23.2;30.9;17.0;0.0
08/10/1994;24.6;32.8;16.8;0.0
09/10/1994;27.6;35.8;19.3;0.0
10/10/1994;27.4;36.9;19.0;0.0
11/10/1994;27.8;36.2;18.5;0.0
12/10/1994;26.1;33.2;19.6;0.0
13/10/1994;24.7;33.0;22.4;0.0
14/10/1994;22.9;29.4;19.4;16.0
15/10/1994;25.0;31.0;20.8;4.6
16/10/1994;27.1;34.0;21.4;0.0
17/10/1994;27.9;35.6;21.7;0.0
18/10/1994;27.3;35.4;22.8;0.0
19/10/1994;27.9;35.1;22.0;0.0
20/10/1994;23.6;33.6;20.3;0.0
21/10/1994;24.1;33.8;19.9;5.0
22/10/1994;23.2;27.6;20.4;25.2
23/10/1994;25.3;30.6;21.1;0.0
24/10/1994;24.3;30.8;21.9;0.0
25/10/1994;23.3;29.2;20.7;22.6
26/10/1994;22.5;28.7;20.2;12.4
27/10/1994;24.1;29.6;20.0;51.4
28/10/1994;24.7;30.6;22.0;1.2
29/10/1994;24.1;28.7;20.2;0.0
30/10/1994;21.9;26.7;17.9;0.2
31/10/1994;23.6;28.6;19.6;0.3
01/11/1994;23.6;29.6;19.4;0.0
02/11/1994;23.5;30.8;13.5;22.2
03/11/1994;27.8;34.5;20.4;0.0
04/11/1994;28.4;36.2;22.6;0.0
05/11/1994;23.6;31.4;18.0;0.0
06/11/1994;23.2;32.7;14.4;1.4
07/11/1994;25.8;34.0;20.5;0.4
08/11/1994;26.1;35.0;20.6;13.2
09/11/1994;22.2;28.5;18.6;7.5
10/11/1994;25.2;31.9;17.7;1.7
11/11/1994;25.4;34.0;19.6;0.0
12/11/1994;27.5;35.8;22.5;5.4
13/11/1994;25.3;35.4;21.0;0.0
14/11/1994;25.3;31.2;20.0;31.8
15/11/1994;27.3;33.7;22.3;0.0
16/11/1994;25.9;32.7;21.7;0.0
17/11/1994;24.1;30.4;21.0;0.0
18/11/1994;24.8;30.0;20.8;7.3
19/11/1994;23.9;28.6;20.8;1.2
20/11/1994;23.5;28.8;19.5;0.0
21/11/1994;22.7;28.5;18.1;0.0
22/11/1994;21.9;28.5;16.7;0.0
23/11/1994;21.4;28.7;14.6;0.0
24/11/1994;23.1;30.0;16.0;0.0
25/11/1994;24.7;31.6;18.5;0.0
26/11/1994;23.9;32.4;15.3;1.4
27/11/1994;21.6;26.5;15.4;0.1
28/11/1994;21.6;31.4;18.1;0.9
29/11/1994;20.4;27.2;15.5;44.0
30/11/1994;22.5;29.7;14.1;0.0
01/12/1994;25.7;32.9;16.3;0.0
02/12/1994;27.4;33.2;21.5;0.0
03/12/1994;28.0;34.7;22.4;0.0
04/12/1994;23.7;32.7;19.1;0.0
05/12/1994;22.8;28.2;18.8;27.4
06/12/1994;24.3;29.2;21.2;9.5
07/12/1994;26.4;32.8;20.8;5.7
08/12/1994;26.2;31.4;21.4;0.0
09/12/1994;26.5;32.3;20.8;0.0
10/12/1994;27.5;34.0;22.5;0.0
11/12/1994;28.5;33.8;22.9;0.0
12/12/1994;27.5;34.2;22.6;0.0
13/12/1994;28.2;34.4;22.0;0.0
14/12/1994;29.2;35.3;22.8;0.0
15/12/1994;28.6;30.1;23.0;0.0
16/12/1994;27.2;33.6;23.0;0.0
17/12/1994;26.3;33.0;22.3;11.5
18/12/1994;26.1;33.0;21.8;0.6
19/12/1994;28.0;34.6;21.4;0.0
20/12/1994;25.1;30.6;23.0;0.0
21/12/1994;22.5;25.3;20.5;10.4
22/12/1994;24.6;30.5;20.0;0.1
23/12/1994;24.8;33.9;19.6;0.0
24/12/1994;27.9;33.6;22.5;0.0
25/12/1994;28.8;35.6;21.8;0.0
26/12/1994;29.1;35.7;23.4;0.0
27/12/1994;24.4;29.3;22.4;0.9
28/12/1994;23.0;25.4;20.8;28.3
29/12/1994;23.4;26.0;21.6;35.8
30/12/1994;23.9;28.5;21.4;9.8
31/12/1994;24.6;29.9;22.2;15.3
01/01/1995;24.6;29.8;21.5;30.5
02/01/1995;24.6;30.5;20.8;0.0
03/01/1995;25.4;30.6;22.3;16.3
04/01/1995;25.8;30.7;22.4;0.1
05/01/1995;25.7;29.1;23.2;1.1
06/01/1995;25.4;29.6;23.3;0.6
07/01/1995;25.5;30.4;21.9;0.1
08/01/1995;26.3;31.5;22.4;5.7
09/01/1995;24.7;30.0;22.5;0.0
10/01/1995;23.2;27.9;21.0;17.8
11/01/1995;23.8;25.9;22.5;39.0
12/01/1995;25.8;30.6;22.1;46.8
13/01/1995;26.3;31.3;21.4;0.0
14/01/1995;27.6;33.5;21.3;0.0
15/01/1995;26.4;33.8;23.1;0.0
16/01/1995;24.8;32.8;20.2;10.5
17/01/1995;24.5;31.6;20.4;10.4
18/01/1995;24.1;30.8;20.6;9.8
19/01/1995;26.2;32.8;20.5;3.5
20/01/1995;25.6;33.6;22.3;0.0
21/01/1995;24.2;32.6;21.2;0.7
22/01/1995;24.9;32.3;20.0;2.2
23/01/1995;25.7;32.8;20.3;0.0
24/01/1995;27.6;34.0;21.2;0.0
25/01/1995;27.5;34.6;22.3;0.0
26/01/1995;26.1;33.4;22.7;10.0
27/01/1995;25.4;32.0;22.0;0.0
28/01/1995;25.0;31.5;21.9;4.3
29/01/1995;26.0;31.4;21.7;3.4
30/01/1995;25.6;32.4;22.4;0.0
31/01/1995;24.9;31.2;22.0;0.0
01/02/1995;24.3;25.4;23.5;15.9
02/02/1995;24.8;29.4;22.4;53.8
03/02/1995;24.6;28.0;22.2;0.7
04/02/1995;23.9;28.6;19.1;0.0
05/02/1995;25.3;31.0;22.6;2.6
06/02/1995;26.0;31.8;22.1;3.7
07/02/1995;23.1;26.8;21.2;0.0
08/02/1995;23.1;26.4;20.5;1.0
09/02/1995;24.2;30.8;18.6;0.0
10/02/1995;23.8;30.0;18.8;0.0
11/02/1995;25.4;31.6;19.8;5.6
12/02/1995;24.3;30.9;22.0;1.0
13/02/1995;26.0;31.6;22.0;0.0
14/02/1995;25.7;32.8;21.5;0.0
15/02/1995;26.0;32.4;20.4;0.0
16/02/1995;25.5;32.7;20.7;0.0
17/02/1995;24.4;32.6;20.7;1.4
18/02/1995;24.3;29.4;20.6;9.6
19/02/1995;24.3;30.4;18.8;0.0
20/02/1995;25.7;32.1;22.1;0.0
21/02/1995;25.8;32.8;20.5;0.0
22/02/1995;26.3;32.2;20.6;0.3
23/02/1995;25.4;33.0;22.4;12.9
24/02/1995;23.9;30.0;21.8;0.1
25/02/1995;24.2;32.4;20.7;15.0
26/02/1995;24.5;32.8;20.7;0.0
27/02/1995;25.7;33.7;19.4;0.1
28/02/1995;26.0;33.6;21.2;0.0
01/03/1995;24.7;32.2;21.6;11.0
02/03/1995;26.7;32.8;21.2;8.2
03/03/1995;27.7;34.6;21.4;0.0
04/03/1995;26.2;33.8;22.2;0.0
05/03/1995;25.9;31.7;21.9;0.0
06/03/1995;25.0;32.4;20.6;0.0
07/03/1995;27.4;34.0;21.0;0.0
08/03/1995;26.3;34.0;22.6;0.0
09/03/1995;23.6;29.0;19.5;0.8
10/03/1995;25.1;32.6;17.8;0.0
11/03/1995;25.5;31.5;20.5;0.0
12/03/1995;22.8;31.9;19.7;0.0
13/03/1995;22.3;28.6;18.4;17.3
14/03/1995;21.3;27.9;16.8;0.0
15/03/1995;22.3;30.2;15.2;0.0
16/03/1995;23.6;31.7;15.0;0.0
17/03/1995;23.2;30.3;17.5;0.0
18/03/1995;25.2;32.6;18.1;0.0
19/03/1995;25.2;34.7;18.6;0.0
20/03/1995;23.5;30.0;21.2;0.0
21/03/1995;25.6;31.3;20.9;10.6
22/03/1995;26.1;33.4;23.7;0.0
23/03/1995;26.9;33.2;21.9;3.0
24/03/1995;22.9;29.2;20.8;30.0
25/03/1995;23.1;30.2;17.0;0.0
26/03/1995;23.4;29.2;19.4;0.0
27/03/1995;24.5;30.6;18.8;0.0
28/03/1995;25.2;32.2;20.1;0.0
29/03/1995;24.1;29.0;20.6;0.0
30/03/1995;24.7;30.8;19.8;6.6
31/03/1995;24.5;28.7;22.6;0.8
01/04/1995;18.7;25.2;16.4;12.3
02/04/1995;18.4;26.4;12.0;0.0
03/04/1995;19.5;27.9;12.7;0.0
04/04/1995;21.7;29.4;14.4;0.0
05/04/1995;24.1;31.7;18.0;0.0
06/04/1995;25.0;32.8;16.2;0.0
07/04/1995;24.6;31.0;20.3;6.0
08/04/1995;25.2;32.7;20.0;0.0
09/04/1995;25.3;32.8;21.0;0.0
10/04/1995;23.7;27.4;21.1;0.0
11/04/1995;17.9;23.3;16.1;0.0
12/04/1995;14.3;21.6;8.3;0.0
13/04/1995;16.6;25.6;7.4;0.0
14/04/1995;19.4;27.8;11.6;0.0
15/04/1995;22.5;30.2;17.0;0.0
16/04/1995;24.5;32.6;17.9;0.0
17/04/1995;22.5;34.3;18.1;0.0
18/04/1995;21.7;27.3;18.1;37.4
19/04/1995;23.3;29.8;18.2;0.0
20/04/1995;18.0;23.8;15.8;30.7
21/04/1995;14.9;21.6;11.0;0.4
22/04/1995;14.7;22.0;9.3;0.0
23/04/1995;17.1;24.9;9.2;0.0
24/04/1995;18.9;27.6;8.8;0.0
25/04/1995;21.9;29.8;14.6;0.0
26/04/1995;23.0;30.6;18.3;0.0
27/04/1995;20.1;27.2;16.8;4.2
28/04/1995;22.3;30.0;14.2;15.2
29/04/1995;25.5;32.6;20.6;0.0
30/04/1995;25.0;32.6;19.8;0.0
01/05/1995;23.8;32.2;17.6;0.0
02/05/1995;23.2;30.8;17.4;0.0
03/05/1995;22.6;30.2;17.1;0.0
04/05/1995;22.5;29.6;16.5;0.0
05/05/1995;21.2;24.7;19.2;0.0
06/05/1995;19.6;24.8;18.1;8.8
07/05/1995;14.4;18.2;12.4;2.2
08/05/1995;14.1;16.2;11.2;0.0
09/05/1995;16.5;18.6;14.0;0.0
10/05/1995;18.6;23.6;15.4;0.3
11/05/1995;21.2;28.0;16.3;0.0
12/05/1995;20.8;27.7;15.8;0.0
13/05/1995;21.8;28.9;15.9;0.0
14/05/1995;21.8;30.2;16.0;0.0
15/05/1995;22.1;28.0;18.2;0.0
16/05/1995;21.4;24.6;18.4;0.0
17/05/1995;22.3;28.8;18.2;0.2
18/05/1995;16.2;23.2;13.8;0.0
19/05/1995;13.0;21.6;5.8;0.0
20/05/1995;13.9;20.8;8.2;0.0
21/05/1995;13.0;22.2;6.4;0.0
22/05/1995;15.7;25.6;7.4;0.0
23/05/1995;17.2;26.9;10.0;0.0
24/05/1995;16.5;25.3;9.2;0.0
25/05/1995;16.7;24.9;10.4;0.0
26/05/1995;16.1;24.5;9.3;0.0
27/05/1995;16.8;24.7;11.6;0.0
28/05/1995;17.5;26.8;10.6;0.0
29/05/1995;17.8;27.1;13.1;0.0
30/05/1995;16.4;27.2;9.6;0.0
31/05/1995;16.9;26.2;8.4;0.0
01/06/1995;18.5;28.2;10.3;0.0
02/06/1995;19.9;29.0;12.9;0.0
03/06/1995;20.0;28.6;13.2;0.0
04/06/1995;19.4;28.1;13.4;0.0
05/06/1995;19.8;28.2;14.2;0.0
06/06/1995;21.7;30.3;14.2;0.0
07/06/1995;23.1;30.6;17.4;0.0
08/06/1995;22.4;27.8;20.6;0.0
09/06/1995;22.6;29.4;19.0;22.6
10/06/1995;23.1;30.6;18.0;0.0
11/06/1995;23.1;30.7;18.8;0.0
12/06/1995;22.2;30.7;16.8;0.0
13/06/1995;21.3;30.4;16.0;0.0
14/06/1995;20.2;29.1;14.0;0.0
15/06/1995;19.9;29.4;12.4;0.0
16/06/1995;21.1;30.2;13.4;0.0
17/06/1995;19.7;25.4;17.7;0.0
18/06/1995;13.4;17.7;11.9;0.0
19/06/1995;12.1;18.6;7.9;0.0
20/06/1995;13.4;21.0;5.2;0.0
21/06/1995;17.3;24.2;12.2;0.9
22/06/1995;18.9;27.0;11.7;0.0
23/06/1995;21.7;29.7;15.8;0.0
24/06/1995;23.9;30.4;18.6;0.0
25/06/1995;13.2;24.8;10.2;21.2
26/06/1995;13.3;21.7;4.8;0.0
27/06/1995;20.8;30.4;14.2;0.0
28/06/1995;22.7;30.6;16.6;0.0
29/06/1995;20.0;27.4;16.6;0.0
30/06/1995;19.2;25.2;16.0;3.4
01/07/1995;20.3;28.6;14.4;0.0
02/07/1995;22.5;30.7;17.3;0.0
03/07/1995;21.7;31.1;15.4;0.0
04/07/1995;22.1;30.7;16.0;0.0
05/07/1995;23.1;31.2;17.0;0.0
06/07/1995;23.6;31.7;17.4;0.0
07/07/1995;22.1;29.4;19.2;1.6
08/07/1995;17.0;21.6;14.8;8.0
09/07/1995;18.1;20.4;15.0;0.0
10/07/1995;20.5;25.2;18.2;2.5
11/07/1995;21.9;28.1;18.2;0.0
12/07/1995;23.0;30.2;18.8;0.0
13/07/1995;23.6;31.2;17.6;0.0
14/07/1995;23.1;31.2;17.8;0.0
15/07/1995;21.8;30.8;16.1;0.0
16/07/1995;20.7;30.4;14.6;0.0
17/07/1995;18.7;26.1;16.2;0.0
18/07/1995;17.8;21.8;13.8;0.0
19/07/1995;16.2;20.9;14.8;0.0
20/07/1995;12.2;20.7;9.8;17.7
21/07/1995;10.6;17.6;6.0;0.0
22/07/1995;12.2;22.1;4.4;0.0
23/07/1995;17.7;27.7;9.4;0.0
24/07/1995;20.6;30.9;13.8;0.0
25/07/1995;21.1;31.6;12.8;0.0
26/07/1995;23.0;32.2;16.5;0.0
27/07/1995;21.8;32.9;13.9;0.0
28/07/1995;23.0;32.6;16.4;0.0
29/07/1995;24.1;34.3;17.3;0.0
30/07/1995;23.6;33.4;17.2;0.0
31/07/1995;22.9;32.4;15.6;0.0
01/08/1995;21.8;32.3;13.8;0.0
02/08/1995;24.6;33.4;16.9;0.0
03/08/1995;24.9;28.8;21.6;0.0
04/08/1995;14.7;25.5;10.8;0.2
05/08/1995;11.3;13.8;7.8;2.7
06/08/1995;17.0;21.8;13.2;4.1
07/08/1995;21.2;30.2;13.0;0.0
08/08/1995;22.9;32.4;16.6;0.0
09/08/1995;22.3;33.5;14.5;0.0
10/08/1995;22.7;32.4;14.6;0.0
11/08/1995;22.1;32.6;13.9;0.0
12/08/1995;23.1;33.4;16.0;0.0
13/08/1995;25.0;34.6;17.8;0.0
14/08/1995;25.2;35.0;18.6;0.0
15/08/1995;22.2;34.0;14.7;0.0
16/08/1995;14.9;21.6;14.0;0.0
17/08/1995;14.3;23.0;7.6;0.0
18/08/1995;13.5;22.4;9.0;0.0
19/08/1995;15.7;23.7;9.4;0.0
20/08/1995;19.1;28.4;10.6;0.0
21/08/1995;22.4;32.0;13.4;0.0
22/08/1995;24.7;35.0;16.7;0.0
23/08/1995;24.1;34.0;14.6;0.0
24/08/1995;24.9;35.3;17.3;0.0
25/08/1995;24.4;35.0;17.0;0.0
26/08/1995;24.2;35.7;12.9;0.0
27/08/1995;24.1;35.5;14.0;0.0
28/08/1995;25.0;35.0;19.0;0.0
29/08/1995;26.1;36.2;18.0;0.0
30/08/1995;25.3;35.8;16.7;0.0
31/08/1995;27.1;36.8;20.2;0.0
01/09/1995;26.5;37.8;17.0;0.0
02/09/1995;26.8;36.6;20.0;0.0
03/09/1995;25.2;33.4;20.0;0.0
04/09/1995;21.5;29.4;16.0;0.0
05/09/1995;22.7;31.8;14.9;0.0
06/09/1995;24.3;32.8;20.2;0.0
07/09/1995;24.6;34.1;17.0;0.0
08/09/1995;24.9;35.0;14.8;0.0
09/09/1995;25.6;36.4;16.2;0.0
10/09/1995;28.3;36.4;21.6;0.0
11/09/1995;28.2;36.8;20.3;0.0
12/09/1995;24.7;29.6;22.4;0.0
13/09/1995;24.2;31.6;18.8;0.0
14/09/1995;20.0;25.2;18.5;0.0
15/09/1995;17.5;25.2;10.4;0.0
16/09/1995;21.1;28.7;16.4;0.0
17/09/1995;23.1;31.0;14.8;0.0
18/09/1995;27.7;37.6;19.2;0.0
19/09/1995;18.5;28.6;13.6;0.0
20/09/1995;13.5;19.2;10.2;0.0
21/09/1995;18.3;25.4;11.1;0.0
22/09/1995;21.9;30.4;14.2;0.0
23/09/1995;25.0;33.4;18.7;0.1
24/09/1995;22.5;33.8;19.8;0.0
25/09/1995;23.2;30.4;16.8;6.4
26/09/1995;24.5;37.2;19.0;0.0
27/09/1995;23.0;33.6;18.4;0.0
28/09/1995;19.5;23.0;17.9;5.6
29/09/1995;21.4;25.8;18.7;12.4
30/09/1995;22.6;28.4;17.3;0.0
01/10/1995;25.5;33.4;17.3;0.0
02/10/1995;27.1;35.4;17.0;0.0
03/10/1995;30.1;38.2;22.4;0.0
04/10/1995;28.8;38.3;23.8;0.0
05/10/1995;23.4;36.0;19.3;0.0
06/10/1995;23.8;30.6;17.6;26.8
07/10/1995;20.7;25.6;17.6;0.2
08/10/1995;19.6;22.2;17.7;53.3
09/10/1995;21.3;28.0;18.2;5.8
10/10/1995;18.8;27.7;10.8;0.0
11/10/1995;20.6;30.4;11.1;0.0
12/10/1995;25.0;34.6;14.1;0.0
13/10/1995;26.2;31.3;23.3;0.0
14/10/1995;17.2;24.4;12.8;29.8
15/10/1995;15.4;17.8;13.0;16.0
16/10/1995;21.4;28.6;18.2;46.4
17/10/1995;21.1;26.0;17.4;33.2
18/10/1995;21.8;26.4;18.7;14.2
19/10/1995;23.4;29.7;16.8;1.4
20/10/1995;20.9;25.4;18.4;36.6
21/10/1995;20.4;27.1;16.6;1.4
22/10/1995;20.1;27.6;11.2;0.0
23/10/1995;22.3;29.6;16.4;0.0
24/10/1995;24.4;33.0;15.5;0.0
25/10/1995;27.1;36.3;18.6;0.0
26/10/1995;27.8;35.8;18.8;0.0
27/10/1995;27.0;36.6;23.2;0.0
28/10/1995;21.3;23.9;20.6;7.0
29/10/1995;18.6;23.8;16.8;10.0
30/10/1995;19.5;23.8;16.0;3.2
31/10/1995;20.5;26.6;15.2;0.0
01/11/1995;21.2;28.0;14.4;0.0
02/11/1995;22.4;29.2;16.3;0.0
03/11/1995;24.4;31.6;17.0;0.0
04/11/1995;26.1;34.0;18.9;0.0
05/11/1995;26.4;33.6;19.3;0.0
06/11/1995;27.3;34.2;21.4;0.0
07/11/1995;26.5;34.8;21.3;0.0
08/11/1995;27.5;35.5;20.6;0.8
09/11/1995;28.5;36.0;22.2;0.0
10/11/1995;26.8;34.1;21.6;0.0
11/11/1995;25.0;31.4;22.1;55.2
12/11/1995;23.8;28.0;21.1;1.1
13/11/1995;26.3;32.2;20.6;0.0
14/11/1995;24.7;32.6;21.2;0.0
15/11/1995;20.4;22.2;19.7;69.0
16/11/1995;24.2;30.0;18.2;38.2
17/11/1995;24.4;30.6;21.0;0.0
18/11/1995;24.1;29.6;22.2;5.6
19/11/1995;23.9;31.0;16.5;0.0
20/11/1995;23.8;30.1;17.4;0.0
21/11/1995;24.4;30.9;19.0;0.0
22/11/1995;23.7;30.7;20.1;0.0
23/11/1995;22.9;26.7;19.7;0.5
24/11/1995;25.7;31.8;17.4;0.0
25/11/1995;27.6;34.2;20.9;0.0
26/11/1995;25.7;31.8;20.0;0.0
27/11/1995;24.9;31.3;20.1;0.0
28/11/1995;23.7;31.0;17.8;0.0
29/11/1995;24.5;33.4;13.6;0.0
30/11/1995;27.6;35.4;18.6;0.0
01/12/1995;26.5;36.2;21.4;0.0
02/12/1995;27.5;34.6;19.9;1.2
03/12/1995;27.3;34.8;22.0;0.0
04/12/1995;21.4;28.1;19.2;1.4
05/12/1995;23.7;30.4;17.1;13.1
06/12/1995;26.2;32.4;19.8;0.0
07/12/1995;27.0;33.5;20.0;0.0
08/12/1995;27.3;33.2;22.5;0.0
09/12/1995;28.0;34.8;20.5;0.0
10/12/1995;26.8;34.8;20.8;0.0
11/12/1995;26.2;33.0;20.9;0.0
12/12/1995;23.8;29.6;21.4;0.5
13/12/1995;25.3;31.2;20.4;81.0
14/12/1995;24.6;30.4;19.6;0.0
15/12/1995;25.4;31.8;17.4;0.0
16/12/1995;26.6;33.4;19.1;0.0
17/12/1995;26.6;33.8;19.6;0.0
18/12/1995;25.8;34.2;22.5;0.0
19/12/1995;24.5;29.2;20.6;0.1
20/12/1995;25.1;30.3;21.0;6.0
21/12/1995;23.0;29.2;20.6;0.0
22/12/1995;23.1;28.1;19.5;34.1
23/12/1995;25.9;32.0;20.2;0.7
24/12/1995;25.5;32.6;22.3;0.0
25/12/1995;24.6;31.2;18.8;0.0
26/12/1995;23.5;28.4;20.5;0.0
27/12/1995;23.9;30.6;18.8;0.3
28/12/1995;23.6;31.0;20.1;0.1
29/12/1995;24.8;30.6;19.0;15.0
30/12/1995;25.3;30.8;19.0;0.0
31/12/1995;25.9;31.4;20.8;0.0
01/01/1996;25.1;32.1;19.8;0.0
02/01/1996;25.7;31.4;19.1;0.0
03/01/1996;25.6;33.1;15.4;0.0
04/01/1996;26.1;32.5;21.8;0.0
05/01/1996;22.0;25.0;19.7;22.2
06/01/1996;24.0;28.7;21.2;4.9
07/01/1996;24.8;32.6;19.9;0.0
08/01/1996;26.0;32.2;21.6;30.0
09/01/1996;24.0;31.1;21.3;0.0
10/01/1996;27.2;33.8;20.5;2.3
11/01/1996;27.2;33.0;22.8;0.0
12/01/1996;26.3;31.0;22.7;0.0
13/01/1996;25.4;31.4;22.3;11.0
14/01/1996;24.8;30.6;22.5;4.5
15/01/1996;23.6;30.1;21.3;12.5
16/01/1996;24.9;30.1;21.3;25.2
17/01/1996;23.6;28.0;21.6;6.4
18/01/1996;22.7;26.4;21.3;6.3
19/01/1996;24.7;30.3;21.1;16.2
20/01/1996;25.6;30.0;22.6;1.0
21/01/1996;23.2;29.9;20.3;0.8
22/01/1996;24.4;28.8;21.5;17.7
23/01/1996;25.0;31.8;20.7;25.5
24/01/1996;27.1;34.0;22.3;2.1
25/01/1996;26.9;33.5;22.1;5.5
26/01/1996;26.5;33.2;21.6;0.0
27/01/1996;25.7;32.8;23.1;0.0
28/01/1996;25.1;29.7;21.2;8.2
29/01/1996;24.7;32.3;21.2;0.0
30/01/1996;26.4;31.4;20.7;5.9
31/01/1996;25.1;32.2;21.6;0.0
01/02/1996;24.0;31.8;20.7;1.2
02/02/1996;23.7;30.4;20.0;9.2
03/02/1996;24.4;29.2;21.8;1.8
04/02/1996;25.8;32.0;20.5;0.0
05/02/1996;25.3;31.6;20.7;0.6
06/02/1996;24.4;29.2;21.8;20.7
07/02/1996;26.0;31.6;21.4;8.7
08/02/1996;26.1;31.4;22.4;5.2
09/02/1996;26.8;33.2;22.6;0.0
10/02/1996;27.6;33.6;23.0;0.0
11/02/1996;24.6;31.0;21.6;0.0
12/02/1996;21.0;25.0;16.6;39.8
13/02/1996;23.4;28.6;17.1;0.0
14/02/1996;24.9;30.4;19.6;0.0
15/02/1996;26.2;31.8;19.6;0.0
16/02/1996;24.5;30.6;21.0;11.2
17/02/1996;24.0;31.6;21.6;0.0
18/02/1996;23.7;30.8;21.3;2.9
19/02/1996;24.5;32.4;20.4;0.8
20/02/1996;25.6;33.2;19.8;0.0
21/02/1996;25.0;34.1;21.5;0.0
22/02/1996;25.8;32.8;21.0;22.0
23/02/1996;25.1;31.7;20.8;0.0
24/02/1996;25.8;32.3;23.4;0.0
25/02/1996;24.5;30.9;21.0;4.8
26/02/1996;25.5;32.5;22.1;8.2
27/02/1996;26.6;31.6;22.8;1.2
28/02/1996;25.6;32.4;21.8;0.0
29/02/1996;25.0;29.4;22.8;3.5
01/03/1996;25.3;31.3;21.9;0.0
02/03/1996;23.3;27.8;21.6;2.4
03/03/1996;24.1;30.2;20.0;12.3
04/03/1996;23.6;28.8;20.4;0.4
05/03/1996;23.7;30.2;20.6;0.0
06/03/1996;23.5;31.9;20.0;2.5
07/03/1996;23.7;28.5;20.4;14.2
08/03/1996;24.6;30.6;20.8;0.0
09/03/1996;25.3;32.6;20.0;0.0
10/03/1996;25.1;29.9;21.2;2.4
11/03/1996;24.3;30.4;20.2;0.0
12/03/1996;25.3;32.6;20.5;0.0
13/03/1996;25.8;31.4;21.4;0.0
14/03/1996;23.4;30.8;21.0;0.0
15/03/1996;24.7;31.1;19.3;9.8
16/03/1996;22.9;30.4;18.8;3.4
17/03/1996;20.9;27.1;17.8;37.5
18/03/1996;21.8;28.5;18.0;3.6
19/03/1996;23.2;28.5;20.8;1.6
20/03/1996;23.4;30.1;20.4;0.7
21/03/1996;23.0;30.9;20.6;0.1
22/03/1996;23.7;29.6;20.4;54.8
23/03/1996;23.6;29.7;21.3;0.0
24/03/1996;21.1;27.2;18.6;1.2
25/03/1996;22.9;29.6;15.2;0.0
26/03/1996;25.0;32.2;20.0;0.0
27/03/1996;26.5;33.6;21.4;0.0
28/03/1996;24.9;32.2;22.4;0.0
29/03/1996;26.6;33.6;21.4;5.0
30/03/1996;26.9;33.6;20.6;0.0
31/03/1996;24.9;33.0;20.8;0.0
01/04/1996;25.9;32.0;21.3;2.1
02/04/1996;26.9;33.6;21.7;0.0
03/04/1996;26.5;33.9;21.7;0.0
04/04/1996;25.9;33.4;21.5;1.7
05/04/1996;26.6;33.1;20.8;0.0
06/04/1996;27.7;34.4;22.4;0.0
07/04/1996;24.2;31.4;21.3;5.2
08/04/1996;24.3;31.4;20.2;0.0
09/04/1996;24.5;33.4;20.0;3.1
10/04/1996;20.7;24.8;17.8;26.0
11/04/1996;22.5;28.7;18.9;0.9
12/04/1996;23.5;28.8;20.4;0.0
13/04/1996;23.9;30.0;19.8;0.0
14/04/1996;24.8;31.3;20.3;0.0
15/04/1996;25.1;31.9;20.0;0.0
16/04/1996;21.6;25.8;19.8;79.0
17/04/1996;15.9;22.7;12.8;51.5
18/04/1996;13.7;22.2;8.0;0.0
19/04/1996;15.1;23.6;6.5;0.0
20/04/1996;18.9;26.1;12.6;0.0
21/04/1996;22.0;29.4;16.2;0.0
22/04/1996;23.4;30.6;18.0;0.0
23/04/1996;23.0;30.4;17.4;0.0
24/04/1996;22.8;30.7;17.4;0.0
25/04/1996;21.7;30.2;17.2;0.0
26/04/1996;20.8;26.2;18.2;3.0
27/04/1996;20.6;25.7;18.2;0.0
28/04/1996;21.3;27.0;16.3;0.0
29/04/1996;23.3;30.9;17.8;0.0
30/04/1996;24.1;30.3;19.6;0.0
01/05/1996;22.7;29.2;19.0;0.0
02/05/1996;21.8;29.0;17.2;0.0
03/05/1996;20.2;26.7;15.3;0.0
04/05/1996;19.3;26.8;13.6;0.0
05/05/1996;19.8;27.5;12.7;0.0
06/05/1996;20.6;28.7;12.8;0.0
07/05/1996;21.8;30.2;15.0;0.0
08/05/1996;23.1;31.4;15.4;0.0
09/05/1996;21.9;29.1;17.0;0.0
10/05/1996;21.3;27.9;18.6;2.5
11/05/1996;19.3;26.6;14.4;0.0
12/05/1996;19.3;27.2;12.7;0.0
13/05/1996;22.2;30.4;15.3;0.0
14/05/1996;21.3;27.6;17.7;0.0
15/05/1996;18.7;21.7;16.4;0.9
16/05/1996;17.9;21.8;15.6;3.9
17/05/1996;16.7;19.0;10.6;0.2
18/05/1996;17.5;21.2;11.6;44.6
19/05/1996;20.4;25.3;16.4;0.0
20/05/1996;21.0;26.0;18.5;8.7
21/05/1996;19.9;25.2;15.3;0.0
22/05/1996;20.6;24.6;17.1;2.1
23/05/1996;20.4;22.9;19.0;5.8
24/05/1996;20.5;24.4;19.2;16.6
25/05/1996;16.5;20.3;15.2;3.2
26/05/1996;17.0;18.6;15.4;6.1
27/05/1996;19.7;25.6;16.4;2.8
28/05/1996;20.1;26.7;15.0;0.0
29/05/1996;20.2;27.7;14.6;0.0
30/05/1996;19.5;26.4;14.8;0.0
31/05/1996;14.1;19.2;11.6;0.0
01/06/1996;10.2;13.9;8.9;1.2
02/06/1996;11.2;19.3;5.0;0.1
03/06/1996;13.9;20.0;7.6;0.0
04/06/1996;15.2;19.3;11.4;1.2
05/06/1996;15.7;23.6;9.8;0.0
06/06/1996;17.5;25.6;11.3;0.0
07/06/1996;17.6;26.9;11.0;0.0
08/06/1996;18.3;26.2;11.6;0.0
09/06/1996;16.8;24.2;11.5;0.0
10/06/1996;18.2;26.2;12.1;0.0
11/06/1996;17.8;25.9;11.6;0.0
12/06/1996;18.0;26.0;12.6;0.0
13/06/1996;19.3;27.9;12.7;0.0
14/06/1996;21.4;29.9;15.2;0.0
15/06/1996;22.2;30.7;16.2;0.0
16/06/1996;22.1;31.2;13.0;0.0
17/06/1996;24.1;31.1;20.5;0.0
18/06/1996;22.2;30.8;18.3;0.0
19/06/1996;19.4;25.0;17.1;0.0
20/06/1996;18.8;25.0;15.5;0.0
21/06/1996;13.6;19.3;11.9;0.0
22/06/1996;13.3;19.2;7.2;0.0
23/06/1996;15.1;21.6;11.0;0.0
24/06/1996;17.4;22.0;12.6;0.0
25/06/1996;20.4;29.0;14.0;0.0
26/06/1996;18.5;29.2;12.7;0.0
27/06/1996;9.7;16.9;7.0;7.7
28/06/1996;7.8;10.7;6.6;0.0
29/06/1996;6.0;13.2;1.0;0.8
30/06/1996;9.1;18.4;1.6;0.0
01/07/1996;13.1;22.0;3.8;0.0
02/07/1996;19.1;29.5;9.3;0.0
03/07/1996;18.0;24.2;13.0;0.0
04/07/1996;18.5;24.9;12.8;0.0
05/07/1996;19.7;27.2;13.0;0.0
06/07/1996;22.0;30.2;16.0;0.0
07/07/1996;23.1;31.4;17.2;0.0
08/07/1996;22.3;32.9;14.4;0.0
09/07/1996;17.9;23.7;14.8;0.0
10/07/1996;12.5;19.8;9.4;5.9
11/07/1996;11.0;19.8;3.8;0.0
12/07/1996;12.2;20.8;5.8;0.0
13/07/1996;14.0;24.2;4.3;0.0
14/07/1996;15.2;27.4;4.6;0.0
15/07/1996;16.7;26.7;8.8;0.0
16/07/1996;16.7;25.2;10.4;0.0
17/07/1996;17.3;27.7;9.0;0.0
18/07/1996;18.8;28.8;10.6;0.0
19/07/1996;20.7;31.1;12.4;0.0
20/07/1996;21.7;32.7;13.6;0.0
21/07/1996;13.6;22.3;10.8;0.0
22/07/1996;10.4;19.8;2.5;0.0
23/07/1996;13.2;22.2;5.0;0.0
24/07/1996;17.0;27.2;8.0;0.0
25/07/1996;19.0;29.3;11.8;0.0
26/07/1996;17.6;23.6;13.8;0.0
27/07/1996;17.6;25.2;12.2;0.3
28/07/1996;18.8;27.2;12.1;0.0
29/07/1996;18.2;27.7;10.8;0.0
30/07/1996;17.0;25.4;9.9;0.0
31/07/1996;15.6;23.8;10.0;0.0
01/08/1996;17.9;27.6;9.6;0.0
02/08/1996;19.1;29.2;11.6;0.0
03/08/1996;18.5;28.8;10.1;0.0
04/08/1996;21.1;31.6;13.1;0.0
05/08/1996;21.6;30.6;14.2;0.0
06/08/1996;23.1;31.6;16.1;0.0
07/08/1996;21.0;27.4;18.3;0.0
08/08/1996;23.2;33.7;14.2;0.0
09/08/1996;23.8;34.2;18.2;0.0
10/08/1996;18.4;23.8;16.7;5.4
11/08/1996;20.0;26.8;13.8;0.0
12/08/1996;20.0;24.7;17.0;0.0
13/08/1996;24.3;33.3;17.7;13.8
14/08/1996;26.7;34.2;20.2;0.0
15/08/1996;21.0;29.7;17.5;0.6
16/08/1996;17.8;27.6;10.4;0.0
17/08/1996;17.5;27.0;9.8;0.0
18/08/1996;21.4;31.3;12.4;0.0
19/08/1996;22.6;31.9;15.4;0.0
20/08/1996;21.8;31.9;16.7;0.0
21/08/1996;22.3;29.2;17.6;0.0
22/08/1996;23.2;32.5;17.3;0.0
23/08/1996;23.5;33.2;16.7;0.0
24/08/1996;26.0;34.8;18.8;0.0
25/08/1996;26.0;35.3;19.8;0.0
26/08/1996;25.5;33.2;21.4;0.0
27/08/1996;17.8;29.9;13.4;0.0
28/08/1996;15.7;23.9;12.5;0.0
29/08/1996;17.6;23.0;11.8;0.0
30/08/1996;23.3;31.8;13.7;0.0
31/08/1996;21.5;31.0;18.3;0.0
01/09/1996;18.7;26.4;13.8;1.6
02/09/1996;21.5;31.3;11.8;0.0
03/09/1996;19.2;25.4;16.0;12.2
04/09/1996;16.1;21.8;9.6;25.6
05/09/1996;17.7;21.0;15.4;0.0
06/09/1996;17.7;26.6;9.8;0.0
07/09/1996;21.4;29.1;12.4;0.0
08/09/1996;18.9;28.1;14.4;0.0
09/09/1996;11.5;14.8;9.6;11.4
10/09/1996;13.4;22.4;6.0;0.7
11/09/1996;16.6;23.9;9.2;0.0
12/09/1996;17.8;25.8;11.0;0.0
13/09/1996;20.5;29.2;12.7;0.0
14/09/1996;22.3;31.0;14.2;0.0
15/09/1996;24.6;33.1;17.2;0.0
16/09/1996;25.4;34.3;16.6;0.0
17/09/1996;22.3;30.0;18.1;0.4
18/09/1996;21.9;28.7;17.4;0.0
19/09/1996;22.0;31.0;14.5;0.0
20/09/1996;24.4;34.4;12.5;0.0
21/09/1996;26.8;36.3;17.7;0.0
22/09/1996;23.9;34.9;19.7;0.0
23/09/1996;23.5;31.7;17.4;31.3
24/09/1996;23.4;28.1;19.6;0.0
25/09/1996;19.4;24.6;17.4;5.3
26/09/1996;18.1;22.8;14.6;0.4
27/09/1996;20.0;28.6;15.2;0.0
28/09/1996;22.0;28.7;17.0;0.0
29/09/1996;23.2;28.4;18.8;0.0
30/09/1996;24.4;33.1;19.0;0.0
01/10/1996;22.5;29.5;19.8;1.9
02/10/1996;20.2;24.3;17.3;32.5
03/10/1996;22.3;30.0;17.0;12.2
04/10/1996;25.5;34.4;17.3;0.0
05/10/1996;26.6;33.8;20.1;0.0
06/10/1996;23.0;28.0;19.6;0.0
07/10/1996;25.1;32.4;18.3;0.0
08/10/1996;25.3;31.6;21.2;0.0
09/10/1996;25.3;34.2;20.8;0.0
10/10/1996;22.2;31.3;18.2;0.0
11/10/1996;26.2;34.0;17.9;2.4
12/10/1996;26.2;34.5;22.0;0.0
13/10/1996;18.9;24.4;16.1;0.0
14/10/1996;17.5;22.6;14.1;2.1
15/10/1996;19.7;27.4;11.6;0.0
16/10/1996;21.8;30.0;14.6;0.0
17/10/1996;26.2;35.0;16.6;0.0
18/10/1996;27.5;35.8;20.2;0.0
19/10/1996;28.7;36.6;22.0;0.0
20/10/1996;21.5;28.2;18.3;3.2
21/10/1996;23.5;28.7;18.2;15.4
22/10/1996;23.6;30.7;19.8;0.0
23/10/1996;24.3;30.5;19.7;14.1
24/10/1996;24.5;31.2;20.0;0.0
25/10/1996;22.6;29.4;19.8;0.9
26/10/1996;20.3;24.7;18.2;25.4
27/10/1996;22.0;26.5;18.3;5.0
28/10/1996;25.1;31.3;19.9;0.0
29/10/1996;26.9;32.8;20.7;0.0
30/10/1996;27.8;33.8;23.2;0.0
31/10/1996;25.1;32.6;21.4;0.0
01/11/1996;22.5;27.8;19.8;0.0
02/11/1996;23.1;29.6;18.4;11.7
03/11/1996;24.2;29.3;19.6;3.8
04/11/1996;26.7;32.6;20.6;2.7
05/11/1996;25.7;31.5;20.8;0.0
06/11/1996;26.0;33.1;19.0;0.0
07/11/1996;25.3;33.4;21.9;0.0
08/11/1996;24.3;29.0;21.6;11.5
09/11/1996;24.9;30.7;21.7;1.7
10/11/1996;24.4;29.3;21.7;16.0
11/11/1996;25.7;32.4;22.0;0.6
12/11/1996;26.5;33.4;22.6;2.6
13/11/1996;25.2;31.9;22.0;1.6
14/11/1996;24.3;30.7;21.3;2.3
15/11/1996;25.0;31.8;21.2;14.9
16/11/1996;25.4;31.4;22.2;0.0
17/11/1996;25.8;32.1;20.2;0.0
18/11/1996;26.8;33.7;18.8;0.0
19/11/1996;26.1;30.9;22.3;0.0
20/11/1996;24.6;29.6;22.0;0.0
21/11/1996;24.8;31.2;19.7;0.0
22/11/1996;24.0;30.6;18.4;0.0
23/11/1996;22.5;29.8;18.8;0.0
24/11/1996;21.2;29.6;15.5;0.8
25/11/1996;21.9;30.8;13.0;0.0
26/11/1996;24.7;33.4;14.7;0.0
27/11/1996;24.4;31.5;19.6;0.0
28/11/1996;25.0;32.4;17.7;0.0
29/11/1996;25.9;34.0;19.8;0.0
30/11/1996;23.8;29.0;21.0;0.0
01/12/1996;24.1;29.4;21.4;20.7
02/12/1996;24.2;30.9;20.5;0.0
03/12/1996;25.5;31.4;19.5;11.8
04/12/1996;25.7;33.1;21.0;0.0
05/12/1996;24.4;32.4;20.5;0.0
06/12/1996;24.8;33.2;20.4;28.9
07/12/1996;23.1;28.1;19.6;26.3
08/12/1996;26.3;32.5;20.0;2.1
09/12/1996;25.3;31.6;22.2;0.0
10/12/1996;26.6;33.4;21.6;10.7
11/12/1996;23.1;26.2;21.0;10.6
12/12/1996;23.3;28.0;20.2;10.1
13/12/1996;23.2;30.1;18.4;1.8
14/12/1996;24.8;31.2;17.9;0.0
15/12/1996;26.4;33.6;19.6;0.0
16/12/1996;27.4;35.8;22.6;0.0
17/12/1996;21.0;25.2;19.6;22.3
18/12/1996;24.8;31.8;19.8;14.8
19/12/1996;28.3;34.6;22.0;0.9
20/12/1996;25.0;33.4;21.4;0.0
21/12/1996;27.6;34.8;20.8;0.6
22/12/1996;25.9;32.6;23.4;0.0
23/12/1996;25.1;33.6;21.0;0.0
24/12/1996;25.4;32.1;21.7;9.8
25/12/1996;27.4;32.3;22.5;29.4
26/12/1996;25.5;32.7;22.3;0.0
27/12/1996;24.9;30.5;22.6;2.7
28/12/1996;25.0;30.7;22.2;0.1
29/12/1996;26.5;30.5;23.0;1.5
30/12/1996;25.3;28.8;23.4;1.7
31/12/1996;25.9;31.2;22.7;9.2
01/01/1997;24.6;27.8;23.0;0.1
02/01/1997;24.6;31.2;20.6;0.8
03/01/1997;25.3;31.0;20.1;0.0
04/01/1997;26.1;32.4;19.2;0.0
05/01/1997;24.5;32.6;20.4;0.0
06/01/1997;25.7;33.8;18.6;3.6
07/01/1997;27.5;34.1;21.0;0.0
08/01/1997;26.3;33.2;21.6;0.0
09/01/1997;23.8;30.9;21.2;44.0
10/01/1997;23.5;28.2;21.5;1.1
11/01/1997;23.6;27.2;21.7;14.3
12/01/1997;23.8;30.0;20.4;9.6
13/01/1997;24.8;31.1;20.2;14.4
14/01/1997;25.3;31.2;22.0;3.8
15/01/1997;25.1;32.4;21.2;11.2
16/01/1997;25.2;31.4;23.0;10.7
17/01/1997;24.9;30.1;22.3;4.2
18/01/1997;24.1;28.5;21.6;9.9
19/01/1997;24.2;27.6;22.4;19.4
20/01/1997;24.4;29.1;22.6;31.5
21/01/1997;24.2;30.0;22.2;22.5
22/01/1997;24.6;30.4;22.1;56.2
23/01/1997;25.8;32.8;21.7;9.8
24/01/1997;25.4;33.1;22.0;0.0
25/01/1997;26.0;32.8;20.9;7.8
26/01/1997;24.3;31.9;21.3;0.0
27/01/1997;25.5;33.4;20.2;2.2
28/01/1997;25.3;32.1;21.7;0.4
29/01/1997;24.3;29.6;21.9;0.1
30/01/1997;24.3;28.9;22.3;0.8
31/01/1997;23.9;28.7;22.2;21.3
01/02/1997;23.6;26.0;22.2;4.9
02/02/1997;23.2;28.1;20.1;15.5
03/02/1997;23.7;28.7;21.0;14.6
04/02/1997;24.3;31.0;21.5;4.5
05/02/1997;24.6;31.2;20.3;0.0
06/02/1997;25.6;33.4;21.5;0.0
07/02/1997;25.1;32.0;20.8;0.0
08/02/1997;26.2;33.6;20.1;0.2
09/02/1997;26.3;32.8;21.3;0.5
10/02/1997;26.6;34.0;21.2;0.0
11/02/1997;24.2;31.4;21.2;0.5
12/02/1997;25.2;31.5;20.8;12.5
13/02/1997;24.4;31.5;21.5;0.0
14/02/1997;23.8;29.3;21.0;0.0
15/02/1997;24.6;30.0;21.5;0.7
16/02/1997;25.1;30.1;20.0;0.0
17/02/1997;25.7;32.7;22.1;0.0
18/02/1997;26.9;32.8;22.1;0.2
19/02/1997;27.4;33.2;22.9;0.0
20/02/1997;24.0;27.9;21.5;14.3
21/02/1997;26.0;31.7;22.6;2.7
22/02/1997;26.2;33.3;21.8;0.0
23/02/1997;27.1;34.1;22.4;1.5
24/02/1997;26.7;34.8;22.6;0.0
25/02/1997;27.4;34.0;22.9;6.3
26/02/1997;26.5;34.1;22.8;2.3
27/02/1997;27.8;34.0;22.4;4.0
28/02/1997;25.5;32.7;22.4;0.0
01/03/1997;25.0;32.3;20.8;0.0
02/03/1997;22.4;30.0;17.1;0.0
03/03/1997;23.2;29.7;15.6;14.0
04/03/1997;23.8;31.7;19.0;0.0
05/03/1997;23.6;31.1;18.5;0.0
06/03/1997;23.5;30.6;18.1;0.0
07/03/1997;24.4;31.9;16.4;0.0
08/03/1997;24.9;33.6;18.1;0.0
09/03/1997;26.2;32.6;20.6;0.0
10/03/1997;26.8;33.7;21.7;0.0
11/03/1997;26.3;33.9;22.4;1.1
12/03/1997;25.5;32.3;21.6;5.3
13/03/1997;26.7;34.5;21.0;0.0
14/03/1997;22.1;27.1;19.9;1.9
15/03/1997;22.9;26.7;20.7;38.7
16/03/1997;23.8;29.0;20.7;11.4
17/03/1997;24.5;31.2;19.7;0.0
18/03/1997;23.4;30.1;19.1;0.0
19/03/1997;24.2;30.9;18.3;0.0
20/03/1997;25.6;32.6;20.6;0.0
21/03/1997;25.8;32.4;20.4;0.0
22/03/1997;26.1;32.8;20.6;0.0
23/03/1997;24.2;33.1;19.8;0.0
24/03/1997;23.8;29.7;19.5;0.0
25/03/1997;23.7;29.3;20.0;0.0
26/03/1997;23.0;27.2;21.2;3.2
27/03/1997;24.2;31.2;19.5;0.6
28/03/1997;23.2;30.8;17.8;0.0
29/03/1997;22.5;31.0;16.7;0.0
30/03/1997;21.8;29.4;16.2;0.0
31/03/1997;21.6;27.7;17.4;0.0
01/04/1997;20.1;24.6;18.4;8.6
02/04/1997;22.4;27.1;19.0;17.2
03/04/1997;25.0;31.9;18.6;0.0
04/04/1997;21.8;31.7;17.6;0.0
05/04/1997;17.2;25.0;11.2;2.8
06/04/1997;19.8;29.0;12.2;0.0
07/04/1997;20.8;28.8;14.7;0.0
08/04/1997;21.3;28.8;16.3;0.0
09/04/1997;22.0;29.4;16.9;0.0
10/04/1997;23.0;29.8;17.1;0.0
11/04/1997;23.1;29.6;20.1;0.0
12/04/1997;23.6;31.6;17.3;0.0
13/04/1997;24.6;32.4;17.6;0.0
14/04/1997;25.4;32.2;19.9;0.0
15/04/1997;21.5;25.7;19.8;12.1
16/04/1997;21.4;25.6;19.2;8.9
17/04/1997;22.5;29.2;18.9;2.5
18/04/1997;24.3;31.3;18.8;24.1
19/04/1997;25.0;32.5;20.6;0.0
20/04/1997;19.6;24.2;16.5;33.0
21/04/1997;20.2;26.4;15.4;0.0
22/04/1997;22.1;28.8;17.0;0.0
23/04/1997;23.8;29.8;18.8;0.0
24/04/1997;24.8;31.4;20.3;0.0
25/04/1997;20.6;25.0;19.0;2.3
26/04/1997;16.3;23.6;11.6;5.2
27/04/1997;17.5;26.6;8.6;0.0
28/04/1997;19.7;27.5;14.8;0.0
29/04/1997;19.5;28.0;11.9;0.0
30/04/1997;20.5;30.3;11.4;0.0
01/05/1997;22.5;31.0;14.9;0.0
02/05/1997;23.5;32.2;16.7;0.0
03/05/1997;23.4;31.4;17.2;0.0
04/05/1997;22.5;30.1;16.2;0.0
05/05/1997;21.9;28.8;17.0;0.0
06/05/1997;21.5;29.8;15.4;0.0
07/05/1997;21.3;29.1;15.5;0.0
08/05/1997;21.0;27.6;17.9;0.0
09/05/1997;20.0;29.6;12.8;0.0
10/05/1997;19.6;27.1;13.3;0.0
11/05/1997;19.5;27.7;13.6;0.0
12/05/1997;19.5;28.5;12.2;0.0
13/05/1997;18.4;27.0;13.2;0.0
14/05/1997;18.0;21.7;14.4;4.6
15/05/1997;17.1;18.7;13.8;11.4
16/05/1997;18.8;23.9;16.2;1.8
17/05/1997;20.6;25.6;16.9;0.0
18/05/1997;22.0;28.2;17.6;0.0
19/05/1997;22.7;29.5;17.2;0.0
20/05/1997;19.7;26.7;17.2;0.0
21/05/1997;22.8;29.7;16.5;0.2
22/05/1997;16.5;24.4;13.8;31.8
23/05/1997;12.6;19.6;6.5;0.0
24/05/1997;13.5;18.7;9.2;0.0
25/05/1997;15.7;19.8;12.8;16.1
26/05/1997;18.0;22.8;13.5;0.0
27/05/1997;20.3;25.4;16.2;0.0
28/05/1997;16.0;21.0;14.0;0.7
29/05/1997;14.5;20.6;10.0;0.0
30/05/1997;16.7;20.7;12.8;0.0
31/05/1997;14.9;17.9;13.7;0.2
01/06/1997;15.9;22.2;10.5;2.3
02/06/1997;14.6;16.3;13.0;0.0
03/06/1997;15.3;17.1;13.0;59.1
04/06/1997;15.6;16.6;14.8;28.3
05/06/1997;17.5;20.0;14.8;65.1
06/06/1997;16.4;20.7;14.9;6.4
07/06/1997;10.5;17.2;8.1;0.0
08/06/1997;9.3;17.0;2.7;0.0
09/06/1997;11.1;19.3;3.8;0.0
10/06/1997;15.0;23.1;7.4;0.0
11/06/1997;17.8;23.7;11.8;0.0
12/06/1997;19.7;24.1;15.5;4.0
13/06/1997;23.1;29.6;18.0;0.0
14/06/1997;17.1;24.1;15.2;64.0
15/06/1997;15.1;22.3;10.8;0.2
16/06/1997;14.7;23.9;6.8;0.0
17/06/1997;14.0;16.1;11.6;2.3
18/06/1997;18.3;23.6;13.9;5.0
19/06/1997;22.1;29.6;15.5;0.0
20/06/1997;23.5;29.5;19.4;0.0
21/06/1997;23.2;29.7;19.4;0.0
22/06/1997;23.4;29.4;19.2;0.0
23/06/1997;23.3;29.7;18.9;0.0
24/06/1997;21.3;29.8;15.2;0.0
25/06/1997;22.9;30.2;18.0;0.0
26/06/1997;23.5;29.4;20.0;0.0
27/06/1997;17.1;23.5;13.9;24.8
28/06/1997;11.9;14.2;11.1;21.9
29/06/1997;11.2;13.3;10.4;12.2
30/06/1997;11.3;12.4;9.2;4.3
01/07/1997;13.9;17.2;10.4;1.1
02/07/1997;18.3;26.8;12.7;0.0
03/07/1997;20.7;27.2;15.1;0.0
04/07/1997;19.5;25.1;16.6;0.1
05/07/1997;19.1;26.1;13.6;0.0
06/07/1997;20.4;28.1;14.5;0.0
07/07/1997;20.3;28.4;13.6;0.0
08/07/1997;20.5;28.8;13.9;0.0
09/07/1997;21.2;29.5;15.9;0.0
10/07/1997;20.5;29.3;14.3;0.0
11/07/1997;19.5;27.9;12.9;0.0
12/07/1997;19.6;27.8;13.8;0.0
13/07/1997;20.2;28.5;12.2;0.0
14/07/1997;20.3;29.5;13.0;0.0
15/07/1997;19.5;29.9;11.8;0.0
16/07/1997;20.8;29.0;13.6;0.0
17/07/1997;22.6;30.9;17.2;0.0
18/07/1997;21.9;29.9;16.7;0.0
19/07/1997;20.4;29.9;14.6;0.0
20/07/1997;14.2;20.1;12.0;0.0
21/07/1997;14.5;17.9;11.8;11.0
22/07/1997;16.2;23.9;8.6;0.0
23/07/1997;18.0;26.4;11.6;0.0
24/07/1997;17.7;25.4;10.8;0.0
25/07/1997;19.5;27.8;14.3;0.0
26/07/1997;19.3;27.6;13.4;0.0
27/07/1997;19.7;28.2;13.5;0.0
28/07/1997;20.0;29.5;11.7;0.0
29/07/1997;19.8;29.4;11.8;0.0
30/07/1997;20.6;30.1;13.4;0.0
31/07/1997;23.9;31.9;15.4;0.0
01/08/1997;25.1;32.8;19.8;0.0
02/08/1997;25.0;32.2;21.4;0.0
03/08/1997;22.8;30.2;19.9;0.0
04/08/1997;14.8;21.6;12.5;0.0
05/08/1997;15.9;23.5;9.5;0.4
06/08/1997;17.6;24.8;10.4;0.0
07/08/1997;16.0;21.1;14.0;0.0
08/08/1997;12.5;18.9;10.1;0.0
09/08/1997;13.1;22.0;6.2;0.0
10/08/1997;14.3;22.3;8.5;0.0
11/08/1997;16.2;24.7;8.8;0.0
12/08/1997;18.4;28.4;9.3;0.0
13/08/1997;20.4;29.6;12.2;0.0
14/08/1997;21.7;31.3;14.2;0.0
15/08/1997;24.2;33.3;16.2;0.0
16/08/1997;24.8;33.2;18.1;0.0
17/08/1997;24.3;33.6;17.7;0.0
18/08/1997;24.6;33.4;18.6;0.0
19/08/1997;24.9;32.7;17.4;0.0
20/08/1997;20.2;26.0;17.7;0.6
21/08/1997;17.1;20.2;14.3;20.4
22/08/1997;16.4;19.6;14.9;0.0
23/08/1997;15.8;18.4;13.6;0.0
24/08/1997;15.7;24.7;9.4;0.0
25/08/1997;18.1;27.3;7.7;0.0
26/08/1997;21.0;29.4;14.6;0.0
27/08/1997;22.3;31.8;14.9;0.0
28/08/1997;23.5;33.8;14.5;0.0
29/08/1997;24.0;33.6;17.5;0.0
30/08/1997;24.2;34.6;15.1;0.0
31/08/1997;24.1;34.6;14.6;0.0
01/09/1997;24.7;34.6;15.9;0.0
02/09/1997;22.7;32.6;17.2;0.0
03/09/1997;20.7;28.2;16.0;0.0
04/09/1997;24.7;34.7;15.6;0.0
05/09/1997;25.0;36.6;19.6;0.0
06/09/1997;25.2;34.7;17.7;0.0
07/09/1997;26.3;33.8;20.6;0.0
08/09/1997;28.4;37.4;21.7;0.0
09/09/1997;28.3;37.8;21.8;0.0
10/09/1997;23.0;29.4;21.2;0.0
11/09/1997;20.0;27.8;15.3;0.0
12/09/1997;25.2;33.8;13.9;0.0
13/09/1997;27.7;36.3;19.0;0.0
14/09/1997;28.1;35.4;24.4;0.0
15/09/1997;21.8;28.8;17.2;0.0
16/09/1997;21.8;29.0;16.2;0.0
17/09/1997;25.7;34.8;15.2;0.0
18/09/1997;21.8;28.7;19.0;0.0
19/09/1997;21.9;29.1;15.0;0.6
20/09/1997;22.8;33.0;18.2;0.0
21/09/1997;21.0;27.7;17.2;13.8
22/09/1997;21.4;29.1;13.5;0.0
23/09/1997;24.8;32.6;16.2;0.0
24/09/1997;24.3;32.2;20.3;0.0
25/09/1997;19.3;21.8;14.4;2.4
26/09/1997;22.7;27.2;19.3;8.6
27/09/1997;24.9;31.1;19.9;0.0
28/09/1997;27.4;35.0;20.6;0.0
29/09/1997;27.0;36.5;23.3;0.0
30/09/1997;26.2;35.5;20.0;0.0
01/10/1997;21.2;26.7;18.3;0.0
02/10/1997;21.6;27.6;13.2;0.7
03/10/1997;22.2;31.4;11.8;0.0
04/10/1997;26.9;35.3;18.8;0.0
05/10/1997;25.2;37.1;20.2;0.0
06/10/1997;17.2;20.7;14.4;22.3
07/10/1997;21.8;28.5;15.1;13.2
08/10/1997;22.4;29.2;17.7;0.0
09/10/1997;26.8;36.8;18.2;0.6
10/10/1997;29.0;36.8;23.0;0.0
11/10/1997;28.5;36.6;21.5;0.0
12/10/1997;28.9;37.3;22.2;0.0
13/10/1997;29.4;36.2;24.0;0.0
14/10/1997;30.1;37.5;23.9;0.0
15/10/1997;30.2;38.1;23.5;0.0
16/10/1997;22.4;30.1;19.5;2.0
17/10/1997;23.6;29.3;19.2;25.0
18/10/1997;20.0;24.2;18.3;3.3
19/10/1997;23.1;27.7;18.5;3.2
20/10/1997;22.5;24.4;21.6;4.2
21/10/1997;23.5;29.1;20.3;4.4
22/10/1997;24.2;31.8;16.9;0.0
23/10/1997;25.1;32.2;18.2;0.0
24/10/1997;22.2;27.4;18.9;12.4
25/10/1997;24.5;29.0;19.2;1.5
26/10/1997;21.3;25.6;18.2;92.6
27/10/1997;25.8;32.7;18.2;7.4
28/10/1997;28.6;35.2;22.9;0.0
29/10/1997;29.4;34.9;25.2;0.0
30/10/1997;25.3;31.7;22.9;0.0
31/10/1997;24.2;32.3;21.5;3.8
01/11/1997;25.5;32.9;20.6;13.3
02/11/1997;27.3;34.2;22.0;12.2
03/11/1997;24.8;31.8;21.2;0.0
04/11/1997;24.5;30.6;20.8;29.5
05/11/1997;25.8;29.7;22.3;0.0
06/11/1997;24.7;32.9;21.2;0.0
07/11/1997;25.3;31.4;20.2;1.0
08/11/1997;28.9;36.1;21.7;0.0
09/11/1997;29.7;37.2;23.6;0.0
10/11/1997;29.2;36.4;23.0;0.0
11/11/1997;29.1;36.1;23.6;3.6
12/11/1997;29.5;35.5;24.6;0.0
13/11/1997;22.0;29.6;18.8;2.2
14/11/1997;22.5;28.7;18.3;13.1
15/11/1997;23.0;30.0;18.0;0.0
16/11/1997;23.8;29.2;21.5;1.7
17/11/1997;24.3;30.6;21.5;6.7
18/11/1997;23.4;28.7;20.9;10.2
19/11/1997;22.5;27.2;18.4;0.0
20/11/1997;23.5;31.2;20.0;0.0
21/11/1997;24.7;32.8;21.1;3.2
22/11/1997;20.3;21.6;19.4;0.0
23/11/1997;23.9;34.4;19.0;59.8
24/11/1997;20.5;22.3;19.2;21.2
25/11/1997;22.6;26.6;19.4;39.7
26/11/1997;25.0;31.7;20.6;27.5
27/11/1997;22.7;25.3;21.1;5.4
28/11/1997;24.7;29.4;21.0;19.0
29/11/1997;24.2;29.5;21.2;0.0
30/11/1997;24.2;31.6;19.8;0.0
01/12/1997;22.3;27.2;19.6;50.8
02/12/1997;24.6;31.2;18.4;0.0
03/12/1997;20.5;25.6;18.4;0.2
04/12/1997;21.2;26.9;15.4;36.2
05/12/1997;22.9;29.9;17.6;0.0
06/12/1997;22.7;27.7;20.1;17.5
07/12/1997;23.2;27.1;19.5;19.3
08/12/1997;24.4;29.7;19.6;27.8
09/12/1997;26.5;32.1;22.1;0.0
10/12/1997;26.0;33.3;20.7;2.2
11/12/1997;26.2;31.3;23.1;0.0
12/12/1997;27.1;33.3;22.4;0.3
13/12/1997;28.1;33.9;23.5;0.0
14/12/1997;22.4;28.0;19.8;1.8
15/12/1997;23.4;29.4;18.2;26.6
16/12/1997;24.2;30.6;17.9;0.0
17/12/1997;25.1;31.4;18.6;0.0
18/12/1997;25.3;31.3;20.5;0.0
19/12/1997;27.6;33.5;21.5;0.0
20/12/1997;27.7;33.3;23.5;0.0
21/12/1997;27.6;33.1;23.9;0.0
22/12/1997;29.1;36.1;23.1;0.0
23/12/1997;27.0;33.9;23.9;0.0
24/12/1997;28.8;35.4;22.2;0.0
25/12/1997;29.1;35.8;24.2;0.0
26/12/1997;30.2;37.4;23.8;0.0
27/12/1997;29.7;36.8;24.7;0.0
28/12/1997;28.7;35.8;24.4;0.0
29/12/1997;29.0;35.4;23.7;0.0
30/12/1997;28.3;36.0;24.2;0.0
31/12/1997;25.4;29.7;21.7;9.0
01/01/1998;27.6;35.1;22.6;0.0
02/01/1998;28.4;35.6;23.6;0.0
03/01/1998;27.5;35.9;23.3;0.0
04/01/1998;28.7;35.4;22.0;0.0
05/01/1998;30.0;37.1;22.5;0.0
06/01/1998;29.2;36.6;24.5;0.0
07/01/1998;23.6;28.1;20.3;3.2
08/01/1998;25.2;30.9;19.9;4.6
09/01/1998;24.1;30.1;19.2;0.0
10/01/1998;24.6;31.4;18.6;0.0
11/01/1998;26.8;33.9;19.2;0.0
12/01/1998;27.6;34.2;22.9;0.0
13/01/1998;25.3;29.6;22.9;0.0
14/01/1998;26.4;33.2;22.7;0.8
15/01/1998;27.2;35.2;22.0;0.0
16/01/1998;24.2;28.7;21.4;2.0
17/01/1998;28.1;36.1;19.5;35.5
18/01/1998;27.4;34.4;21.9;0.0
19/01/1998;28.3;36.4;21.3;0.0
20/01/1998;28.9;35.2;23.1;0.0
21/01/1998;29.1;35.1;23.2;0.0
22/01/1998;26.5;34.6;20.6;0.0
23/01/1998;25.9;34.2;20.7;42.2
24/01/1998;27.5;34.2;23.2;20.2
25/01/1998;28.9;35.0;23.5;0.0
26/01/1998;29.7;35.5;25.0;0.0
27/01/1998;28.7;33.4;25.3;0.0
28/01/1998;26.5;34.0;23.8;0.0
29/01/1998;27.0;32.5;23.3;8.7
30/01/1998;25.8;30.6;23.2;0.0
31/01/1998;25.1;30.5;23.3;0.0
01/02/1998;24.2;26.6;22.2;13.2
02/02/1998;25.6;32.4;22.7;2.2
03/02/1998;26.3;32.6;21.0;12.0
04/02/1998;28.5;34.3;23.2;0.0
05/02/1998;25.7;31.0;23.4;0.0
06/02/1998;27.5;34.6;23.4;39.4
07/02/1998;25.3;33.1;21.5;0.0
08/02/1998;26.5;34.2;20.2;0.7
09/02/1998;27.7;33.3;23.1;0.0
10/02/1998;25.6;31.3;23.4;0.0
11/02/1998;22.5;27.6;19.5;7.7
12/02/1998;21.1;24.7;18.5;0.7
13/02/1998;21.7;24.7;19.2;0.7
14/02/1998;23.9;28.6;20.7;0.0
15/02/1998;26.0;32.0;21.5;0.0
16/02/1998;27.5;33.4;23.1;0.0
17/02/1998;27.9;34.4;21.7;0.0
18/02/1998;27.6;34.7;23.6;0.5
19/02/1998;25.8;31.3;21.5;11.0
20/02/1998;24.9;29.4;21.6;43.6
21/02/1998;25.3;31.5;21.8;28.4
22/02/1998;25.0;31.6;22.5;0.5
23/02/1998;26.6;31.8;22.6;1.3
24/02/1998;26.6;33.5;22.2;1.5
25/02/1998;25.8;30.2;23.0;12.2
26/02/1998;25.4;29.7;22.9;7.9
27/02/1998;26.2;30.5;22.7;0.0
28/02/1998;24.7;30.8;22.2;19.1
01/03/1998;24.9;30.7;21.5;35.2
02/03/1998;23.9;27.8;21.5;1.2
03/03/1998;25.7;32.1;21.2;0.0
04/03/1998;26.8;33.0;22.0;0.2
05/03/1998;26.7;34.5;23.5;0.0
06/03/1998;26.7;32.6;21.2;1.4
07/03/1998;27.1;33.6;21.9;0.0
08/03/1998;26.7;33.2;21.3;0.0
09/03/1998;28.0;34.6;22.2;0.0
10/03/1998;27.2;34.7;22.3;0.0
11/03/1998;26.0;33.2;21.5;0.0
12/03/1998;24.5;30.9;22.2;1.9
13/03/1998;25.6;33.3;20.8;1.8
14/03/1998;25.3;32.1;22.1;1.3
15/03/1998;24.5;30.5;21.7;0.0
16/03/1998;25.3;30.2;22.0;39.2
17/03/1998;22.8;27.3;20.2;2.8
18/03/1998;24.1;29.2;20.8;0.6
19/03/1998;25.3;31.4;21.6;0.5
20/03/1998;26.4;33.8;22.0;0.5
21/03/1998;27.1;33.0;22.1;0.5
22/03/1998;22.7;27.4;19.0;0.0
23/03/1998;22.3;25.2;19.1;35.7
24/03/1998;24.2;28.0;20.9;8.2
25/03/1998;22.9;28.8;21.2;2.8
26/03/1998;18.9;28.2;11.1;0.0
27/03/1998;23.9;32.0;15.0;0.0
28/03/1998;26.0;34.2;21.7;21.0
29/03/1998;25.7;33.7;22.4;0.0
30/03/1998;24.3;29.6;20.8;11.2
31/03/1998;24.1;30.7;21.0;0.0
01/04/1998;24.2;30.1;21.1;16.4
02/04/1998;22.8;28.2;20.4;0.8
03/04/1998;20.9;26.1;17.9;0.0
04/04/1998;17.8;21.2;15.5;0.4
05/04/1998;19.1;21.9;15.3;11.3
06/04/1998;24.7;32.2;18.4;0.0
07/04/1998;22.3;30.1;17.8;6.2
08/04/1998;23.4;30.1;19.2;30.1
09/04/1998;24.8;31.7;20.8;0.3
10/04/1998;27.1;33.6;22.8;0.0
11/04/1998;26.9;32.8;23.4;0.2
12/04/1998;27.6;33.4;23.6;0.0
13/04/1998;27.3;34.3;21.7;0.0
14/04/1998;26.5;33.7;23.3;0.0
15/04/1998;27.3;33.6;22.5;0.1
16/04/1998;22.7;28.2;20.9;9.5
17/04/1998;20.2;23.7;19.0;75.2
18/04/1998;16.7;23.7;12.6;0.0
19/04/1998;17.6;24.9;10.9;0.0
20/04/1998;19.5;27.3;12.0;0.0
21/04/1998;22.6;29.9;16.0;0.0
22/04/1998;24.2;31.2;18.2;0.0
23/04/1998;25.9;33.1;20.1;0.0
24/04/1998;23.8;28.7;20.4;0.9
25/04/1998;23.2;29.3;20.1;6.0
26/04/1998;24.6;29.7;20.5;41.2
27/04/1998;25.4;32.0;21.8;0.0
28/04/1998;21.4;25.4;19.5;4.6
29/04/1998;15.6;21.1;13.8;4.5
30/04/1998;14.0;20.1;9.4;0.0
01/05/1998;15.0;20.6;8.0;0.0
02/05/1998;17.7;23.3;11.2;0.0
03/05/1998;16.6;20.1;14.1;2.6
04/05/1998;16.5;19.4;14.6;13.0
05/05/1998;17.1;23.0;12.9;0.0
06/05/1998;17.4;24.8;12.5;0.0
07/05/1998;16.6;24.2;10.0;0.0
08/05/1998;17.7;24.7;12.2;0.0
09/05/1998;20.1;27.7;13.8;0.0
10/05/1998;21.2;28.5;14.6;0.0
11/05/1998;22.7;30.5;16.6;0.0
12/05/1998;23.5;31.4;17.6;0.0
13/05/1998;24.1;30.4;20.2;0.0
14/05/1998;21.2;26.1;19.4;4.0
15/05/1998;16.6;19.8;15.0;29.6
16/05/1998;13.5;18.1;11.8;0.0
17/05/1998;12.9;20.0;7.6;0.0
18/05/1998;14.1;23.0;6.8;0.0
19/05/1998;17.4;24.7;11.1;0.0
20/05/1998;19.5;28.3;13.5;0.0
21/05/1998;18.8;28.6;11.3;0.0
22/05/1998;20.0;28.7;13.0;0.0
23/05/1998;21.6;29.5;15.0;0.0
24/05/1998;21.1;30.1;14.7;0.0
25/05/1998;23.1;31.4;14.1;0.0
26/05/1998;19.7;25.4;17.1;0.0
27/05/1998;15.4;20.4;11.3;22.0
28/05/1998;17.0;23.0;11.6;0.0
29/05/1998;16.8;19.2;13.6;2.3
30/05/1998;14.9;19.2;13.4;11.9
31/05/1998;14.1;22.4;7.1;0.0
01/06/1998;15.5;22.0;9.1;0.0
02/06/1998;15.2;22.8;10.9;0.0
03/06/1998;14.7;23.4;8.0;0.0
04/06/1998;15.1;23.7;8.7;0.0
05/06/1998;15.9;23.2;10.0;0.0
06/06/1998;19.3;27.0;12.7;0.0
07/06/1998;20.9;28.7;14.9;0.0
08/06/1998;19.2;26.4;15.2;0.0
09/06/1998;18.1;26.7;11.6;0.0
10/06/1998;21.3;29.5;13.8;0.0
11/06/1998;17.5;23.9;14.6;1.9
12/06/1998;15.1;22.7;10.1;0.0
13/06/1998;17.0;22.1;12.5;0.0
14/06/1998;20.0;26.4;15.0;0.0
15/06/1998;21.5;28.4;16.9;0.0
16/06/1998;21.0;28.4;16.1;0.0
17/06/1998;15.6;21.7;11.6;0.0
18/06/1998;18.1;26.3;10.9;1.0
19/06/1998;12.3;18.8;9.7;3.8
20/06/1998;16.1;22.0;10.0;0.0
21/06/1998;18.2;25.4;12.0;0.0
22/06/1998;19.3;26.9;13.2;0.0
23/06/1998;21.5;29.5;14.2;0.0
24/06/1998;15.5;23.4;12.8;12.6
25/06/1998;10.5;18.2;5.5;0.0
26/06/1998;12.3;17.6;6.3;0.0
27/06/1998;16.5;23.9;9.9;0.0
28/06/1998;19.5;27.4;13.0;0.0
29/06/1998;21.2;29.1;14.6;0.0
30/06/1998;22.5;30.6;17.3;0.0
01/07/1998;21.6;30.7;14.6;0.0
02/07/1998;21.5;28.3;16.4;0.0
03/07/1998;21.5;29.3;15.4;0.0
04/07/1998;21.3;29.0;15.6;0.0
05/07/1998;21.1;28.1;16.8;0.0
06/07/1998;21.5;30.5;14.9;0.0
07/07/1998;22.0;31.4;16.1;0.0
08/07/1998;21.1;31.2;17.8;0.0
09/07/1998;13.3;19.7;11.5;5.3
10/07/1998;10.8;20.3;3.4;0.0
11/07/1998;12.7;21.0;7.2;0.0
12/07/1998;14.0;22.0;7.9;0.0
13/07/1998;14.8;21.9;9.7;0.0
14/07/1998;16.1;23.2;10.9;0.0
15/07/1998;18.2;26.2;11.4;0.0
16/07/1998;19.8;28.3;13.7;0.0
17/07/1998;21.5;30.2;13.6;0.0
18/07/1998;17.7;24.2;13.4;0.0
19/07/1998;19.0;23.2;15.3;16.8
20/07/1998;20.8;28.2;15.6;0.0
21/07/1998;22.6;32.1;16.2;0.0
22/07/1998;23.5;31.8;16.6;0.0
23/07/1998;22.4;31.8;14.3;0.0
24/07/1998;23.2;32.4;17.9;0.0
25/07/1998;19.9;30.4;16.6;0.0
26/07/1998;16.3;23.2;11.8;0.0
27/07/1998;19.5;28.7;10.8;0.0
28/07/1998;22.5;32.1;15.1;0.0
29/07/1998;20.0;29.6;14.0;0.0
30/07/1998;19.8;28.7;13.1;0.0
31/07/1998;19.9;27.4;14.1;0.0
01/08/1998;16.6;21.0;14.6;0.0
02/08/1998;16.8;23.4;12.8;4.7
03/08/1998;18.1;27.7;9.7;0.0
04/08/1998;17.1;24.0;14.0;0.0
05/08/1998;15.9;21.7;11.7;33.1
06/08/1998;17.3;22.8;12.9;0.0
07/08/1998;18.4;25.4;12.2;0.0
08/08/1998;17.9;20.6;14.5;2.2
09/08/1998;17.6;18.4;16.9;20.0
10/08/1998;19.2;22.3;16.9;45.2
11/08/1998;20.8;25.7;17.0;29.2
12/08/1998;23.5;30.3;18.9;0.0
13/08/1998;24.1;32.9;19.1;0.0
14/08/1998;21.4;23.3;19.6;0.0
15/08/1998;21.4;25.4;18.2;7.1
16/08/1998;23.5;29.8;17.8;0.0
17/08/1998;24.8;32.8;19.0;0.0
18/08/1998;20.9;25.3;17.8;0.0
19/08/1998;23.3;29.6;17.8;32.5
20/08/1998;22.8;31.5;17.0;0.0
21/08/1998;24.1;32.4;18.1;0.0
22/08/1998;24.0;30.7;19.2;0.0
23/08/1998;23.1;30.3;17.4;0.0
24/08/1998;24.6;33.6;18.2;0.0
25/08/1998;22.2;31.7;15.6;0.0
26/08/1998;15.9;22.2;13.8;0.0
27/08/1998;14.5;20.4;11.5;0.0
28/08/1998;14.3;19.8;9.9;0.0
29/08/1998;17.1;26.2;10.5;0.0
30/08/1998;16.9;27.0;8.1;0.0
31/08/1998;18.5;26.0;12.3;0.0
01/09/1998;21.8;30.2;14.1;0.0
02/09/1998;23.0;31.7;17.7;0.0
03/09/1998;23.9;33.0;19.7;0.0
04/09/1998;19.8;22.2;18.4;23.3
05/09/1998;18.5;20.5;17.8;16.3
06/09/1998;19.4;22.7;16.4;0.0
07/09/1998;19.5;21.3;16.8;3.0
08/09/1998;17.1;20.2;15.2;75.4
09/09/1998;17.8;23.1;14.1;17.7
10/09/1998;19.6;26.6;13.6;0.0
11/09/1998;23.1;31.2;15.4;0.0
12/09/1998;26.0;34.8;18.9;0.0
13/09/1998;26.0;33.5;21.2;0.0
14/09/1998;24.7;32.8;18.0;0.0
15/09/1998;23.1;31.2;18.1;0.0
16/09/1998;23.4;29.8;18.2;0.0
17/09/1998;26.1;34.2;19.4;0.0
18/09/1998;24.1;31.6;21.0;0.0
19/09/1998;15.1;21.0;12.8;4.7
20/09/1998;12.1;14.2;10.6;16.9
21/09/1998;13.5;21.4;8.6;0.0
22/09/1998;16.6;26.2;6.6;0.0
23/09/1998;19.2;26.6;13.4;0.0
24/09/1998;20.0;28.5;13.6;0.0
25/09/1998;20.1;26.2;16.8;0.1
26/09/1998;20.0;23.6;17.2;0.1
27/09/1998;20.4;25.0;18.0;0.0
28/09/1998;17.3;19.3;15.4;31.4
29/09/1998;18.5;23.8;14.7;16.2
30/09/1998;20.8;25.4;15.6;0.1
01/10/1998;20.8;24.1;19.5;0.0
02/10/1998;22.8;29.3;18.3;0.0
03/10/1998;24.6;32.7;19.3;0.3
04/10/1998;27.1;35.0;19.0;0.0
05/10/1998;20.5;27.6;17.4;22.0
06/10/1998;22.1;29.9;17.5;12.0
07/10/1998;20.3;22.3;19.0;2.5
08/10/1998;22.2;26.4;19.6;13.4
09/10/1998;23.5;30.1;17.4;0.0
10/10/1998;25.5;31.2;21.0;0.0
11/10/1998;19.4;26.3;16.2;4.4
12/10/1998;22.5;28.6;16.2;33.8
13/10/1998;23.4;29.6;17.4;0.0
14/10/1998;23.9;30.7;18.6;0.0
15/10/1998;24.9;32.2;19.8;0.0
16/10/1998;22.0;27.4;19.6;0.2
17/10/1998;19.9;26.3;15.6;3.6
18/10/1998;21.4;29.1;14.0;0.0
19/10/1998;21.4;29.3;15.5;0.0
20/10/1998;22.8;30.4;15.9;0.0
21/10/1998;25.4;33.6;18.0;0.0
22/10/1998;28.0;35.6;21.8;0.0
23/10/1998;28.2;35.7;22.2;0.0
24/10/1998;21.9;27.4;20.2;1.7
25/10/1998;21.2;23.6;19.2;15.1
26/10/1998;22.4;28.9;19.8;1.8
27/10/1998;21.8;27.7;18.7;16.0
28/10/1998;22.2;29.4;15.4;0.0
29/10/1998;22.6;26.4;18.1;0.0
30/10/1998;21.4;25.6;19.5;0.0
31/10/1998;22.5;29.8;15.8;0.0
01/11/1998;23.9;31.0;17.1;0.0
02/11/1998;24.4;30.9;18.7;0.0
03/11/1998;23.0;29.6;18.1;0.0
04/11/1998;24.4;31.8;18.1;0.1
05/11/1998;25.9;34.0;18.9;0.0
06/11/1998;27.9;35.6;20.0;0.0
07/11/1998;24.4;33.8;19.4;0.0
08/11/1998;24.6;33.2;17.6;0.0
09/11/1998;23.1;30.9;19.1;0.0
10/11/1998;20.9;23.8;18.8;28.5
11/11/1998;23.4;29.3;18.7;11.2
12/11/1998;22.4;28.5;17.7;0.0
13/11/1998;22.5;28.5;19.7;0.3
14/11/1998;23.1;30.2;16.7;0.3
15/11/1998;25.2;32.1;18.6;0.0
16/11/1998;28.4;35.4;20.8;0.0
17/11/1998;22.6;29.6;19.9;2.3
18/11/1998;20.2;26.4;16.5;0.0
19/11/1998;22.8;31.8;13.2;0.0
20/11/1998;26.3;33.8;18.2;0.0
21/11/1998;28.4;35.4;20.9;0.0
22/11/1998;26.2;34.4;22.3;0.0
23/11/1998;26.5;33.7;19.8;0.1
24/11/1998;26.8;33.3;22.7;0.0
25/11/1998;22.4;26.3;20.4;7.7
26/11/1998;24.1;29.3;20.0;1.2
27/11/1998;27.1;33.9;20.0;0.4
28/11/1998;27.3;34.8;21.8;0.0
29/11/1998;26.0;35.1;22.5;0.0
30/11/1998;26.4;35.8;21.0;6.7
01/12/1998;25.3;34.2;21.7;0.4
02/12/1998;26.8;33.8;21.5;14.4
03/12/1998;25.7;32.2;21.7;0.0
04/12/1998;23.9;27.6;22.5;30.4
05/12/1998;25.6;31.6;21.7;35.2
06/12/1998;25.0;32.2;20.1;0.0
07/12/1998;26.3;34.7;19.3;0.0
08/12/1998;26.8;35.2;20.0;0.0
09/12/1998;23.2;31.2;20.4;0.1
10/12/1998;21.2;24.2;19.0;14.6
11/12/1998;23.7;30.3;17.4;0.5
12/12/1998;26.1;33.5;17.8;0.0
13/12/1998;27.5;34.4;21.6;0.0
14/12/1998;27.4;33.8;23.7;0.0
15/12/1998;24.8;32.6;21.7;0.5
16/12/1998;27.4;33.6;21.2;3.0
17/12/1998;21.9;29.4;19.5;20.6
18/12/1998;21.6;28.6;14.4;0.0
19/12/1998;24.2;31.2;15.9;0.0
20/12/1998;26.7;33.8;17.9;0.0
21/12/1998;24.3;31.2;22.2;0.0
22/12/1998;19.4;23.0;18.2;36.8
23/12/1998;20.0;27.3;13.4;0.8
24/12/1998;21.7;28.7;14.2;0.0
25/12/1998;24.8;30.0;19.0;0.0
26/12/1998;26.5;32.8;21.8;0.0
27/12/1998;26.4;35.0;22.1;0.0
28/12/1998;24.1;33.0;20.8;0.0
29/12/1998;21.0;25.0;18.5;76.3
30/12/1998;22.2;22.8;18.4;4.3
31/12/1998;25.8;32.1;18.8;0.0
01/01/1999;23.1;27.2;20.6;0.0
02/01/1999;23.8;30.1;19.7;3.4
03/01/1999;25.5;31.4;22.2;17.4
04/01/1999;24.3;31.6;21.6;7.4
05/01/1999;24.4;29.4;21.5;47.7
06/01/1999;25.7;31.8;20.5;0.0
07/01/1999;24.7;30.6;20.2;0.0
08/01/1999;23.0;27.6;19.0;0.0
09/01/1999;24.8;30.8;18.6;0.0
10/01/1999;24.6;31.8;20.0;0.0
11/01/1999;25.5;30.6;21.1;0.0
12/01/1999;25.0;32.0;21.8;0.0
13/01/1999;24.6;30.9;20.8;5.8
14/01/1999;24.7;32.2;20.4;0.0
15/01/1999;24.7;31.2;19.9;5.0
16/01/1999;24.7;32.9;21.6;0.0
17/01/1999;25.1;30.6;21.6;0.2
18/01/1999;25.4;31.2;21.0;0.0
19/01/1999;27.3;33.4;21.8;0.0
20/01/1999;26.9;34.8;21.5;0.0
21/01/1999;28.7;36.1;21.5;0.0
22/01/1999;27.6;34.8;21.0;0.0
23/01/1999;28.3;34.7;21.0;0.0
24/01/1999;28.8;35.8;22.6;0.0
25/01/1999;27.2;35.3;22.8;0.0
26/01/1999;25.6;34.5;21.7;0.0
27/01/1999;25.5;34.3;22.0;4.5
28/01/1999;24.7;32.1;20.9;36.2
29/01/1999;23.8;29.4;20.6;3.5
30/01/1999;24.1;29.5;21.0;0.0
31/01/1999;23.4;26.2;22.0;20.6
01/02/1999;24.5;31.2;21.0;19.4
02/02/1999;25.4;30.7;22.6;3.0
03/02/1999;26.1;31.7;21.7;17.4
04/02/1999;25.8;33.2;22.6;0.0
05/02/1999;27.3;34.7;21.6;0.0
06/02/1999;27.3;34.5;21.8;0.0
07/02/1999;27.5;34.7;22.1;0.0
08/02/1999;24.4;30.1;21.2;11.8
09/02/1999;24.9;30.0;22.1;14.1
10/02/1999;26.4;32.3;21.5;0.3
11/02/1999;25.9;31.3;21.6;0.5
12/02/1999;24.9;32.7;20.8;0.0
13/02/1999;27.3;34.2;21.8;0.5
14/02/1999;23.8;27.2;22.2;2.4
15/02/1999;25.4;32.7;21.2;11.5
16/02/1999;26.4;33.2;22.4;0.4
17/02/1999;25.0;32.2;21.2;1.2
18/02/1999;24.7;31.5;21.8;0.0
19/02/1999;25.0;31.9;20.0;9.5
20/02/1999;23.6;28.7;20.3;0.0
21/02/1999;24.8;31.3;19.7;1.4
22/02/1999;25.7;32.0;21.8;0.8
23/02/1999;25.8;33.2;22.4;1.9
24/02/1999;25.4;32.2;20.7;0.0
25/02/1999;25.8;32.1;19.6;0.0
26/02/1999;25.4;32.2;22.3;0.0
27/02/1999;25.0;32.7;20.4;25.0
28/02/1999;27.3;33.7;21.4;0.0
01/03/1999;27.1;32.9;22.2;0.0
02/03/1999;26.6;33.3;22.4;0.0
03/03/1999;27.2;34.0;21.2;0.0
04/03/1999;26.7;32.8;22.6;0.0
05/03/1999;26.3;32.6;21.0;0.0
06/03/1999;26.9;33.6;20.8;0.5
07/03/1999;25.6;33.4;22.0;0.0
08/03/1999;24.3;30.0;22.1;45.0
09/03/1999;23.7;28.6;21.8;2.6
10/03/1999;24.9;31.4;21.0;6.8
11/03/1999;23.9;31.4;21.2;2.2
12/03/1999;23.6;29.4;21.0;123.6
13/03/1999;24.3;29.6;21.8;24.6
14/03/1999;24.4;29.6;21.2;0.9
15/03/1999;25.3;31.6;20.2;0.0
16/03/1999;25.6;32.2;20.4;0.0
17/03/1999;25.6;31.7;20.8;0.0
18/03/1999;26.1;32.2;21.0;0.0
19/03/1999;26.6;32.4;21.4;0.0
20/03/1999;25.5;31.7;22.6;0.0
21/03/1999;23.8;29.3;21.5;10.0
22/03/1999;23.3;28.0;21.9;28.2
23/03/1999;24.3;29.3;21.0;15.8
24/03/1999;26.0;33.1;22.4;0.0
25/03/1999;26.4;33.7;21.6;0.0
26/03/1999;26.0;33.1;22.2;2.6
27/03/1999;26.7;33.5;21.8;0.0
28/03/1999;27.9;34.7;22.8;0.0
29/03/1999;25.3;34.0;21.4;0.0
30/03/1999;23.7;29.6;21.4;34.8
31/03/1999;25.3;31.2;20.6;17.8
01/04/1999;26.0;32.2;21.0;3.7
02/04/1999;26.7;33.6;21.2;0.0
03/04/1999;26.2;32.9;21.8;0.0
04/04/1999;26.4;33.4;19.4;0.0
05/04/1999;26.7;33.2;21.6;0.0
06/04/1999;25.7;33.1;20.2;0.0
07/04/1999;25.6;33.3;19.6;0.0
08/04/1999;25.1;31.7;21.2;0.0
09/04/1999;24.4;30.7;20.4;0.0
10/04/1999;23.7;29.9;19.1;0.0
11/04/1999;23.5;31.7;20.3;0.0
12/04/1999;21.7;26.2;20.0;10.2
13/04/1999;22.3;27.2;18.6;2.9
14/04/1999;24.8;30.8;19.0;17.7
15/04/1999;24.4;29.6;20.4;0.0
16/04/1999;14.8;24.4;9.7;27.0
17/04/1999;10.1;17.4;4.6;0.0
18/04/1999;11.6;19.6;4.6;0.0
19/04/1999;14.8;23.1;5.6;0.0
20/04/1999;17.8;25.7;11.4;0.0
21/04/1999;21.5;30.3;12.8;0.0
22/04/1999;23.1;31.3;16.4;0.0
23/04/1999;23.5;31.1;17.6;0.0
24/04/1999;22.8;30.1;17.6;0.0
25/04/1999;19.8;27.8;14.0;0.0
26/04/1999;22.4;29.4;17.2;0.0
27/04/1999;22.7;29.8;17.8;0.0
28/04/1999;22.3;29.3;17.5;0.0
29/04/1999;22.1;30.1;15.5;0.0
30/04/1999;21.8;30.0;15.4;0.0
01/05/1999;22.1;29.6;16.0;0.0
02/05/1999;21.6;29.0;15.9;0.0
03/05/1999;21.4;29.5;15.8;0.0
04/05/1999;21.5;30.9;14.2;0.0
05/05/1999;22.8;27.2;19.0;0.0
06/05/1999;23.6;31.2;20.5;0.0
07/05/1999;18.9;26.3;14.2;16.0
08/05/1999;17.9;25.8;12.0;0.0
09/05/1999;18.0;25.9;11.8;0.0
10/05/1999;19.8;26.7;17.0;0.0
11/05/1999;20.3;28.0;14.5;0.0
12/05/1999;18.2;26.1;13.9;0.0
13/05/1999;17.3;26.4;11.1;0.0
14/05/1999;16.5;23.8;11.0;0.0
15/05/1999;16.2;24.0;10.8;0.0
16/05/1999;18.4;26.1;11.1;0.0
17/05/1999;20.1;28.5;13.1;0.0
18/05/1999;19.7;28.0;13.6;0.0
19/05/1999;17.9;25.0;16.0;0.0
20/05/1999;9.6;13.8;5.7;0.0
21/05/1999;11.3;20.4;3.9;0.0
22/05/1999;15.0;22.9;5.0;0.0
23/05/1999;13.6;24.0;6.6;0.0
24/05/1999;17.4;23.5;12.8;0.0
25/05/1999;20.2;27.0;15.4;0.0
26/05/1999;18.8;23.2;12.1;0.0
27/05/1999;20.4;28.0;12.5;9.0
28/05/1999;23.1;29.1;19.0;0.4
29/05/1999;19.5;25.0;18.1;0.0
30/05/1999;11.0;17.7;8.0;0.0
31/05/1999;9.9;18.0;4.5;0.0
01/06/1999;12.2;21.8;4.8;0.0
02/06/1999;15.0;24.8;8.0;0.0
03/06/1999;17.1;26.1;9.0;0.0
04/06/1999;17.0;22.8;14.8;0.0
05/06/1999;14.8;21.1;11.0;0.0
06/06/1999;13.5;17.2;8.1;0.0
07/06/1999;16.5;21.0;12.0;0.0
08/06/1999;18.8;25.0;15.0;0.0
09/06/1999;18.9;28.3;11.5;0.0
10/06/1999;12.3;18.2;10.1;20.1
11/06/1999;13.5;21.0;4.9;0.0
12/06/1999;18.8;25.3;14.0;0.0
13/06/1999;15.1;16.5;15.0;0.0
14/06/1999;15.9;18.4;15.0;64.0
15/06/1999;17.3;23.5;15.0;0.0
16/06/1999;16.9;17.8;15.0;0.0
17/06/1999;20.5;27.1;14.9;0.4
18/06/1999;17.3;22.9;14.8;0.0
19/06/1999;15.4;17.0;14.8;0.0
20/06/1999;15.0;20.0;12.0;0.0
21/06/1999;15.3;21.0;10.0;0.0
22/06/1999;16.5;23.2;10.0;0.0
23/06/1999;19.8;26.1;13.6;0.0
24/06/1999;21.2;29.8;18.0;0.0
25/06/1999;18.0;19.7;15.0;11.8
26/06/1999;19.4;27.0;11.5;0.0
27/06/1999;19.8;25.9;15.5;0.0
28/06/1999;20.5;30.1;12.0;0.0
29/06/1999;15.3;18.9;13.8;9.8
30/06/1999;13.3;19.9;8.7;0.0
01/07/1999;18.9;26.5;10.9;0.0
02/07/1999;22.3;28.7;16.5;0.0
03/07/1999;21.2;29.5;17.0;30.1
04/07/1999;13.7;16.0;12.0;30.1
05/07/1999;9.6;12.0;8.5;1.4
06/07/1999;12.8;18.1;9.1;0.0
07/07/1999;16.3;21.6;10.7;0.0
08/07/1999;16.1;23.4;12.8;0.0
09/07/1999;18.2;25.8;13.3;0.0
10/07/1999;17.8;24.9;14.1;0.0
11/07/1999;18.4;25.2;13.0;0.0
12/07/1999;19.2;26.6;15.2;0.0
13/07/1999;17.1;25.9;11.8;0.0
14/07/1999;17.0;26.9;11.4;0.0
15/07/1999;19.0;28.8;11.8;0.0
16/07/1999;17.0;28.1;10.1;0.0
17/07/1999;13.9;20.1;11.1;0.0
18/07/1999;13.2;24.1;9.7;0.0
19/07/1999;18.1;27.6;9.1;0.0
20/07/1999;15.4;19.8;14.6;0.0
21/07/1999;11.6;20.0;7.0;0.0
22/07/1999;15.9;22.9;8.8;0.0
23/07/1999;17.7;25.0;11.0;0.0
24/07/1999;20.9;28.0;15.1;0.0
25/07/1999;20.5;29.3;11.1;0.0
26/07/1999;22.6;31.8;16.1;0.0
27/07/1999;21.7;32.2;16.9;0.0
28/07/1999;22.2;31.6;14.8;0.0
29/07/1999;22.5;30.1;17.1;0.0
30/07/1999;18.6;30.1;14.5;0.0
31/07/1999;14.8;23.9;8.0;0.0
01/08/1999;18.0;26.0;10.9;0.0
02/08/1999;18.2;29.5;11.9;0.0
03/08/1999;18.8;28.2;10.4;0.0
04/08/1999;19.2;28.5;12.3;0.0
05/08/1999;20.9;29.9;13.4;0.0
06/08/1999;22.9;32.2;15.5;0.0
07/08/1999;17.2;28.1;11.0;0.0
08/08/1999;13.7;22.2;7.3;0.0
09/08/1999;16.9;27.6;6.6;0.0
10/08/1999;20.8;31.3;12.2;0.0
11/08/1999;22.3;32.8;15.1;0.0
12/08/1999;21.4;32.4;13.4;0.0
13/08/1999;19.2;22.4;16.0;0.0
14/08/1999;6.7;10.1;3.1;0.0
15/08/1999;7.5;11.1;2.0;0.0
16/08/1999;11.1;19.9;6.2;0.0
17/08/1999;15.0;23.7;7.6;0.0
18/08/1999;17.7;26.8;10.1;0.0
19/08/1999;21.2;30.8;12.6;0.0
20/08/1999;23.0;32.2;15.6;0.0
21/08/1999;24.4;33.0;17.7;0.0
22/08/1999;23.6;32.9;15.3;0.0
23/08/1999;22.3;31.9;17.0;0.0
24/08/1999;22.9;32.6;15.2;0.0
25/08/1999;25.0;33.1;17.8;0.0
26/08/1999;23.8;33.4;17.5;0.0
27/08/1999;24.6;33.2;15.9;0.0
28/08/1999;23.4;32.5;16.3;0.0
29/08/1999;24.3;32.9;17.5;0.0
30/08/1999;27.7;37.0;22.0;0.0
31/08/1999;25.2;38.0;19.7;0.0
01/09/1999;28.2;37.0;22.2;0.0
02/09/1999;25.7;36.8;18.0;0.0
03/09/1999;23.6;35.9;15.9;0.0
04/09/1999;23.5;32.1;15.0;0.0
05/09/1999;22.8;30.1;14.0;0.0
06/09/1999;23.9;31.4;19.4;0.0
07/09/1999;21.3;34.9;18.7;0.0
08/09/1999;25.0;35.4;20.0;1.1
09/09/1999;17.9;33.1;16.9;79.0
10/09/1999;15.8;20.2;12.6;0.0
11/09/1999;19.3;24.9;13.5;0.0
12/09/1999;20.6;27.3;15.0;0.0
13/09/1999;23.5;31.4;14.0;0.0
14/09/1999;23.6;34.9;19.4;0.0
15/09/1999;17.8;28.2;12.5;0.0
16/09/1999;16.0;28.0;11.0;0.0
17/09/1999;19.2;28.4;10.5;0.0
18/09/1999;20.8;29.9;10.1;0.0
19/09/1999;23.5;32.1;18.5;2.6
20/09/1999;22.8;30.1;18.0;0.0
21/09/1999;23.1;30.4;17.6;0.0
22/09/1999;23.9;32.2;17.2;0.0
23/09/1999;21.3;27.6;16.2;0.0
24/09/1999;17.5;25.2;12.7;0.0
25/09/1999;19.7;26.2;12.5;0.0
26/09/1999;22.3;33.9;14.9;0.0
27/09/1999;27.9;35.2;22.0;0.0
28/09/1999;26.2;35.5;16.2;0.0
29/09/1999;25.6;34.8;21.0;0.0
30/09/1999;25.9;34.1;18.0;0.0
01/10/1999;28.7;36.2;21.4;0.0
02/10/1999;16.8;23.0;14.0;0.0
03/10/1999;15.5;21.0;12.9;0.0
04/10/1999;17.2;23.8;12.8;0.0
05/10/1999;22.4;27.7;13.2;0.0
06/10/1999;23.5;31.2;17.2;0.0
07/10/1999;26.1;33.2;20.7;0.0
08/10/1999;20.9;26.1;20.6;0.0
09/10/1999;18.2;27.0;12.0;0.0
10/10/1999;22.9;30.1;12.0;0.0
11/10/1999;23.8;31.2;20.0;0.0
12/10/1999;22.1;31.9;17.2;0.0
13/10/1999;26.2;35.6;17.7;0.0
14/10/1999;27.8;38.2;23.3;0.0
15/10/1999;29.3;37.4;21.3;8.1
16/10/1999;28.8;37.2;25.8;2.6
17/10/1999;23.3;32.1;19.3;0.0
18/10/1999;22.2;30.0;17.2;0.0
19/10/1999;25.3;33.2;19.5;0.0
20/10/1999;25.4;32.3;17.0;0.0
21/10/1999;22.1;28.6;16.9;0.0
22/10/1999;22.3;33.4;19.6;0.0
23/10/1999;20.1;28.3;12.7;0.0
24/10/1999;24.2;33.9;14.9;0.0
25/10/1999;23.7;30.0;18.1;0.0
26/10/1999;23.8;29.9;17.1;0.9
27/10/1999;22.6;33.9;14.0;1.8
28/10/1999;24.3;33.1;17.9;9.3
29/10/1999;26.4;33.8;19.5;0.0
30/10/1999;26.2;34.0;22.0;0.0
31/10/1999;23.3;31.9;19.6;0.0
01/11/1999;23.9;31.0;17.1;0.0
02/11/1999;24.4;30.9;18.7;49.2
03/11/1999;23.0;29.2;18.9;0.0
04/11/1999;24.4;27.8;20.2;0.0
05/11/1999;21.6;25.9;16.2;0.0
06/11/1999;23.9;27.9;18.7;0.0
07/11/1999;24.4;30.9;17.7;0.0
08/11/1999;24.6;34.0;16.0;0.0
09/11/1999;17.4;24.7;14.1;0.0
10/11/1999;20.9;25.7;13.6;0.0
11/11/1999;18.0;26.0;14.6;1.3
12/11/1999;22.4;30.0;18.1;0.0
13/11/1999;22.5;30.4;18.7;0.0
14/11/1999;23.1;30.2;17.7;0.0
15/11/1999;25.2;32.1;19.9;0.0
16/11/1999;24.8;30.4;16.5;0.0
17/11/1999;22.6;31.1;16.8;0.0
18/11/1999;24.8;32.5;17.2;0.0
19/11/1999;24.4;34.6;17.7;0.0
20/11/1999;26.3;33.8;17.6;0.0
21/11/1999;28.4;35.4;19.1;0.0
22/11/1999;26.2;35.0;18.8;0.0
23/11/1999;26.5;35.0;20.7;0.0
24/11/1999;26.8;33.6;17.1;0.0
25/11/1999;22.4;30.1;18.6;0.0
26/11/1999;24.1;30.6;15.3;0.0
27/11/1999;27.1;33.7;19.8;0.0
28/11/1999;27.3;34.5;22.7;0.0
29/11/1999;26.0;36.1;20.4;0.0
30/11/1999;26.4;31.8;20.0;0.0
01/12/1999;27.4;35.0;21.0;0.0
02/12/1999;22.9;31.9;18.0;0.0
03/12/1999;25.6;33.7;17.1;0.0
04/12/1999;28.0;36.9;21.9;0.0
05/12/1999;25.2;34.0;20.1;45.9
06/12/1999;24.3;28.1;19.6;0.0
07/12/1999;25.0;32.4;18.9;7.4
08/12/1999;24.8;32.1;18.4;0.0
09/12/1999;27.8;33.0;19.4;9.1
10/12/1999;26.9;32.8;19.2;40.2
11/12/1999;24.7;32.9;19.3;10.0
12/12/1999;25.2;32.8;19.6;20.0
13/12/1999;24.4;29.7;20.9;8.4
14/12/1999;25.4;31.3;21.4;0.3
15/12/1999;25.2;32.5;19.0;0.0
16/12/1999;26.6;33.8;18.9;0.0
17/12/1999;26.6;33.9;18.4;0.0
18/12/1999;29.6;32.5;19.6;0.0
19/12/1999;26.5;32.4;19.6;0.0
20/12/1999;27.7;32.4;19.7;0.0
21/12/1999;24.6;36.8;19.8;0.0
22/12/1999;25.0;34.2;20.1;5.1
23/12/1999;25.2;32.5;18.4;0.3
24/12/1999;26.8;33.5;21.9;0.0
25/12/1999;26.6;31.8;21.7;0.0
26/12/1999;26.4;31.2;21.6;0.8
27/12/1999;28.4;34.8;22.6;0.0
28/12/1999;26.8;34.0;22.1;1.5
29/12/1999;25.3;31.7;20.1;0.0
30/12/1999;24.1;32.4;18.5;6.4
31/12/1999;25.7;31.9;21.2;0.0
01/01/2000;25.9;32.1;21.7;0.0
02/01/2000;25.3;30.1;22.0;0.0
03/01/2000;24.2;31.0;19.2;0.5
04/01/2000;26.4;34.2;18.5;0.0
05/01/2000;27.8;35.9;19.6;0.5
06/01/2000;27.4;35.0;21.7;3.3
07/01/2000;25.5;34.7;20.3;35.6
08/01/2000;25.3;32.3;20.1;0.3
09/01/2000;25.1;31.6;20.2;4.3
10/01/2000;27.2;33.2;21.5;0.0
11/01/2000;28.6;34.3;21.9;0.0
12/01/2000;26.8;32.5;21.6;10.4
13/01/2000;26.9;33.6;23.0;0.0
14/01/2000;27.2;32.0;23.1;0.0
15/01/2000;28.0;34.0;22.3;0.0
16/01/2000;28.9;35.0;22.7;0.0
17/01/2000;29.7;35.7;22.9;0.0
18/01/2000;30.0;36.9;25.5;0.0
19/01/2000;28.3;36.2;21.9;62.2
20/01/2000;26.1;32.7;22.1;4.6
21/01/2000;27.8;34.1;23.8;11.2
22/01/2000;27.6;33.6;24.7;0.0
23/01/2000;27.3;33.5;23.3;0.0
24/01/2000;24.1;27.2;21.5;0.3
25/01/2000;25.3;33.4;22.1;23.4
26/01/2000;26.2;31.9;21.7;0.3
27/01/2000;24.8;30.6;20.4;0.0
28/01/2000;26.1;31.7;21.5;0.0
29/01/2000;26.4;32.7;20.9;0.0
30/01/2000;23.8;27.3;22.2;39.1
31/01/2000;26.2;31.1;23.4;4.6
01/02/2000;27.1;33.3;22.5;0.3
02/02/2000;28.5;34.3;23.0;0.0
03/02/2000;27.5;32.8;22.1;0.5
04/02/2000;24.3;28.4;22.0;4.8
05/02/2000;26.0;32.0;19.2;0.0
06/02/2000;24.2;28.9;21.0;0.3
07/02/2000;25.6;31.2;21.1;0.3
08/02/2000;26.4;32.5;21.4;0.0
09/02/2000;26.8;33.3;21.1;0.0
10/02/2000;27.0;32.9;21.4;0.0
11/02/2000;26.6;32.1;22.8;0.0
12/02/2000;27.0;32.5;22.3;0.0
13/02/2000;25.6;32.0;21.8;0.0
14/02/2000;24.0;28.8;20.9;0.0
15/02/2000;24.2;26.8;22.2;0.8
16/02/2000;24.4;28.5;21.7;0.3
17/02/2000;21.0;23.6;19.2;0.3
18/02/2000;22.8;28.3;18.0;0.0
19/02/2000;24.5;30.5;19.6;0.0
20/02/2000;25.0;31.4;22.2;0.0
21/02/2000;24.6;32.4;20.7;30.7
22/02/2000;23.8;31.4;20.7;4.8
23/02/2000;25.3;32.7;20.7;0.0
24/02/2000;26.5;32.9;20.0;0.0
25/02/2000;27.5;34.2;22.2;0.0
26/02/2000;27.5;34.2;22.2;0.0
27/02/2000;27.7;34.6;22.3;0.0
28/02/2000;23.8;30.4;21.8;46.7
29/02/2000;25.2;32.1;20.9;0.0
01/03/2000;25.2;31.4;21.4;0.0
02/03/2000;24.5;30.4;22.4;4.6
03/03/2000;24.9;30.4;22.1;4.8
04/03/2000;24.0;29.8;22.1;15.0
05/03/2000;24.3;30.2;21.7;13.7
06/03/2000;25.3;30.6;22.1;0.8
07/03/2000;24.8;31.7;21.4;16.0
08/03/2000;24.2;28.8;21.7;1.5
09/03/2000;23.7;28.9;20.2;0.0
10/03/2000;24.2;29.7;19.7;0.0
11/03/2000;23.8;29.8;20.8;14.5
12/03/2000;25.0;31.9;19.1;0.3
13/03/2000;24.6;31.3;20.5;8.6
14/03/2000;21.0;23.1;18.7;3.8
15/03/2000;21.6;25.9;18.7;1.3
16/03/2000;25.5;31.4;21.6;0.0
17/03/2000;25.3;31.3;21.3;0.0
18/03/2000;25.8;33.1;20.1;0.0
19/03/2000;24.5;29.8;20.1;0.0
20/03/2000;24.6;29.2;21.0;0.0
21/03/2000;25.2;30.5;21.3;0.0
22/03/2000;25.0;31.0;20.8;0.8
23/03/2000;24.5;31.3;21.1;5.3
24/03/2000;24.2;33.1;20.5;30.7
25/03/2000;25.2;31.3;21.0;0.3
26/03/2000;25.9;32.1;21.1;0.0
27/03/2000;25.9;32.9;19.0;2.0
28/03/2000;21.5;27.9;18.3;14.7
29/03/2000;22.2;29.0;17.0;0.0
30/03/2000;23.4;29.2;18.6;0.0
31/03/2000;24.7;30.9;20.1;0.0
01/04/2000;25.6;32.3;19.4;0.0
02/04/2000;25.6;32.5;20.3;0.0
03/04/2000;23.9;30.1;19.0;0.0
04/04/2000;24.3;31.2;18.4;0.0
05/04/2000;25.0;31.3;20.5;0.0
06/04/2000;25.2;31.8;19.4;0.0
07/04/2000;25.8;32.3;19.8;0.0
08/04/2000;26.7;33.2;20.9;0.0
09/04/2000;26.2;33.3;18.8;0.0
10/04/2000;26.2;33.9;19.6;0.0
11/04/2000;25.6;33.6;17.8;0.0
12/04/2000;25.8;33.6;17.7;0.0
13/04/2000;24.4;33.6;17.2;0.3
14/04/2000;26.0;33.6;19.4;0.3
15/04/2000;25.5;33.4;20.7;4.3
16/04/2000;25.2;32.5;20.7;1.3
17/04/2000;24.5;30.4;19.9;8.9
18/04/2000;21.4;25.2;18.3;11.7
19/04/2000;17.7;22.9;13.3;0.3
20/04/2000;16.6;23.9;10.9;0.0
21/04/2000;16.7;24.3;10.4;0.0
22/04/2000;18.4;26.7;11.1;0.0
23/04/2000;20.0;28.1;12.3;0.0
24/04/2000;21.4;28.2;15.4;0.0
25/04/2000;22.9;30.8;13.4;0.0
26/04/2000;19.7;24.1;17.7;29.2
27/04/2000;23.4;29.9;17.9;0.3
28/04/2000;23.1;29.5;19.1;0.0
29/04/2000;23.2;29.8;17.4;0.0
30/04/2000;22.5;28.2;18.5;15.2
01/05/2000;23.6;29.8;19.7;0.3
02/05/2000;22.9;30.7;17.1;0.0
03/05/2000;20.4;26.0;16.9;27.7
04/05/2000;22.3;27.7;19.7;2.8
05/05/2000;21.1;29.1;14.6;1.5
06/05/2000;14.3;19.1;10.8;0.0
07/05/2000;14.8;22.1;9.3;0.0
08/05/2000;18.4;24.3;13.9;0.0
09/05/2000;18.8;25.6;12.2;0.0
10/05/2000;18.6;25.4;12.6;0.0
11/05/2000;17.6;25.2;9.8;0.0
12/05/2000;19.3;26.3;13.6;0.0
13/05/2000;20.6;28.5;12.9;0.0
14/05/2000;22.3;29.7;14.3;0.0
15/05/2000;23.4;31.0;17.0;0.0
16/05/2000;18.8;23.4;12.9;3.0
17/05/2000;15.9;22.3;11.8;0.3
18/05/2000;14.7;17.9;10.6;0.0
19/05/2000;16.1;20.4;12.1;0.0
20/05/2000;16.1;21.4;11.7;0.0
21/05/2000;16.2;23.7;9.1;0.0
22/05/2000;17.7;25.0;10.6;0.0
23/05/2000;18.8;26.5;11.7;0.0
24/05/2000;20.2;28.3;12.9;0.0
25/05/2000;22.0;30.9;13.5;0.0
26/05/2000;21.9;30.6;17.8;15.2
27/05/2000;18.1;20.1;14.0;0.3
28/05/2000;15.9;24.7;9.1;0.0
29/05/2000;17.0;25.7;6.7;0.0
30/05/2000;15.6;18.5;13.2;23.1
31/05/2000;16.1;17.7;14.4;16.5
01/06/2000;15.3;20.7;10.7;0.0
02/06/2000;15.8;21.0;9.5;0.3
03/06/2000;17.3;20.1;15.2;11.9
04/06/2000;18.4;23.2;16.4;0.5
05/06/2000;21.6;29.5;15.5;0.0
06/06/2000;23.0;29.8;17.1;0.0
07/06/2000;21.9;28.0;15.4;0.0
08/06/2000;20.6;25.3;17.3;0.0
09/06/2000;21.7;27.8;17.0;0.0
10/06/2000;21.7;28.7;16.2;0.0
11/06/2000;19.9;25.7;14.6;0.0
12/06/2000;22.4;28.2;17.0;1.8
13/06/2000;21.9;29.6;14.2;0.0
14/06/2000;23.1;29.7;16.9;0.0
15/06/2000;23.7;31.5;17.5;0.0
16/06/2000;22.2;29.1;17.9;5.6
17/06/2000;17.0;20.5;14.5;1.5
18/06/2000;14.1;15.8;12.2;2.5
19/06/2000;12.2;14.3;11.0;0.5
20/06/2000;11.3;12.6;8.2;8.4
21/06/2000;10.2;12.3;7.2;0.0
22/06/2000;12.9;21.2;2.5;0.0
23/06/2000;18.1;25.9;11.6;0.0
24/06/2000;22.3;30.1;14.9;0.0
25/06/2000;22.7;28.8;17.7;1.8
26/06/2000;22.8;29.7;19.8;2.0
27/06/2000;22.1;29.1;17.2;1.0
28/06/2000;21.7;30.5;15.9;0.0
29/06/2000;22.2;27.4;16.0;21.0
30/06/2000;21.3;27.2;16.2;0.0
01/07/2000;14.2;20.1;11.1;0.0
02/07/2000;14.6;19.9;11.2;0.0
03/07/2000;14.6;20.0;11.9;0.0
04/07/2000;17.6;24.6;11.7;0.0
05/07/2000;18.4;25.8;14.0;0.0
06/07/2000;17.0;26.1;14.1;0.5
07/07/2000;20.6;28.2;13.2;0.0
08/07/2000;21.6;29.8;16.0;0.0
09/07/2000;21.7;30.9;14.1;0.0
10/07/2000;19.2;24.2;17.0;2.9
11/07/2000;7.2;10.0;5.9;0.5
12/07/2000;5.1;10.9;3.0;0.0
13/07/2000;3.8;12.2;-1.5;0.0
14/07/2000;8.6;17.6;-1.2;0.0
15/07/2000;10.7;14.0;5.9;1.3
16/07/2000;6.8;14.9;2.9;0.0
17/07/2000;7.4;15.6;-1.9;0.0
18/07/2000;11.3;17.5;2.8;0.0
19/07/2000;10.5;17.8;6.4;0.0
20/07/2000;7.5;16.1;1.1;0.0
21/07/2000;15.6;23.0;3.0;0.0
22/07/2000;15.5;22.9;11.0;40.0
23/07/2000;9.4;14.0;6.0;10.0
24/07/2000;8.2;16.6;2.2;0.0
25/07/2000;10.7;20.4;2.7;0.0
26/07/2000;14.0;24.4;5.6;0.0
27/07/2000;12.3;25.1;6.6;0.0
28/07/2000;17.7;27.2;10.0;0.0
29/07/2000;20.3;29.2;11.1;0.0
30/07/2000;20.2;29.1;14.9;0.0
31/07/2000;18.1;23.9;16.0;1.1
01/08/2000;17.9;23.2;13.0;3.2
02/08/2000;16.1;19.9;15.1;0.0
03/08/2000;16.6;21.1;15.0;10.4
04/08/2000;16.4;23.9;10.9;0.0
05/08/2000;17.6;23.7;13.8;0.0
06/08/2000;18.1;21.5;16.0;0.0
07/08/2000;20.6;29.8;15.0;0.0
08/08/2000;22.4;32.5;14.7;0.0
09/08/2000;20.6;30.5;18.8;0.0
10/08/2000;18.0;20.5;17.0;2.4
11/08/2000;16.3;19.7;11.1;0.0
12/08/2000;15.2;20.4;11.0;0.0
13/08/2000;17.1;23.0;12.9;0.0
14/08/2000;23.0;29.9;18.0;0.0
15/08/2000;22.7;32.4;16.6;0.0
16/08/2000;20.9;27.1;14.6;0.0
17/08/2000;19.4;27.1;17.7;0.0
18/08/2000;18.9;25.4;14.2;7.1
19/08/2000;21.0;27.9;18.0;0.0
20/08/2000;23.5;30.9;20.0;0.0
21/08/2000;22.7;31.2;19.0;0.0
22/08/2000;22.9;33.9;15.4;0.0
23/08/2000;22.6;33.3;15.4;0.0
24/08/2000;23.4;34.3;16.8;0.0
25/08/2000;24.7;35.4;18.2;0.0
26/08/2000;24.9;29.1;21.9;0.0
27/08/2000;15.3;16.2;14.9;15.0
28/08/2000;20.0;21.8;17.8;81.0
29/08/2000;14.4;22.4;9.1;0.0
30/08/2000;15.9;25.9;11.8;5.6
31/08/2000;18.6;22.0;15.4;23.7
01/09/2000;16.8;18.2;16.1;0.0
02/09/2000;14.0;16.2;13.0;53.0
03/09/2000;16.0;19.3;14.0;0.0
04/09/2000;16.0;22.5;15.4;18.0
05/09/2000;17.5;23.2;13.0;0.0
06/09/2000;19.2;27.1;12.6;0.0
07/09/2000;21.7;27.9;17.7;0.0
08/09/2000;18.4;21.4;18.0;0.0
09/09/2000;18.4;21.3;18.0;2.0
10/09/2000;24.4;32.1;22.9;5.1
11/09/2000;28.2;34.4;25.9;0.0
12/09/2000;21.5;26.1;20.5;0.0
13/09/2000;20.8;22.8;18.9;91.4
14/09/2000;16.3;16.5;16.2;37.4
15/09/2000;14.2;16.2;12.0;36.0
16/09/2000;16.7;20.3;14.9;0.0
17/09/2000;23.5;29.3;19.2;0.0
18/09/2000;25.1;32.4;22.0;0.0
19/09/2000;27.3;34.2;25.5;0.0
20/09/2000;26.7;35.6;20.6;0.0
21/09/2000;24.2;36.0;17.3;0.0
22/09/2000;19.7;24.2;17.2;0.0
23/09/2000;27.1;35.0;23.0;0.0
24/09/2000;15.6;18.0;14.0;33.6
25/09/2000;12.4;19.4;10.1;0.0
26/09/2000;15.6;23.4;6.5;0.0
27/09/2000;15.5;19.5;11.7;0.0
28/09/2000;18.8;27.6;14.5;0.0
29/09/2000;20.1;27.6;15.9;10.4
30/09/2000;22.7;29.1;18.9;0.0
01/10/2000;24.8;31.2;17.8;0.0
02/10/2000;26.4;33.9;20.7;0.0
03/10/2000;27.1;32.9;18.9;0.0
04/10/2000;28.2;33.1;22.7;0.0
05/10/2000;21.0;24.6;19.2;3.9
06/10/2000;18.0;27.2;11.8;0.0
07/10/2000;20.7;29.2;11.5;0.0
08/10/2000;23.5;31.4;13.5;0.0
09/10/2000;25.5;35.2;19.9;0.0
10/10/2000;24.7;35.2;21.1;0.0
11/10/2000;24.1;31.0;17.1;7.0
12/10/2000;27.5;34.2;21.1;0.0
13/10/2000;26.1;34.9;23.5;0.0
14/10/2000;23.5;27.9;19.0;0.0
15/10/2000;23.7;33.3;19.9;0.0
16/10/2000;19.2;23.1;18.9;0.0
17/10/2000;24.6;33.4;20.1;2.0
18/10/2000;26.7;34.6;20.8;0.0
19/10/2000;28.9;37.6;21.7;0.0
20/10/2000;24.9;32.2;21.1;0.0
21/10/2000;28.2;36.1;18.9;0.0
22/10/2000;29.7;36.9;22.2;0.0
23/10/2000;22.6;28.0;19.0;0.0
24/10/2000;22.3;25.8;21.4;12.0
25/10/2000;24.3;30.1;21.6;0.9
26/10/2000;26.2;34.2;21.8;0.0
27/10/2000;19.3;21.5;19.2;1.8
28/10/2000;20.6;27.9;15.1;7.6
29/10/2000;22.0;28.9;14.6;0.0
30/10/2000;23.4;30.9;17.4;0.0
31/10/2000;26.4;32.9;18.5;0.0
01/11/2000;27.3;34.2;23.0;0.0
02/11/2000;21.6;25.0;18.0;13.7
03/11/2000;23.0;29.1;17.0;0.0
04/11/2000;24.2;32.0;18.7;0.0
05/11/2000;23.2;32.0;18.9;0.0
06/11/2000;23.2;28.6;18.0;16.3
07/11/2000;25.1;30.9;19.5;0.0
08/11/2000;25.7;32.8;20.7;0.0
09/11/2000;25.1;32.0;21.1;0.0
10/11/2000;24.3;34.2;19.6;0.0
11/11/2000;25.2;33.2;21.0;0.0
12/11/2000;21.4;30.0;18.0;7.3
13/11/2000;20.8;24.4;18.2;25.8
14/11/2000;22.4;29.4;18.7;0.0
15/11/2000;17.4;24.9;12.1;0.0
16/11/2000;19.5;29.0;10.9;0.0
17/11/2000;23.0;31.6;14.2;0.0
18/11/2000;24.4;32.9;17.0;0.0
19/11/2000;24.8;30.9;19.0;0.0
20/11/2000;23.1;28.7;20.6;7.3
21/11/2000;23.1;30.0;18.6;1.5
22/11/2000;25.2;32.4;19.2;2.6
23/11/2000;24.2;34.5;21.9;0.0
24/11/2000;23.6;33.4;19.2;8.1
25/11/2000;22.8;27.0;19.9;26.4
26/11/2000;24.5;29.7;19.4;0.0
27/11/2000;27.0;32.9;20.7;0.0
28/11/2000;27.6;34.2;22.1;0.0
29/11/2000;21.2;24.7;21.0;6.5
30/11/2000;22.7;27.6;20.1;9.9
01/12/2000;23.0;29.2;18.0;0.0
02/12/2000;22.4;26.5;20.0;0.0
03/12/2000;24.4;30.2;18.6;0.0
04/12/2000;22.0;26.0;18.2;43.5
05/12/2000;22.0;29.6;17.3;0.0
06/12/2000;22.8;29.8;15.9;0.0
07/12/2000;24.7;32.0;18.1;0.0
08/12/2000;26.5;32.0;19.6;0.0
09/12/2000;25.7;34.3;21.9;0.0
10/12/2000;28.0;34.9;21.1;0.0
11/12/2000;27.3;31.9;21.9;0.0
12/12/2000;27.5;32.5;23.7;0.1
13/12/2000;23.2;27.6;20.5;17.1
14/12/2000;21.6;24.6;21.3;11.2
15/12/2000;24.9;30.8;22.1;27.2
16/12/2000;20.9;26.1;20.5;0.3
17/12/2000;19.3;25.2;11.0;0.0
18/12/2000;22.6;28.2;16.0;0.0
19/12/2000;24.0;30.6;17.5;0.0
20/12/2000;25.0;32.2;17.2;0.0
21/12/2000;26.2;33.1;21.1;0.0
22/12/2000;25.2;33.5;22.2;0.0
23/12/2000;27.5;34.0;18.5;0.0
24/12/2000;22.2;25.2;20.0;28.2
25/12/2000;25.6;31.5;19.0;10.6
26/12/2000;25.7;32.5;22.2;0.0
27/12/2000;26.5;32.8;21.5;0.4
28/12/2000;23.8;29.5;22.0;0.0
29/12/2000;26.1;33.0;19.0;51.6
30/12/2000;22.6;27.0;19.9;17.1
31/12/2000;24.8;30.0;21.0;13.4
01/01/2001;26.4;30.9;23.1;2.8
02/01/2001;27.3;32.6;22.4;0.0
03/01/2001;27.0;33.0;22.1;0.0
04/01/2001;26.8;32.2;21.0;0.0
05/01/2001;26.5;31.4;22.4;0.0
06/01/2001;27.7;33.1;22.8;0.0
07/01/2001;27.9;32.8;22.8;0.0
08/01/2001;26.4;32.8;23.0;0.5
09/01/2001;25.1;30.8;21.3;0.3
10/01/2001;24.1;29.9;21.9;24.9
11/01/2001;21.6;24.2;20.0;25.9
12/01/2001;21.8;26.0;17.1;0.8
13/01/2001;22.0;26.8;20.5;9.4
14/01/2001;22.8;27.5;20.6;0.0
15/01/2001;25.3;30.9;21.1;0.0
16/01/2001;25.0;31.0;20.9;9.9
17/01/2001;25.6;31.7;20.3;0.0
18/01/2001;27.6;33.5;20.9;0.0
19/01/2001;26.7;34.0;22.0;0.0
20/01/2001;24.2;31.1;20.5;14.7
21/01/2001;24.4;31.8;20.1;7.1
22/01/2001;25.2;32.9;21.7;0.3
23/01/2001;23.8;30.7;20.2;49.5
24/01/2001;26.0;32.9;20.5;0.0
25/01/2001;26.9;33.0;22.4;0.0
26/01/2001;26.0;31.6;22.3;0.0
27/01/2001;27.1;32.7;23.0;0.0
28/01/2001;27.6;33.0;21.9;0.0
29/01/2001;26.0;32.0;23.0;3.6
30/01/2001;26.6;32.9;21.4;2.0
31/01/2001;27.3;32.8;22.4;0.3
01/02/2001;23.4;26.0;19.4;56.6
02/02/2001;25.4;31.8;21.8;0.3
03/02/2001;24.5;31.6;20.7;19.3
04/02/2001;25.2;32.3;19.9;0.8
05/02/2001;26.5;32.0;21.9;0.3
06/02/2001;23.2;27.8;20.1;37.1
07/02/2001;25.0;32.3;20.0;0.0
08/02/2001;28.0;34.0;22.5;0.0
09/02/2001;25.6;32.8;21.7;0.0
10/02/2001;24.1;32.2;20.9;1.8
11/02/2001;24.6;32.6;20.9;0.8
12/02/2001;25.0;29.5;21.0;16.8
13/02/2001;23.5;30.4;21.0;14.0
14/02/2001;22.4;26.0;20.4;28.4
15/02/2001;23.0;28.3;19.2;16.8
16/02/2001;23.6;28.4;19.7;1.3
17/02/2001;24.4;29.3;21.6;8.4
18/02/2001;23.8;27.5;21.7;4.1
19/02/2001;24.4;28.6;21.1;11.4
20/02/2001;23.4;28.7;20.4;12.2
21/02/2001;24.2;31.6;21.0;3.0
22/02/2001;25.1;32.2;20.8;0.0
23/02/2001;24.5;29.6;20.8;11.9
24/02/2001;23.5;31.4;20.6;18.3
25/02/2001;24.6;30.7;21.1;1.3
26/02/2001;26.4;32.5;20.7;0.3
27/02/2001;26.4;33.0;22.2;0.0
28/02/2001;26.5;33.3;21.9;4.8
01/03/2001;26.0;33.5;21.0;0.0
02/03/2001;26.1;33.5;21.2;0.0
03/03/2001;26.8;34.2;21.5;0.0
04/03/2001;25.9;32.9;21.7;0.0
05/03/2001;26.5;34.5;20.9;20.1
06/03/2001;23.8;34.0;21.5;23.2
07/03/2001;23.0;32.1;21.1;19.2
08/03/2001;23.3;28.5;21.4;17.0
09/03/2001;24.5;30.0;21.5;32.0
10/03/2001;24.9;31.0;21.4;5.1
11/03/2001;25.3;32.4;21.6;4.1
12/03/2001;25.5;32.0;20.4;0.3
13/03/2001;25.1;30.5;20.3;0.5
14/03/2001;24.8;29.9;21.7;0.0
15/03/2001;25.9;31.3;22.2;0.5
16/03/2001;26.1;33.3;21.8;0.0
17/03/2001;25.3;33.0;22.0;6.9
18/03/2001;25.3;32.8;20.7;0.0
19/03/2001;24.4;31.1;20.4;72.1
20/03/2001;24.0;30.1;20.4;0.3
21/03/2001;24.4;32.7;20.8;9.9
22/03/2001;24.3;32.2;21.4;4.3
23/03/2001;26.6;32.8;21.8;0.0
24/03/2001;24.1;32.7;20.4;6.4
25/03/2001;23.5;29.2;20.4;6.6
26/03/2001;23.7;29.6;20.0;0.0
27/03/2001;23.3;28.8;20.6;18.5
28/03/2001;21.0;22.5;19.8;28.2
29/03/2001;22.1;27.8;18.1;0.3
30/03/2001;22.6;30.0;15.7;0.0
31/03/2001;25.2;32.7;17.7;0.0
01/04/2001;22.5;29.9;17.5;4.6
02/04/2001;23.0;30.7;15.2;0.3
03/04/2001;24.8;30.9;19.0;0.0
04/04/2001;25.7;32.1;19.4;0.0
05/04/2001;25.0;32.7;20.7;2.8
06/04/2001;24.0;28.2;20.6;0.0
07/04/2001;25.1;31.5;19.6;0.3
08/04/2001;26.0;32.9;21.2;0.0
09/04/2001;23.7;29.1;20.4;0.3
10/04/2001;25.4;32.3;19.3;0.3
11/04/2001;26.2;33.4;19.6;0.0
12/04/2001;26.6;33.8;21.4;0.0
13/04/2001;26.0;32.7;20.5;0.0
14/04/2001;23.2;30.1;18.3;0.0
15/04/2001;23.1;30.2;17.6;0.0
16/04/2001;23.6;31.0;16.3;0.0
17/04/2001;23.8;30.3;17.9;0.0
18/04/2001;23.7;30.8;16.7;0.0
19/04/2001;25.4;33.5;17.5;0.0
20/04/2001;26.4;33.7;19.1;0.0
21/04/2001;20.7;25.8;18.0;28.4
22/04/2001;21.4;26.5;18.3;0.5
23/04/2001;23.7;28.3;19.1;0.0
24/04/2001;22.6;27.5;18.1;11.2
25/04/2001;22.6;25.6;21.4;0.0
26/04/2001;25.0;30.7;20.8;0.3
27/04/2001;24.6;31.5;18.6;0.0
28/04/2001;25.5;32.4;18.9;0.0
29/04/2001;25.0;31.2;18.9;0.0
30/04/2001;25.4;29.2;22.1;0.0
01/05/2001;24.5;30.9;18.5;0.0
02/05/2001;24.5;31.8;17.7;0.0
03/05/2001;24.0;30.7;19.2;0.0
04/05/2001;16.3;21.3;10.5;0.0
05/05/2001;11.6;19.9;4.8;0.0
06/05/2001;13.8;22.3;5.0;0.0
07/05/2001;17.4;24.2;10.2;0.0
08/05/2001;20.3;26.4;12.7;0.0
09/05/2001;22.3;28.7;17.1;0.0
10/05/2001;20.0;23.7;15.8;9.7
11/05/2001;15.9;20.9;11.6;0.3
12/05/2001;14.4;19.3;10.1;2.0
13/05/2001;14.8;20.7;10.6;0.0
14/05/2001;14.9;21.6;7.7;0.0
15/05/2001;18.9;22.1;16.0;0.0
16/05/2001;15.9;18.9;10.4;11.2
17/05/2001;12.5;19.6;6.8;0.0
18/05/2001;13.5;22.0;5.1;0.3
19/05/2001;17.4;24.8;10.1;0.0
20/05/2001;19.0;23.1;14.5;0.0
21/05/2001;21.6;28.4;14.7;0.0
22/05/2001;20.2;28.9;17.4;29.7
23/05/2001;20.5;25.7;15.1;2.3
24/05/2001;19.2;24.2;15.4;0.0
25/05/2001;19.4;23.9;15.7;0.0
26/05/2001;18.6;19.8;17.4;12.4
27/05/2001;18.4;21.5;16.4;6.9
28/05/2001;20.6;27.2;16.6;0.3
29/05/2001;22.0;29.4;15.6;6.6
30/05/2001;24.5;30.6;18.9;0.0
31/05/2001;23.8;29.6;17.7;0.0
01/06/2001;22.8;28.9;17.1;0.0
02/06/2001;21.5;28.3;15.6;0.0
03/06/2001;20.8;28.6;12.9;0.0
04/06/2001;22.5;29.2;14.9;0.0
05/06/2001;23.3;30.0;18.1;0.0
06/06/2001;23.6;31.0;19.5;0.0
07/06/2001;18.8;21.0;16.9;20.8
08/06/2001;21.4;26.5;17.3;0.3
09/06/2001;22.2;28.0;17.6;0.0
10/06/2001;21.9;28.4;16.1;0.0
11/06/2001;19.9;26.1;13.8;0.0
12/06/2001;20.7;27.2;15.5;0.0
13/06/2001;20.5;27.0;13.8;0.0
14/06/2001;21.5;28.2;14.8;0.0
15/06/2001;23.4;30.3;16.8;0.0
16/06/2001;19.6;24.9;13.4;3.6
17/06/2001;10.3;13.5;8.7;6.6
18/06/2001;8.2;9.0;7.4;3.0
19/06/2001;9.0;10.3;7.8;8.6
20/06/2001;8.2;13.5;3.7;0.0
21/06/2001;7.9;15.8;0.6;0.0
22/06/2001;9.5;17.6;1.9;0.0
23/06/2001;13.7;21.8;4.6;0.0
24/06/2001;19.4;26.8;13.2;0.0
25/06/2001;14.2;20.5;8.5;9.9
26/06/2001;11.2;18.1;5.3;1.5
27/06/2001;9.2;12.6;4.9;0.0
28/06/2001;12.0;18.2;5.6;0.0
29/06/2001;15.1;21.7;11.0;0.3
30/06/2001;17.2;26.1;7.1;0.0
01/07/2001;20.3;28.2;12.8;0.0
02/07/2001;21.3;28.9;14.5;0.0
03/07/2001;22.3;30.1;15.0;0.0
04/07/2001;22.3;30.7;13.2;0.0
05/07/2001;18.7;23.2;15.1;4.6
06/07/2001;20.4;27.2;15.4;0.0
07/07/2001;19.7;27.3;14.7;0.0
08/07/2001;21.2;28.0;14.7;0.0
09/07/2001;23.1;30.3;16.6;0.0
10/07/2001;22.7;30.9;15.8;0.0
11/07/2001;19.3;29.8;13.6;10.9
12/07/2001;14.4;21.3;9.4;0.0
13/07/2001;13.2;20.1;6.5;0.0
14/07/2001;16.5;24.4;9.6;0.3
15/07/2001;18.7;25.3;12.2;0.0
16/07/2001;21.4;28.5;14.3;0.0
17/07/2001;23.3;30.1;15.9;0.0
18/07/2001;24.6;30.4;18.3;0.0
19/07/2001;25.3;31.2;19.7;0.0
20/07/2001;24.7;31.6;19.1;0.0
21/07/2001;24.7;31.2;19.3;0.0
22/07/2001;19.0;25.0;13.7;0.0
23/07/2001;17.7;24.7;11.1;0.0
24/07/2001;19.2;24.8;15.5;0.0
25/07/2001;21.9;29.4;14.8;0.0
26/07/2001;17.9;24.0;12.0;0.0
27/07/2001;8.7;12.2;4.1;8.1
28/07/2001;8.0;17.2;0.5;0.0
29/07/2001;13.4;21.1;4.5;0.0
30/07/2001;20.5;28.9;13.6;0.0
31/07/2001;23.2;31.9;15.1;0.0
01/08/2001;23.9;31.4;16.0;0.0
02/08/2001;23.2;30.2;17.6;0.0
03/08/2001;21.8;29.4;14.3;0.0
04/08/2001;22.9;30.6;17.0;0.0
05/08/2001;23.3;31.0;16.2;0.0
06/08/2001;22.7;31.0;13.0;0.0
07/08/2001;22.3;30.8;17.8;0.0
08/08/2001;22.1;30.8;13.5;0.0
09/08/2001;21.8;30.8;13.9;0.0
10/08/2001;21.2;29.1;14.1;0.0
11/08/2001;20.7;28.8;13.3;0.0
12/08/2001;21.7;29.6;14.7;0.0
13/08/2001;23.4;31.7;16.3;0.0
14/08/2001;23.7;31.7;16.0;0.0
15/08/2001;22.9;31.4;14.9;0.0
16/08/2001;23.5;30.4;16.8;0.0
17/08/2001;24.3;32.5;17.7;0.0
18/08/2001;24.4;32.6;16.6;0.0
19/08/2001;24.2;33.5;17.3;0.0
20/08/2001;22.2;30.4;15.3;0.0
21/08/2001;22.5;30.8;17.2;0.0
22/08/2001;21.7;30.7;15.5;0.0
23/08/2001;20.4;28.5;13.9;2.0
24/08/2001;22.1;30.1;16.6;0.3
25/08/2001;22.9;34.3;15.0;0.0
26/08/2001;20.3;24.2;17.8;0.0
27/08/2001;24.8;34.7;17.8;5.8
28/08/2001;19.3;22.5;17.1;16.3
29/08/2001;21.8;30.0;16.1;0.0
30/08/2001;25.4;33.6;18.0;0.0
31/08/2001;27.2;35.2;19.0;0.0
01/09/2001;27.5;34.9;22.3;0.0
02/09/2001;26.8;35.8;17.2;0.0
03/09/2001;27.2;36.3;18.0;1.5
04/09/2001;26.1;34.9;18.8;0.3
05/09/2001;24.8;32.2;20.1;0.0
06/09/2001;24.3;31.3;18.6;0.0
07/09/2001;24.2;31.5;17.9;0.0
08/09/2001;26.4;35.2;19.1;0.0
09/09/2001;27.5;35.4;20.2;0.0
10/09/2001;23.3;31.5;17.6;0.0
11/09/2001;20.6;28.4;16.1;0.0
12/09/2001;21.9;30.4;13.1;0.0
13/09/2001;26.1;35.8;18.8;6.9
14/09/2001;21.3;28.0;17.2;9.9
15/09/2001;19.1;26.1;12.5;0.0
16/09/2001;13.3;19.0;6.9;0.0
17/09/2001;13.8;22.8;4.7;0.0
18/09/2001;18.4;26.7;10.2;0.0
19/09/2001;21.8;30.8;12.2;0.0
20/09/2001;24.4;33.1;18.0;0.0
21/09/2001;18.0;20.9;16.6;35.3
22/09/2001;21.8;28.2;17.5;0.3
23/09/2001;23.7;32.0;16.4;0.3
24/09/2001;25.6;34.8;18.5;17.5
25/09/2001;19.1;21.3;17.7;48.5
26/09/2001;19.2;20.9;16.4;0.3
27/09/2001;22.6;29.0;15.6;0.0
28/09/2001;23.9;33.4;20.2;5.8
29/09/2001;24.0;32.4;19.3;5.6
30/09/2001;27.0;33.7;21.2;0.0
01/10/2001;25.8;32.5;18.4;0.0
02/10/2001;21.1;27.6;15.3;0.0
03/10/2001;21.2;30.1;12.4;0.0
04/10/2001;21.8;30.3;16.1;5.3
05/10/2001;20.8;25.7;17.9;4.8
06/10/2001;24.4;30.8;17.5;0.0
07/10/2001;27.6;34.4;21.6;0.0
08/10/2001;22.2;26.2;17.4;7.6
09/10/2001;21.9;27.1;17.3;0.0
10/10/2001;23.4;30.8;15.9;0.0
11/10/2001;25.5;32.7;18.9;0.0
12/10/2001;25.7;33.7;17.6;0.0
13/10/2001;26.9;33.4;20.2;0.0
14/10/2001;22.7;27.5;19.8;3.0
15/10/2001;25.2;31.9;18.8;0.3
16/10/2001;25.5;32.2;19.0;0.0
17/10/2001;25.6;32.6;19.0;1.5
18/10/2001;24.6;32.4;20.0;0.0
19/10/2001;22.5;29.5;18.2;9.4
20/10/2001;23.6;29.2;18.4;0.0
21/10/2001;22.2;28.4;17.9;6.9
22/10/2001;22.0;29.6;15.6;0.0
23/10/2001;21.9;31.3;11.8;0.0
24/10/2001;24.7;33.5;15.3;0.0
25/10/2001;26.2;33.6;19.6;0.0
26/10/2001;27.9;36.1;19.8;0.0
27/10/2001;29.4;36.0;22.1;0.0
28/10/2001;28.6;35.6;22.8;0.0
29/10/2001;26.1;35.3;21.5;1.5
30/10/2001;23.5;28.8;19.6;0.3
31/10/2001;25.3;32.5;18.7;0.0
01/11/2001;26.3;34.5;17.6;0.0
02/11/2001;24.2;33.5;17.5;1.5
03/11/2001;21.5;25.6;18.9;3.0
04/11/2001;20.5;25.5;18.2;25.7
05/11/2001;23.0;29.9;18.1;0.0
06/11/2001;27.4;34.5;21.0;0.0
07/11/2001;26.4;35.2;20.7;38.1
08/11/2001;23.6;29.8;20.3;22.1
09/11/2001;26.5;33.3;20.4;2.8
10/11/2001;27.7;34.8;22.8;1.8
11/11/2001;23.3;31.5;19.4;51.3
12/11/2001;20.0;21.5;19.2;31.5
13/11/2001;21.0;24.6;19.2;0.0
14/11/2001;20.9;25.4;18.7;77.5
15/11/2001;23.0;29.1;18.7;0.3
16/11/2001;25.5;31.0;19.7;0.0
17/11/2001;24.8;31.2;20.5;1.3
18/11/2001;23.6;26.9;21.0;0.0
19/11/2001;24.7;31.9;20.1;0.0
20/11/2001;26.6;34.2;18.4;0.0
21/11/2001;27.7;34.9;20.9;41.2
22/11/2001;26.6;34.7;20.1;0.3
23/11/2001;27.1;34.2;20.3;0.0
24/11/2001;27.2;35.0;23.6;0.3
25/11/2001;27.4;34.4;21.2;0.0
26/11/2001;27.4;34.0;22.2;0.0
27/11/2001;23.8;30.6;21.3;13.0
28/11/2001;25.6;32.0;20.3;0.3
29/11/2001;24.6;31.0;20.4;2.5
30/11/2001;22.4;27.9;14.2;0.0
01/12/2001;18.9;26.3;10.9;0.0
02/12/2001;21.7;29.3;11.9;0.0
03/12/2001;23.5;29.0;17.7;0.0
04/12/2001;20.8;23.4;19.1;24.1
05/12/2001;20.9;24.9;17.8;1.3
06/12/2001;23.1;30.0;16.6;0.0
07/12/2001;25.7;33.3;17.8;0.0
08/12/2001;27.8;35.1;20.9;0.0
09/12/2001;26.6;32.3;20.3;0.0
10/12/2001;25.3;30.2;21.4;0.0
11/12/2001;22.2;26.1;19.4;19.3
12/12/2001;23.5;27.3;20.9;3.3
13/12/2001;23.5;28.0;21.8;22.1
14/12/2001;25.3;31.3;21.0;0.0
15/12/2001;25.3;32.5;20.4;0.0
16/12/2001;25.2;31.3;19.6;0.0
17/12/2001;25.2;32.0;19.1;0.0
18/12/2001;25.4;31.9;18.0;0.0
19/12/2001;26.5;33.2;19.3;0.0
20/12/2001;27.6;34.6;18.9;0.0
21/12/2001;27.4;33.0;23.5;0.0
22/12/2001;24.0;29.3;20.3;26.4
23/12/2001;23.2;28.9;17.6;0.0
24/12/2001;23.2;29.8;17.1;0.0
25/12/2001;24.2;30.0;19.2;0.0
26/12/2001;25.4;31.7;20.5;0.0
27/12/2001;24.5;29.8;21.5;9.1
28/12/2001;24.8;30.5;21.1;0.5
29/12/2001;24.8;29.8;21.7;6.1
30/12/2001;26.1;32.5;20.9;1.3
31/12/2001;23.0;27.7;19.7;75.9
01/01/2002;25.4;32.2;19.4;0.0
02/01/2002;25.4;32.5;17.4;0.0
03/01/2002;25.3;32.2;17.6;0.0
04/01/2002;26.1;33.1;17.6;0.0
05/01/2002;25.9;33.5;19.0;0.0
06/01/2002;25.3;30.7;21.7;0.0
07/01/2002;24.3;30.6;19.3;0.0
08/01/2002;25.4;33.2;17.0;0.0
09/01/2002;25.8;33.0;19.3;0.0
10/01/2002;25.2;30.1;20.9;0.0
11/01/2002;21.5;24.2;19.8;7.9
12/01/2002;22.8;26.5;19.9;6.6
13/01/2002;25.7;31.6;21.0;1.5
14/01/2002;25.0;31.5;21.9;18.8
15/01/2002;25.3;31.6;21.8;0.3
16/01/2002;23.7;30.4;18.5;0.0
17/01/2002;23.9;30.6;18.4;0.0
18/01/2002;24.0;30.2;17.6;0.0
19/01/2002;24.1;31.0;16.6;0.0
20/01/2002;25.9;32.9;20.5;4.6
21/01/2002;24.9;31.2;22.0;0.8
22/01/2002;24.3;31.4;22.0;6.1
23/01/2002;25.7;32.6;21.1;0.3
24/01/2002;27.4;33.9;21.3;0.0
25/01/2002;28.5;34.3;23.3;0.0
26/01/2002;28.3;34.9;22.5;0.0
27/01/2002;28.3;34.4;24.0;0.0
28/01/2002;27.3;34.2;22.4;4.3
29/01/2002;23.9;30.3;21.0;1.0
30/01/2002;26.1;34.1;20.9;0.0
31/01/2002;28.2;34.4;21.9;0.0
01/02/2002;24.9;34.0;20.9;108.7
02/02/2002;25.3;31.5;20.7;0.3
03/02/2002;23.2;30.0;15.5;0.0
04/02/2002;24.3;31.6;18.4;0.0
05/02/2002;25.4;32.7;17.3;0.0
06/02/2002;23.2;30.5;18.6;0.3
07/02/2002;21.1;27.3;17.1;16.3
08/02/2002;22.7;29.2;16.8;0.5
09/02/2002;25.1;31.4;18.5;0.3
10/02/2002;26.4;34.8;19.4;0.0
11/02/2002;27.8;34.0;22.1;0.0
12/02/2002;24.0;27.7;21.1;7.9
13/02/2002;23.5;31.8;19.8;33.8
14/02/2002;23.7;30.5;19.7;10.9
15/02/2002;23.0;30.8;20.6;17.5
16/02/2002;23.3;29.4;20.2;5.8
17/02/2002;24.3;30.7;20.8;2.3
18/02/2002;25.1;30.6;21.8;0.8
19/02/2002;24.2;27.4;21.3;10.2
20/02/2002;22.1;24.5;21.0;20.6
21/02/2002;23.8;28.4;21.4;3.6
22/02/2002;23.2;29.2;19.6;4.8
23/02/2002;23.8;30.5;17.8;0.3
24/02/2002;24.8;31.3;17.6;0.0
25/02/2002;25.1;31.0;18.7;0.0
26/02/2002;26.2;32.2;20.7;2.3
27/02/2002;23.8;29.2;20.2;2.8
28/02/2002;25.2;32.0;20.8;1.0
01/03/2002;25.1;31.4;21.8;1.5
02/03/2002;26.2;33.5;21.0;0.0
03/03/2002;27.4;33.6;22.4;0.0
04/03/2002;27.5;34.8;21.2;0.0
05/03/2002;27.3;34.1;22.2;5.3
06/03/2002;26.7;33.4;21.2;0.0
07/03/2002;27.5;33.7;22.0;0.0
08/03/2002;27.6;34.3;22.4;0.3
09/03/2002;28.2;34.8;21.6;0.0
10/03/2002;27.5;36.0;22.0;0.0
11/03/2002;27.8;34.7;20.2;0.0
12/03/2002;27.2;33.9;22.9;0.0
13/03/2002;27.8;34.3;21.0;0.0
14/03/2002;27.7;34.3;21.3;0.0
15/03/2002;28.2;35.6;20.7;0.0
16/03/2002;27.5;35.4;22.8;8.6
17/03/2002;28.1;35.5;21.9;0.3
18/03/2002;28.6;35.3;22.5;0.3
19/03/2002;27.2;35.8;22.7;0.0
20/03/2002;24.1;31.8;21.0;15.8
21/03/2002;25.1;32.1;21.2;0.3
22/03/2002;25.7;31.5;21.2;0.0
23/03/2002;23.6;27.0;22.4;19.6
24/03/2002;25.2;30.5;22.3;5.8
25/03/2002;26.3;31.7;21.3;1.8
26/03/2002;27.1;32.8;22.6;0.0
27/03/2002;27.6;33.9;22.3;0.0
28/03/2002;26.8;32.5;21.4;0.0
29/03/2002;27.6;34.3;22.9;0.0
30/03/2002;28.0;34.6;21.9;0.0
31/03/2002;26.7;33.4;20.9;0.0
01/04/2002;22.4;28.9;18.2;0.0
02/04/2002;23.4;30.6;17.8;0.0
03/04/2002;26.5;33.9;19.8;0.0
04/04/2002;27.1;34.0;21.4;0.0
05/04/2002;26.7;33.1;21.1;0.0
06/04/2002;26.6;33.3;20.5;0.0
07/04/2002;26.7;33.8;20.1;0.0
08/04/2002;26.6;34.1;19.5;0.0
09/04/2002;27.3;33.5;22.4;0.0
10/04/2002;27.1;34.1;19.4;0.0
11/04/2002;27.5;34.7;19.1;0.0
12/04/2002;27.8;35.0;20.8;0.0
13/04/2002;27.0;35.1;20.8;0.0
14/04/2002;26.1;33.4;20.1;0.0
15/04/2002;26.9;34.2;20.2;0.0
16/04/2002;27.9;34.9;20.5;0.0
17/04/2002;27.1;35.3;20.6;0.0
18/04/2002;25.3;33.9;20.5;1.3
19/04/2002;26.9;34.5;19.5;0.3
20/04/2002;25.8;34.0;20.6;0.0
21/04/2002;25.6;34.1;18.4;0.0
22/04/2002;26.5;33.5;20.7;0.0
23/04/2002;27.5;35.2;21.9;0.0
24/04/2002;27.6;35.0;21.6;0.0
25/04/2002;26.2;35.0;17.7;0.0
26/04/2002;26.3;35.2;17.8;0.3
27/04/2002;26.0;34.7;18.9;0.0
28/04/2002;25.8;33.8;18.6;0.0
29/04/2002;23.8;34.2;18.9;1.5
30/04/2002;22.8;29.2;17.6;0.0
01/05/2002;22.0;28.9;15.2;0.0
02/05/2002;24.6;32.9;19.2;1.8
03/05/2002;21.3;26.2;18.3;0.0
04/05/2002;23.7;30.1;19.0;0.3
05/05/2002;24.1;32.5;19.0;22.6
06/05/2002;21.4;25.0;18.9;0.0
07/05/2002;23.5;30.4;19.0;0.3
08/05/2002;21.8;26.6;19.3;0.8
09/05/2002;21.2;26.5;18.3;0.3
10/05/2002;23.5;30.2;17.6;0.0
11/05/2002;24.1;31.3;17.3;0.0
12/05/2002;25.0;32.2;18.2;0.0
13/05/2002;25.0;31.9;19.9;0.0
14/05/2002;26.3;33.0;20.9;0.0
15/05/2002;26.8;33.3;20.8;0.0
16/05/2002;26.1;32.8;20.2;1.8
17/05/2002;25.3;32.7;19.7;0.0
18/05/2002;26.4;33.5;20.5;0.0
19/05/2002;21.1;25.2;18.5;40.1
20/05/2002;21.3;29.6;16.8;24.6
21/05/2002;15.1;19.1;10.7;0.3
22/05/2002;14.0;18.0;8.9;0.0
23/05/2002;16.2;23.3;10.1;0.3
24/05/2002;18.5;24.9;13.2;0.0
25/05/2002;18.5;24.6;13.8;0.0
26/05/2002;19.8;27.3;13.8;0.0
27/05/2002;20.8;28.0;15.2;0.0
28/05/2002;21.5;28.6;15.0;0.0
29/05/2002;21.6;27.6;15.8;0.0
30/05/2002;18.6;19.9;17.1;9.7
31/05/2002;18.6;21.1;17.0;15.2
01/06/2002;21.2;27.0;17.3;0.0
02/06/2002;22.6;30.6;17.1;0.0
03/06/2002;23.1;30.9;16.7;0.0
04/06/2002;23.3;31.3;18.0;0.0
05/06/2002;22.8;30.7;14.6;0.0
06/06/2002;23.9;30.7;17.7;0.0
07/06/2002;24.0;31.3;17.5;0.0
08/06/2002;24.0;31.1;17.0;0.0
09/06/2002;23.5;31.3;16.6;0.0
10/06/2002;22.3;29.0;15.9;0.0
11/06/2002;22.6;30.7;16.4;0.0
12/06/2002;17.1;23.1;14.2;0.0
13/06/2002;17.4;24.7;14.3;0.0
14/06/2002;16.0;20.0;13.0;0.0
15/06/2002;16.3;25.0;11.2;0.0
16/06/2002;18.7;26.0;12.2;0.0
17/06/2002;22.2;30.0;16.2;0.0
18/06/2002;19.9;24.7;15.3;0.0
19/06/2002;16.8;21.9;13.4;0.0
20/06/2002;20.4;27.9;14.0;0.0
21/06/2002;22.1;30.6;14.6;0.0
22/06/2002;16.9;20.5;11.3;0.0
23/06/2002;15.8;24.4;8.5;0.0
24/06/2002;16.3;25.0;10.1;0.3
25/06/2002;16.7;25.4;8.0;0.0
26/06/2002;18.9;27.1;10.1;0.0
27/06/2002;21.5;30.3;15.4;0.0
28/06/2002;23.0;31.7;14.9;0.0
29/06/2002;24.6;32.5;18.0;0.0
30/06/2002;24.9;31.8;18.8;0.0
01/07/2002;23.4;30.8;17.5;0.0
02/07/2002;21.6;29.4;13.9;0.0
03/07/2002;20.8;27.9;16.4;0.0
04/07/2002;21.4;28.7;15.6;0.0
05/07/2002;19.6;26.0;13.7;0.0
06/07/2002;18.1;26.0;11.9;4.1
07/07/2002;10.7;15.4;5.9;0.0
08/07/2002;10.0;17.8;2.8;0.3
09/07/2002;11.6;20.5;2.4;0.0
10/07/2002;17.4;25.5;11.0;0.0
11/07/2002;16.2;19.3;13.8;4.1
12/07/2002;15.8;21.6;9.3;0.3
13/07/2002;12.6;20.3;6.1;0.0
14/07/2002;14.7;24.6;5.0;0.0
15/07/2002;17.4;26.1;7.1;0.0
16/07/2002;20.0;28.8;12.8;0.0
17/07/2002;20.0;29.2;12.7;0.0
18/07/2002;17.5;23.8;12.1;0.0
19/07/2002;17.6;23.0;13.8;0.0
20/07/2002;20.6;27.2;15.8;0.5
21/07/2002;20.8;25.9;17.3;14.5
22/07/2002;18.8;24.1;15.2;9.7
23/07/2002;20.7;29.2;13.0;0.3
24/07/2002;24.7;32.0;19.1;0.0
25/07/2002;24.1;31.9;19.4;0.0
26/07/2002;21.8;29.1;17.4;0.0
27/07/2002;15.4;18.4;9.7;3.0
28/07/2002;13.5;22.9;6.5;0.0
29/07/2002;16.4;23.7;7.3;0.0
30/07/2002;21.2;28.3;17.1;0.0
31/07/2002;24.6;32.3;18.3;0.0
01/08/2002;17.7;20.8;13.8;0.0
02/08/2002;12.2;14.5;9.6;7.6
03/08/2002;12.9;19.7;7.3;0.0
04/08/2002;19.2;28.4;10.3;0.0
05/08/2002;22.9;31.2;16.2;0.0
06/08/2002;23.6;31.8;15.7;0.0
07/08/2002;25.2;33.2;18.2;0.0
08/08/2002;26.0;34.8;17.6;0.0
09/08/2002;21.7;26.9;14.2;0.0
10/08/2002;18.2;27.5;9.2;0.0
11/08/2002;23.1;32.6;12.9;0.0
12/08/2002;25.9;34.2;17.1;0.0
13/08/2002;26.0;34.3;17.6;0.0
14/08/2002;24.4;33.9;15.9;0.0
15/08/2002;24.8;34.2;16.2;0.0
16/08/2002;24.3;32.8;15.8;0.0
17/08/2002;25.0;33.3;17.5;0.0
18/08/2002;26.3;35.3;19.2;0.0
19/08/2002;26.6;33.9;20.7;0.0
20/08/2002;23.5;29.3;19.2;0.8
21/08/2002;20.6;25.5;18.5;12.5
22/08/2002;22.9;31.3;16.6;0.0
23/08/2002;26.2;34.2;19.6;0.0
24/08/2002;27.2;35.5;18.7;0.0
25/08/2002;27.1;35.5;19.9;0.0
26/08/2002;25.7;34.1;18.9;0.0
27/08/2002;24.5;32.6;16.8;0.0
28/08/2002;26.1;33.9;18.5;0.0
29/08/2002;19.5;24.5;13.9;3.6
30/08/2002;16.7;24.3;10.7;0.0
31/08/2002;15.8;21.6;9.7;0.0
01/09/2002;11.7;19.8;5.7;0.0
02/09/2002;10.4;19.4;1.2;0.0
03/09/2002;14.6;25.0;2.4;0.0
04/09/2002;21.2;30.1;11.7;0.0
05/09/2002;25.9;35.0;18.0;0.0
06/09/2002;26.0;35.7;17.4;1.0
07/09/2002;17.8;23.2;13.3;0.0
08/09/2002;19.4;28.5;9.7;0.0
09/09/2002;22.0;29.4;17.6;4.3
10/09/2002;25.3;35.1;16.6;2.8
11/09/2002;27.7;36.0;20.3;0.0
12/09/2002;23.1;31.5;18.2;1.5
13/09/2002;21.7;28.6;17.2;0.0
14/09/2002;25.0;31.0;19.9;0.0
15/09/2002;26.8;34.6;20.3;0.0
16/09/2002;24.7;32.0;19.7;0.0
17/09/2002;27.1;36.5;20.2;0.0
18/09/2002;26.5;33.5;22.2;0.0
19/09/2002;27.9;36.0;21.7;0.0
20/09/2002;17.2;22.3;11.2;1.5
21/09/2002;16.1;24.1;6.7;0.3
22/09/2002;19.9;26.6;13.1;0.0
23/09/2002;19.6;25.3;14.8;0.3
24/09/2002;21.7;29.5;13.3;0.0
25/09/2002;23.1;31.2;14.9;0.0
26/09/2002;25.5;34.0;14.6;0.0
27/09/2002;27.4;35.5;19.2;0.0
28/09/2002;28.9;37.3;20.1;0.0
29/09/2002;30.0;37.3;21.1;0.0
30/09/2002;24.0;33.5;19.4;7.4
01/10/2002;26.8;34.7;17.7;0.0
02/10/2002;24.9;35.5;20.0;0.0
03/10/2002;27.9;36.6;18.9;0.0
04/10/2002;30.7;37.6;24.1;0.0
05/10/2002;30.9;38.3;24.1;0.0
06/10/2002;30.9;38.5;24.0;0.0
07/10/2002;29.7;37.8;23.6;0.0
08/10/2002;28.9;37.4;21.3;0.0
09/10/2002;29.1;36.0;23.4;0.0
10/10/2002;27.0;37.1;22.3;10.4
11/10/2002;24.8;34.0;21.0;5.3
12/10/2002;23.4;26.8;19.8;0.0
13/10/2002;26.5;33.4;21.3;0.5
14/10/2002;24.8;28.7;22.6;0.0
15/10/2002;26.5;36.5;22.5;0.8
16/10/2002;24.4;35.6;19.6;85.9
17/10/2002;23.9;29.0;20.0;0.0
18/10/2002;25.0;31.9;20.4;6.4
19/10/2002;26.7;33.9;21.5;1.3
20/10/2002;29.2;36.6;22.8;0.0
21/10/2002;19.9;26.9;14.2;13.2
22/10/2002;20.0;27.1;14.1;0.0
23/10/2002;24.9;33.0;15.8;0.0
24/10/2002;27.6;36.5;21.4;0.3
25/10/2002;29.5;36.6;21.8;0.0
26/10/2002;26.4;37.7;18.9;0.0
27/10/2002;25.6;34.9;17.6;0.0
28/10/2002;24.6;32.8;20.9;4.3
29/10/2002;22.6;28.6;20.2;47.8
30/10/2002;22.9;28.9;20.8;68.8
31/10/2002;22.0;26.9;19.7;0.0
01/11/2002;24.2;32.2;17.2;0.0
02/11/2002;27.3;34.1;18.4;0.0
03/11/2002;29.9;36.1;22.4;0.0
04/11/2002;21.5;29.1;18.5;105.9
05/11/2002;22.0;28.7;16.5;0.0
06/11/2002;22.3;29.0;16.8;0.0
07/11/2002;22.0;29.0;15.2;0.0
08/11/2002;23.3;31.1;16.3;0.0
09/11/2002;28.4;36.4;19.6;0.0
10/11/2002;23.2;29.2;16.6;25.7
11/11/2002;19.8;26.9;14.8;0.0
12/11/2002;22.7;29.5;17.1;0.0
13/11/2002;23.3;30.3;18.7;0.3
14/11/2002;20.8;29.3;17.7;8.9
15/11/2002;21.3;25.5;16.9;0.5
16/11/2002;26.3;35.2;17.7;0.0
17/11/2002;29.5;36.9;22.4;0.0
18/11/2002;30.4;37.2;24.3;0.0
19/11/2002;29.6;37.1;22.7;0.0
20/11/2002;30.9;37.6;24.7;0.0
21/11/2002;25.4;31.8;21.6;9.4
22/11/2002;25.3;31.7;20.0;0.0
23/11/2002;27.3;34.0;21.6;0.0
24/11/2002;28.4;37.2;22.2;1.0
25/11/2002;28.9;35.9;22.7;0.0
26/11/2002;31.1;37.4;25.4;0.0
27/11/2002;30.3;37.9;24.5;0.5
28/11/2002;23.4;25.7;21.1;73.4
29/11/2002;25.8;31.2;22.8;3.0
30/11/2002;27.4;33.5;23.3;0.0
01/12/2002;29.3;36.2;20.9;35.1
02/12/2002;21.6;23.6;19.7;69.3
03/12/2002;24.2;30.8;20.6;18.5
04/12/2002;25.8;31.8;22.0;1.3
05/12/2002;26.9;34.2;23.9;1.0
06/12/2002;27.3;33.0;22.3;0.0
07/12/2002;26.4;34.2;21.3;25.4
08/12/2002;25.8;31.7;21.2;0.0
09/12/2002;24.9;29.9;20.8;0.0
10/12/2002;25.6;31.7;20.9;0.0
11/12/2002;27.2;32.3;22.7;0.0
12/12/2002;27.4;33.2;21.9;0.0
13/12/2002;27.1;33.8;20.6;0.0
14/12/2002;25.2;33.6;19.3;54.9
15/12/2002;23.4;31.0;19.9;24.6
16/12/2002;23.6;29.9;19.5;30.2
17/12/2002;26.4;33.1;21.7;0.3
18/12/2002;28.0;34.2;21.1;0.0
19/12/2002;30.0;36.4;24.4;0.0
20/12/2002;29.4;34.9;23.1;0.0
21/12/2002;27.9;34.7;21.4;28.5
22/12/2002;26.8;34.5;21.5;0.3
23/12/2002;29.1;34.7;23.1;0.0
24/12/2002;26.7;31.0;21.6;0.5
25/12/2002;25.0;31.5;19.4;0.0
26/12/2002;25.7;32.5;18.7;0.0
27/12/2002;27.2;33.3;22.1;0.0
28/12/2002;28.2;35.3;20.6;0.0
29/12/2002;29.9;36.9;22.6;0.0
30/12/2002;28.1;36.4;23.8;0.0
31/12/2002;28.0;36.6;21.6;9.9
01/01/2003;19.3;27.4;11.7;0.0
02/01/2003;26.4;33.3;22.9;0.0
03/01/2003;25.3;30.9;22.7;0.0
04/01/2003;23.6;26.0;21.7;29.2
05/01/2003;26.2;32.1;22.2;1.3
06/01/2003;24.6;27.3;22.6;2.0
07/01/2003;27.5;33.6;21.4;0.3
08/01/2003;28.7;34.1;22.2;0.0
09/01/2003;29.7;34.5;25.7;0.0
10/01/2003;29.2;35.2;22.5;1.0
11/01/2003;24.3;32.6;21.3;14.2
12/01/2003;24.8;29.5;21.6;3.0
13/01/2003;25.3;31.4;22.4;3.3
14/01/2003;25.8;31.7;22.7;0.0
15/01/2003;26.4;32.1;21.8;0.3
16/01/2003;28.0;33.5;22.6;0.0
17/01/2003;28.2;33.3;23.0;0.0
18/01/2003;27.9;34.2;23.8;0.0
19/01/2003;27.7;34.5;23.2;0.0
20/01/2003;28.3;33.9;24.1;0.0
21/01/2003;25.3;32.2;22.4;19.8
22/01/2003;26.9;33.6;22.2;1.3
23/01/2003;24.5;30.6;22.5;3.8
24/01/2003;25.3;30.6;22.0;1.5
25/01/2003;24.0;29.7;22.2;28.5
26/01/2003;23.5;27.0;20.4;14.0
27/01/2003;24.3;30.6;19.1;0.8
28/01/2003;25.3;31.7;20.0;0.0
29/01/2003;24.6;31.7;19.5;0.5
30/01/2003;25.9;31.9;20.8;0.0
31/01/2003;26.5;34.2;20.5;5.3
01/02/2003;24.3;31.6;20.8;21.3
02/02/2003;25.2;31.9;21.9;0.0
03/02/2003;25.3;33.1;21.2;1.3
04/02/2003;25.0;31.6;20.7;0.3
05/02/2003;25.3;31.6;21.8;1.5
06/02/2003;26.5;33.4;21.8;3.8
07/02/2003;25.9;34.1;22.0;0.0
08/02/2003;25.8;31.5;22.2;0.0
09/02/2003;26.2;31.9;22.9;1.3
10/02/2003;24.9;30.8;22.8;3.3
11/02/2003;23.6;28.1;19.5;14.7
12/02/2003;23.9;27.0;20.8;2.3
13/02/2003;22.8;28.2;19.7;4.1
14/02/2003;24.6;31.2;20.2;0.5
15/02/2003;25.8;32.5;21.2;0.0
16/02/2003;24.0;29.0;22.0;22.1
17/02/2003;24.7;30.0;21.1;1.8
18/02/2003;25.0;30.6;22.0;0.0
19/02/2003;26.2;32.0;21.5;0.3
20/02/2003;26.0;31.9;22.5;15.8
21/02/2003;24.1;28.9;19.2;4.6
22/02/2003;21.2;25.8;17.7;0.0
23/02/2003;25.2;31.8;21.0;0.0
24/02/2003;24.0;32.7;20.1;29.2
25/02/2003;25.8;33.6;19.1;0.3
26/02/2003;27.5;34.3;21.8;0.0
27/02/2003;28.9;35.4;21.3;0.0
28/02/2003;29.0;36.0;22.7;0.0
01/03/2003;27.4;36.0;22.0;2.3
02/03/2003;26.7;35.1;22.0;5.1
03/03/2003;24.4;30.7;21.1;0.3
04/03/2003;26.3;33.7;20.8;5.8
05/03/2003;25.8;33.6;21.6;0.3
06/03/2003;27.3;33.6;22.6;0.0
07/03/2003;27.2;34.1;22.7;0.0
08/03/2003;26.2;33.9;21.2;8.9
09/03/2003;24.8;32.3;21.2;0.3
10/03/2003;25.1;32.1;22.0;2.0
11/03/2003;23.9;29.6;20.3;4.3
12/03/2003;25.5;32.3;20.9;0.0
13/03/2003;26.7;33.2;20.9;0.0
14/03/2003;26.8;33.4;21.2;0.0
15/03/2003;28.0;34.5;21.8;0.0
16/03/2003;26.5;33.5;20.8;0.0
17/03/2003;24.9;32.9;19.2;0.0
18/03/2003;24.9;30.3;21.1;1.8
19/03/2003;25.7;31.8;20.3;0.3
20/03/2003;25.8;32.4;19.8;14.5
21/03/2003;20.4;25.5;16.9;0.0
22/03/2003;21.3;29.1;13.5;0.3
23/03/2003;23.4;30.6;17.4;0.0
24/03/2003;24.5;31.8;18.3;0.0
25/03/2003;24.3;29.8;20.3;0.5
26/03/2003;23.7;29.7;19.7;0.0
27/03/2003;24.7;31.4;19.9;0.0
28/03/2003;25.1;31.6;19.3;0.0
29/03/2003;25.1;32.0;19.7;0.0
30/03/2003;25.0;33.3;17.2;0.0
31/03/2003;26.0;33.7;18.5;0.0
01/04/2003;26.6;34.7;20.0;0.3
02/04/2003;26.7;34.7;18.5;0.0
03/04/2003;25.2;32.5;21.6;7.4
04/04/2003;22.0;23.3;20.2;17.8
05/04/2003;21.8;25.6;19.1;23.4
06/04/2003;20.2;25.6;16.8;0.5
07/04/2003;21.4;29.1;14.7;0.0
08/04/2003;23.4;29.1;16.2;0.0
09/04/2003;23.4;30.3;19.3;32.0
10/04/2003;20.3;22.8;18.3;1.8
11/04/2003;20.1;26.3;13.1;0.0
12/04/2003;16.6;24.2;10.0;0.0
13/04/2003;16.8;25.3;7.9;0.0
14/04/2003;19.1;27.0;10.5;0.0
15/04/2003;21.0;30.8;12.2;0.0
16/04/2003;22.9;31.3;14.1;0.0
17/04/2003;25.0;31.5;17.6;0.0
18/04/2003;24.5;31.5;19.1;30.7
19/04/2003;16.7;19.5;13.6;72.4
20/04/2003;16.7;24.3;10.4;0.3
21/04/2003;20.8;28.4;11.6;0.0
22/04/2003;25.3;31.2;20.5;0.0
23/04/2003;25.6;31.4;21.4;0.0
24/04/2003;25.3;31.6;19.4;0.0
25/04/2003;25.6;31.8;19.7;0.0
26/04/2003;26.7;32.2;21.2;0.0
27/04/2003;26.3;32.5;20.4;0.0
28/04/2003;25.3;32.1;19.8;0.0
29/04/2003;24.9;32.7;18.5;4.1
30/04/2003;26.3;33.3;19.3;0.0
01/05/2003;25.2;32.7;18.8;0.0
02/05/2003;20.4;22.8;13.7;5.3
03/05/2003;17.1;23.9;10.0;0.0
04/05/2003;17.1;23.3;14.5;39.6
05/05/2003;17.0;22.4;12.7;0.3
06/05/2003;15.5;22.6;9.7;0.0
07/05/2003;12.9;21.0;6.5;0.3
08/05/2003;13.1;21.5;5.1;0.0
09/05/2003;14.9;23.9;5.5;0.0
10/05/2003;17.1;24.2;11.2;0.0
11/05/2003;18.8;25.1;12.9;0.0
12/05/2003;20.3;27.5;14.7;0.0
13/05/2003;20.4;27.1;13.4;0.0
14/05/2003;20.9;27.8;14.9;0.0
15/05/2003;22.6;30.0;15.9;0.0
16/05/2003;23.1;29.6;16.6;0.0
17/05/2003;23.6;30.6;16.0;0.0
18/05/2003;24.0;30.0;18.9;0.0
19/05/2003;21.8;28.3;17.1;0.0
20/05/2003;20.8;27.6;13.1;0.0
21/05/2003;22.8;31.2;14.9;0.0
22/05/2003;25.3;31.4;19.1;0.0
23/05/2003;20.5;24.4;13.1;39.6
24/05/2003;15.8;22.9;10.1;0.3
25/05/2003;16.3;24.8;7.8;0.0
26/05/2003;17.4;25.2;11.0;0.0
27/05/2003;17.5;24.5;12.0;0.0
28/05/2003;17.1;25.4;9.8;0.0
29/05/2003;17.3;25.4;9.0;0.0
30/05/2003;18.4;26.4;10.7;0.0
31/05/2003;20.3;29.1;10.7;0.0
01/06/2003;21.8;29.1;13.3;0.0
02/06/2003;23.1;30.3;17.0;0.0
03/06/2003;19.6;24.1;14.4;33.5
04/06/2003;13.9;14.6;13.2;24.6
05/06/2003;18.7;23.9;14.0;2.5
06/06/2003;22.4;28.5;17.9;0.3
07/06/2003;22.7;28.9;17.5;0.0
08/06/2003;19.6;22.0;17.6;0.0
09/06/2003;20.1;25.0;16.9;0.0
10/06/2003;22.0;29.7;15.4;0.0
11/06/2003;21.9;29.3;15.0;0.0
12/06/2003;22.0;29.3;15.6;0.0
13/06/2003;21.8;28.9;14.4;0.0
14/06/2003;22.4;29.0;16.3;0.0
15/06/2003;22.6;29.8;17.5;0.0
16/06/2003;23.2;29.7;16.2;0.0
17/06/2003;22.5;29.5;15.0;0.0
18/06/2003;21.3;28.9;13.0;0.0
19/06/2003;19.2;26.0;15.6;1.3
20/06/2003;19.9;26.9;12.7;0.0
21/06/2003;20.1;27.7;14.2;0.0
22/06/2003;20.4;28.1;13.1;0.0
23/06/2003;20.1;27.9;11.3;0.0
24/06/2003;20.0;28.7;10.4;0.0
25/06/2003;19.3;27.9;11.3;0.0
26/06/2003;19.3;28.3;10.3;0.0
27/06/2003;19.9;27.9;11.0;0.0
28/06/2003;20.6;28.6;13.5;0.0
29/06/2003;20.5;29.3;13.3;0.0
30/06/2003;19.3;26.3;12.7;0.0
01/07/2003;19.1;27.8;11.9;0.0
02/07/2003;19.4;28.9;11.6;0.0
03/07/2003;19.2;27.3;10.6;0.0
04/07/2003;19.3;28.5;9.7;0.0
05/07/2003;20.5;29.2;11.2;0.0
06/07/2003;23.8;30.4;19.8;0.0
07/07/2003;21.6;27.2;18.4;3.8
08/07/2003;22.9;30.1;17.4;0.3
09/07/2003;17.8;22.2;13.9;4.3
10/07/2003;11.5;14.2;7.1;0.0
11/07/2003;10.5;18.3;3.0;0.0
12/07/2003;12.6;20.4;6.6;0.0
13/07/2003;14.6;22.7;7.1;0.0
14/07/2003;17.4;23.3;12.7;0.0
15/07/2003;21.2;29.1;15.1;0.0
16/07/2003;19.4;25.8;15.1;0.0
17/07/2003;20.1;27.3;15.9;0.0
18/07/2003;21.1;28.4;14.7;0.0
19/07/2003;22.3;30.7;14.7;0.0
20/07/2003;23.2;31.4;16.0;0.0
21/07/2003;23.0;32.0;14.4;0.0
22/07/2003;23.9;32.0;15.4;0.0
23/07/2003;22.6;30.9;13.6;0.0
24/07/2003;22.4;31.2;13.3;0.0
25/07/2003;21.9;30.9;13.9;0.0
26/07/2003;20.1;28.7;13.4;0.0
27/07/2003;20.6;27.0;15.0;0.0
28/07/2003;20.9;28.5;15.0;0.0
29/07/2003;21.2;30.1;12.5;0.0
30/07/2003;21.5;29.9;13.7;0.0
31/07/2003;21.9;30.4;13.9;0.0
01/08/2003;22.8;31.5;14.2;0.0
02/08/2003;22.6;31.4;13.1;0.0
03/08/2003;23.5;31.6;17.1;0.0
04/08/2003;24.3;32.4;17.2;0.0
05/08/2003;22.8;31.4;18.2;5.8
06/08/2003;15.8;18.6;13.6;37.1
07/08/2003;14.8;21.0;9.6;0.0
08/08/2003;17.1;22.7;11.3;0.3
09/08/2003;15.7;20.6;8.8;0.0
10/08/2003;11.1;18.8;5.7;0.0
11/08/2003;13.5;22.5;4.1;0.0
12/08/2003;16.4;25.2;6.7;0.0
13/08/2003;20.4;29.6;11.6;0.0
14/08/2003;16.6;19.7;14.0;22.1
15/08/2003;17.9;24.3;13.5;1.3
16/08/2003;15.6;21.9;9.0;0.0
17/08/2003;13.1;21.7;4.8;0.0
18/08/2003;16.0;25.3;5.1;0.0
19/08/2003;19.8;30.4;10.3;0.0
20/08/2003;23.1;33.2;12.3;0.0
21/08/2003;23.6;33.4;11.5;0.0
22/08/2003;24.0;33.4;13.3;0.0
23/08/2003;25.1;34.4;17.3;0.0
24/08/2003;13.0;19.4;9.3;11.2
25/08/2003;12.4;19.4;6.3;0.3
26/08/2003;11.7;20.5;3.5;0.0
27/08/2003;14.1;22.1;4.9;0.0
28/08/2003;12.3;20.1;5.6;0.0
29/08/2003;10.9;19.7;3.0;0.0
30/08/2003;13.7;22.9;4.7;0.0
31/08/2003;17.4;26.6;7.3;0.0
01/09/2003;21.0;31.1;11.4;0.0
02/09/2003;23.2;31.7;14.1;0.0
03/09/2003;23.1;30.8;17.5;0.0
04/09/2003;23.4;32.8;14.6;0.0
05/09/2003;26.4;35.1;18.9;0.0
06/09/2003;25.5;35.3;19.0;0.3
07/09/2003;26.2;34.5;19.8;1.0
08/09/2003;18.9;23.7;15.6;27.2
09/09/2003;14.2;16.6;11.4;7.4
10/09/2003;11.4;16.9;6.0;9.9
11/09/2003;11.3;20.2;2.6;0.0
12/09/2003;14.3;20.8;6.8;9.4
13/09/2003;18.0;25.0;13.3;4.3
14/09/2003;18.8;26.4;11.2;0.0
15/09/2003;18.5;25.4;13.7;11.2
16/09/2003;20.0;26.9;15.2;0.3
17/09/2003;21.3;28.9;13.1;0.0
18/09/2003;22.7;30.1;16.2;0.0
19/09/2003;24.4;33.8;16.2;0.0
20/09/2003;27.3;36.4;16.0;0.0
21/09/2003;27.1;35.1;18.3;0.0
22/09/2003;27.6;35.8;20.6;0.0
23/09/2003;28.8;37.0;19.7;0.0
24/09/2003;23.7;32.2;17.5;0.0
25/09/2003;20.8;25.8;16.4;0.0
26/09/2003;19.5;22.4;17.2;36.6
27/09/2003;19.5;24.4;16.0;0.0
28/09/2003;20.6;29.1;15.2;7.1
29/09/2003;19.5;25.4;15.0;0.3
30/09/2003;22.4;30.8;13.7;0.0
01/10/2003;25.3;32.0;19.3;0.0
02/10/2003;26.1;34.1;18.7;0.0
03/10/2003;25.7;35.0;15.9;0.0
04/10/2003;27.2;34.6;19.5;0.0
05/10/2003;23.0;28.7;18.9;5.6
06/10/2003;23.1;29.8;18.3;0.0
07/10/2003;25.0;32.5;18.3;0.0
08/10/2003;26.6;33.4;19.6;0.0
09/10/2003;22.8;33.2;17.3;3.0
10/10/2003;19.1;20.8;17.3;38.9
11/10/2003;20.3;27.1;16.0;0.0
12/10/2003;20.4;27.0;15.0;0.0
13/10/2003;20.6;28.3;13.3;0.0
14/10/2003;21.3;28.7;14.3;0.0
15/10/2003;22.1;30.3;14.8;0.0
16/10/2003;22.9;30.6;15.2;0.0
17/10/2003;25.3;33.6;16.8;0.0
18/10/2003;27.0;34.6;18.9;0.0
19/10/2003;25.9;33.1;19.1;17.8
20/10/2003;23.0;28.5;18.4;0.0
21/10/2003;20.7;28.3;17.8;51.8
22/10/2003;21.2;26.0;17.3;7.4
23/10/2003;24.0;30.2;17.4;0.3
24/10/2003;26.8;33.3;20.5;0.0
25/10/2003;28.7;34.9;22.1;0.0
26/10/2003;24.6;34.7;17.4;17.5
27/10/2003;23.2;30.3;18.0;4.3
28/10/2003;23.4;29.6;19.9;0.8
29/10/2003;22.7;29.3;19.3;0.0
30/10/2003;25.3;33.1;19.0;0.0
31/10/2003;23.4;32.3;19.2;1.0
01/11/2003;21.0;25.2;18.0;0.3
02/11/2003;19.9;25.0;17.2;0.0
03/11/2003;21.8;27.5;17.8;0.0
04/11/2003;21.7;28.0;15.9;0.0
05/11/2003;23.5;30.8;16.5;0.0
06/11/2003;24.3;32.4;16.2;0.0
07/11/2003;24.8;34.6;15.6;0.0
08/11/2003;26.8;34.9;15.5;0.0
09/11/2003;28.7;37.2;18.4;0.0
10/11/2003;28.8;37.8;17.1;0.0
11/11/2003;29.7;38.8;18.9;0.0
12/11/2003;30.2;37.0;24.2;0.0
13/11/2003;23.9;30.0;18.8;23.9
14/11/2003;24.0;32.1;14.7;0.0
15/11/2003;26.2;33.7;21.8;1.3
16/11/2003;27.9;34.8;22.6;0.0
17/11/2003;24.3;29.5;17.6;6.4
18/11/2003;20.2;26.5;16.4;12.5
19/11/2003;21.7;29.5;14.6;0.0
20/11/2003;24.0;31.5;16.2;0.0
21/11/2003;24.8;32.4;16.8;0.0
22/11/2003;26.4;33.2;20.4;0.0
23/11/2003;27.5;34.5;20.8;0.0
24/11/2003;27.8;34.7;21.9;0.0
25/11/2003;26.5;33.3;21.8;0.5
26/11/2003;22.4;26.0;20.4;8.4
27/11/2003;21.7;25.5;19.1;28.5
28/11/2003;25.2;30.5;19.0;0.3
29/11/2003;25.3;30.6;21.8;0.0
30/11/2003;24.2;32.1;20.0;41.4
01/12/2003;23.9;29.5;20.0;1.5
02/12/2003;26.8;33.9;19.6;0.0
03/12/2003;26.9;32.0;23.3;3.6
04/12/2003;23.4;27.6;20.4;13.7
05/12/2003;23.9;26.8;21.8;37.9
06/12/2003;24.8;29.7;19.8;0.3
07/12/2003;25.6;32.8;18.1;0.5
08/12/2003;27.0;33.7;18.3;5.6
09/12/2003;20.0;24.8;17.3;26.7
10/12/2003;24.1;31.2;16.4;0.0
11/12/2003;27.3;32.9;22.2;0.0
12/12/2003;23.6;26.2;20.2;1.8
13/12/2003;27.1;34.3;20.5;0.0
14/12/2003;27.5;33.5;22.9;0.0
15/12/2003;27.8;34.0;22.3;0.0
16/12/2003;24.5;32.4;20.1;0.5
17/12/2003;24.8;31.7;19.1;0.0
18/12/2003;26.0;31.9;20.9;0.0
19/12/2003;27.3;33.8;21.5;0.0
20/12/2003;29.0;35.8;23.7;0.0
21/12/2003;29.3;35.7;24.0;0.0
22/12/2003;27.5;36.1;21.6;6.1
23/12/2003;25.1;31.9;19.7;0.0
24/12/2003;26.2;32.5;21.1;0.0
25/12/2003;26.4;32.4;21.1;0.0
26/12/2003;27.3;33.9;21.8;0.0
27/12/2003;27.6;34.5;22.0;0.0
28/12/2003;26.4;30.6;23.2;0.0
29/12/2003;24.6;31.4;21.6;0.0
30/12/2003;25.8;32.4;21.7;2.3
31/12/2003;23.4;27.0;21.0;10.2
01/01/2004;24.3;30.9;19.1;0.0
02/01/2004;24.3;30.7;20.8;0.0
03/01/2004;24.2;30.4;19.7;0.0
04/01/2004;24.9;31.1;19.2;0.0
05/01/2004;25.8;33.5;21.8;15.2
06/01/2004;22.6;24.3;20.8;24.9
07/01/2004;24.9;31.0;20.1;0.0
08/01/2004;25.6;31.9;21.5;23.4
09/01/2004;26.3;32.4;20.4;0.3
10/01/2004;27.1;34.3;22.2;0.0
11/01/2004;28.1;34.5;23.0;0.0
12/01/2004;26.4;33.1;20.6;0.0
13/01/2004;25.0;32.1;17.2;0.0
14/01/2004;25.8;32.9;19.5;0.0
15/01/2004;25.5;32.8;19.6;0.0
16/01/2004;26.5;34.5;17.6;0.0
17/01/2004;26.9;33.7;21.2;0.0
18/01/2004;26.5;33.5;20.1;0.0
19/01/2004;26.7;33.3;20.3;0.0
20/01/2004;27.3;34.9;21.8;0.0
21/01/2004;26.4;33.5;22.1;0.0
22/01/2004;25.7;33.0;21.0;1.5
23/01/2004;27.3;34.2;21.8;0.8
24/01/2004;26.7;32.0;22.2;0.0
25/01/2004;27.1;34.3;20.9;0.0
26/01/2004;27.3;34.7;19.9;0.0
27/01/2004;28.0;35.7;20.8;0.0
28/01/2004;28.7;36.8;21.6;0.0
29/01/2004;28.4;36.3;23.2;2.3
30/01/2004;27.4;35.7;22.8;0.0
31/01/2004;26.5;34.2;21.7;0.0
01/02/2004;26.3;33.6;21.8;0.0
02/02/2004;26.8;33.8;21.3;0.0
03/02/2004;27.9;34.5;22.4;0.0
04/02/2004;26.9;34.1;23.2;20.3
05/02/2004;25.7;34.2;21.0;0.5
06/02/2004;26.9;34.0;21.4;0.0
07/02/2004;25.7;33.1;19.4;0.0
08/02/2004;25.2;32.4;19.3;0.0
09/02/2004;24.8;32.4;18.7;0.0
10/02/2004;25.0;32.6;19.1;0.0
11/02/2004;27.0;34.3;21.0;0.0
12/02/2004;27.9;35.8;21.0;2.0
13/02/2004;24.6;31.1;20.3;36.6
14/02/2004;25.0;32.3;20.5;2.0
15/02/2004;25.4;33.0;19.7;0.0
16/02/2004;25.9;32.9;18.3;0.0
17/02/2004;24.4;32.8;19.5;0.0
18/02/2004;24.7;32.3;18.9;0.3
19/02/2004;25.8;33.4;20.5;0.3
20/02/2004;25.4;34.0;17.2;0.0
21/02/2004;25.2;33.3;18.6;0.0
22/02/2004;25.0;33.8;16.8;0.0
23/02/2004;24.5;32.0;16.9;0.0
24/02/2004;25.9;33.6;18.1;0.0
25/02/2004;26.7;34.1;20.8;0.0
26/02/2004;27.0;36.4;21.7;8.4
27/02/2004;26.2;34.6;21.2;0.0
28/02/2004;28.3;38.2;18.9;0.0
29/02/2004;29.1;39.0;20.2;0.0
01/03/2004;28.7;38.4;22.2;0.0
02/03/2004;21.4;29.0;19.2;12.0
03/03/2004;24.0;32.5;19.7;1.0
04/03/2004;24.1;32.6;21.0;0.0
05/03/2004;24.7;33.2;20.5;0.0
06/03/2004;26.8;36.7;22.0;0.0
07/03/2004;24.7;32.7;21.4;0.0
08/03/2004;24.1;35.5;20.1;0.0
09/03/2004;27.8;36.6;21.8;0.0
10/03/2004;24.5;34.9;21.6;0.0
11/03/2004;22.9;30.1;21.3;5.5
12/03/2004;22.4;30.5;20.5;18.0
13/03/2004;24.0;29.4;21.4;9.6
14/03/2004;23.7;33.0;20.8;0.0
15/03/2004;26.3;34.7;19.9;0.0
16/03/2004;26.3;34.5;20.1;18.5
17/03/2004;25.4;32.7;20.3;12.0
18/03/2004;23.3;32.3;20.1;0.0
19/03/2004;23.2;31.4;17.8;0.0
20/03/2004;21.7;31.2;15.1;0.0
21/03/2004;22.5;30.8;16.8;0.0
22/03/2004;21.2;29.5;17.6;0.0
23/03/2004;23.9;30.0;14.6;0.0
24/03/2004;21.8;30.3;15.4;0.0
25/03/2004;22.6;31.9;14.9;0.0
26/03/2004;23.0;32.6;15.4;0.0
27/03/2004;24.3;33.9;16.1;0.0
28/03/2004;25.2;34.8;16.5;0.0
29/03/2004;26.3;35.3;18.9;0.0
30/03/2004;27.6;35.4;20.3;0.0
31/03/2004;28.1;35.3;18.9;0.0
01/04/2004;27.8;35.4;20.3;0.1
02/04/2004;27.7;35.1;22.8;0.0
03/04/2004;23.8;34.9;21.6;17.8
04/04/2004;22.4;26.6;21.4;8.6
05/04/2004;22.9;25.2;20.6;0.4
06/04/2004;26.0;32.4;18.4;14.8
07/04/2004;24.9;33.5;22.0;6.4
08/04/2004;24.4;32.8;21.2;0.3
09/04/2004;24.7;32.7;19.6;0.0
10/04/2004;24.9;31.4;19.5;0.0
11/04/2004;24.6;31.3;20.1;0.0
12/04/2004;25.4;31.2;18.9;0.0
13/04/2004;26.5;32.7;18.5;7.8
14/04/2004;25.1;32.8;20.9;21.1
15/04/2004;24.2;33.2;19.3;0.0
16/04/2004;25.5;31.3;18.9;0.0
17/04/2004;23.4;32.0;19.8;22.5
18/04/2004;24.8;29.5;20.6;0.0
19/04/2004;22.5;30.0;20.6;16.5
20/04/2004;21.4;27.4;19.9;0.0
21/04/2004;23.5;25.1;18.0;12.2
22/04/2004;25.5;29.8;20.9;2.6
23/04/2004;25.4;32.0;21.1;0.7
24/04/2004;22.4;30.8;19.8;40.8
25/04/2004;20.1;26.0;19.1;0.0
26/04/2004;20.1;26.3;15.7;0.0
27/04/2004;22.4;26.7;15.0;0.0
28/04/2004;22.7;27.0;18.3;0.0
29/04/2004;23.9;28.4;18.5;12.1
30/04/2004;22.0;30.3;17.8;12.9
01/05/2004;20.8;24.7;19.7;1.2
02/05/2004;22.9;23.2;18.7;0.0
03/05/2004;23.0;28.7;18.9;31.9
04/05/2004;19.9;31.6;19.6;3.3
05/05/2004;20.2;21.8;18.7;60.6
06/05/2004;16.0;18.9;15.6;24.1
07/05/2004;15.2;17.0;15.1;2.7
08/05/2004;14.8;18.0;11.4;0.0
09/05/2004;15.5;21.2;9.5;0.0
10/05/2004;18.8;22.1;9.1;0.0
11/05/2004;21.7;25.6;11.4;0.0
12/05/2004;23.3;27.7;16.8;35.7
13/05/2004;18.8;30.8;17.2;23.1
14/05/2004;19.8;23.3;16.3;0.4
15/05/2004;13.6;17.5;12.9;7.4
16/05/2004;12.6;17.4;9.3;0.0
17/05/2004;15.1;19.7;6.3;0.1
18/05/2004;16.7;21.9;8.3;0.0
19/05/2004;15.9;22.8;10.2;8.6
20/05/2004;15.9;17.5;14.2;0.0
21/05/2004;19.6;20.8;16.2;4.3
22/05/2004;17.1;23.9;16.8;41.1
23/05/2004;17.9;19.1;16.3;24.4
24/05/2004;19.0;21.5;15.5;43.9
25/05/2004;18.5;21.4;15.5;13.4
26/05/2004;12.7;15.7;11.1;0.1
27/05/2004;12.1;18.8;8.2;0.0
28/05/2004;13.4;19.2;6.7;0.1
29/05/2004;16.6;20.4;6.7;0.0
30/05/2004;20.0;23.4;11.3;0.0
31/05/2004;18.2;26.7;14.7;4.8
01/06/2004;18.1;22.3;14.9;0.3
02/06/2004;18.3;23.5;15.8;0.0
03/06/2004;16.0;20.2;13.6;0.0
04/06/2004;16.1;21.6;12.1;0.0
05/06/2004;15.7;23.0;13.4;0.0
06/06/2004;16.9;25.0;13.6;0.0
07/06/2004;16.5;23.8;10.6;0.0
08/06/2004;16.8;21.9;12.6;0.4
09/06/2004;19.8;25.2;16.5;0.0
10/06/2004;22.6;27.8;19.2;14.3
11/06/2004;16.2;23.0;11.6;11.9
12/06/2004;10.6;16.3;4.8;0.0
13/06/2004;8.6;17.2;1.7;0.0
14/06/2004;12.4;19.4;4.8;0.0
15/06/2004;17.7;25.9;10.0;0.0
16/06/2004;21.0;29.0;14.5;0.0
17/06/2004;20.8;28.7;14.1;0.0
18/06/2004;21.0;28.2;14.8;0.0
19/06/2004;20.7;27.4;15.9;0.0
20/06/2004;21.0;28.3;16.5;0.0
21/06/2004;20.6;28.5;13.4;0.0
22/06/2004;22.1;29.2;16.2;0.0
23/06/2004;22.7;29.6;18.1;0.0
24/06/2004;17.9;21.3;16.9;13.5
25/06/2004;16.9;18.0;16.4;42.4
26/06/2004;20.1;27.0;15.3;0.4
27/06/2004;20.7;24.4;18.7;26.1
28/06/2004;18.8;21.6;17.2;2.2
29/06/2004;20.4;26.1;15.3;0.0
30/06/2004;22.4;28.9;16.5;0.0
01/07/2004;22.5;29.4;16.8;0.0
02/07/2004;23.1;30.4;18.2;0.0
03/07/2004;22.5;30.3;16.0;0.0
04/07/2004;22.5;29.8;16.2;0.0
05/07/2004;20.7;25.3;18.2;0.0
06/07/2004;18.5;21.6;16.9;0.0
07/07/2004;20.7;27.4;15.4;0.0
08/07/2004;18.6;21.8;14.6;9.5
09/07/2004;14.8;20.7;11.0;0.0
10/07/2004;16.1;21.0;9.7;8.9
11/07/2004;10.6;18.8;5.1;0.0
12/07/2004;14.4;21.2;6.9;0.0
13/07/2004;20.5;26.3;16.1;0.0
14/07/2004;23.8;30.2;19.4;0.0
15/07/2004;24.1;31.0;18.8;0.0
16/07/2004;19.6;23.8;16.0;15.0
17/07/2004;15.7;18.0;14.7;0.0
18/07/2004;16.4;19.5;14.6;12.1
19/07/2004;15.8;17.7;14.5;6.5
20/07/2004;16.5;21.6;13.9;0.0
21/07/2004;15.4;21.0;11.5;0.0
22/07/2004;16.1;23.0;11.0;0.0
23/07/2004;15.8;23.6;9.6;0.0
24/07/2004;16.3;24.3;9.7;0.0
25/07/2004;16.6;24.6;11.2;0.0
26/07/2004;17.4;25.2;12.0;0.0
27/07/2004;17.9;26.2;10.8;0.0
28/07/2004;19.0;26.8;13.6;0.0
29/07/2004;18.0;25.1;13.6;1.0
30/07/2004;12.6;15.7;6.3;0.4
31/07/2004;10.5;19.6;2.7;0.0
01/08/2004;14.2;23.6;2.7;0.0
02/08/2004;21.0;30.2;12.8;0.0
03/08/2004;23.9;32.6;16.8;0.0
04/08/2004;24.7;32.6;19.6;0.0
05/08/2004;23.2;31.2;17.1;0.0
06/08/2004;21.6;31.0;14.4;0.0
07/08/2004;13.5;19.6;9.5;0.0
08/08/2004;10.5;19.0;5.6;0.0
09/08/2004;12.5;23.4;3.0;0.0
10/08/2004;16.3;25.7;8.7;0.0
11/08/2004;18.2;27.4;7.9;0.0
12/08/2004;19.7;28.9;12.4;0.0
13/08/2004;18.2;26.7;12.1;0.0
14/08/2004;19.5;28.1;12.4;0.0
15/08/2004;20.7;29.2;13.0;0.0
16/08/2004;22.2;31.8;13.2;0.0
17/08/2004;23.4;33.0;14.8;0.0
18/08/2004;22.6;33.1;13.4;0.0
19/08/2004;20.5;31.4;13.0;0.0
20/08/2004;24.2;34.1;13.8;0.0
21/08/2004;17.7;23.8;14.0;0.0
22/08/2004;17.9;28.4;10.4;0.0
23/08/2004;18.4;27.7;11.6;0.0
24/08/2004;20.8;30.8;12.2;0.0
25/08/2004;28.6;34.8;15.4;0.0
26/08/2004;21.8;25.0;20.3;0.0
27/08/2004;25.3;28.7;21.6;0.0
28/08/2004;22.3;29.5;16.3;0.0
29/08/2004;21.3;30.2;12.8;0.0
30/08/2004;23.3;33.6;12.9;4.8
31/08/2004;24.5;34.0;12.8;0.0
01/09/2004;26.0;35.2;16.3;0.0
02/09/2004;27.0;37.2;16.8;0.0
03/09/2004;27.9;36.7;19.7;0.0
04/09/2004;26.8;36.1;17.0;0.0
05/09/2004;26.9;36.0;16.4;0.0
06/09/2004;28.2;37.3;19.9;0.0
07/09/2004;27.7;37.3;17.5;0.0
08/09/2004;27.6;37.1;19.4;0.0
09/09/2004;21.3;29.9;13.8;2.4
10/09/2004;20.9;33.7;13.2;0.0
11/09/2004;18.3;25.6;14.7;0.0
12/09/2004;12.1;15.1;10.6;0.1
13/09/2004;16.6;23.3;8.7;0.0
14/09/2004;17.1;28.0;8.7;2.4
15/09/2004;18.7;27.3;11.0;0.0
16/09/2004;21.2;26.9;13.6;0.0
17/09/2004;20.3;26.6;16.3;0.7
18/09/2004;24.9;34.1;16.8;0.0
19/09/2004;27.9;36.2;20.3;0.0
20/09/2004;28.3;36.2;21.0;0.0
21/09/2004;29.1;37.5;20.3;0.0
22/09/2004;27.5;37.6;19.5;8.3
23/09/2004;24.1;32.4;19.2;0.0
24/09/2004;25.8;35.7;17.3;0.0
25/09/2004;28.8;37.3;20.2;0.0
26/09/2004;31.2;40.7;21.5;0.0
27/09/2004;28.4;39.6;21.6;13.2
28/09/2004;25.1;34.7;18.2;3.8
29/09/2004;21.6;27.8;17.8;12.1
30/09/2004;23.2;25.2;17.5;0.2
01/10/2004;23.9;29.4;17.8;0.0
02/10/2004;22.8;26.2;19.8;0.8
03/10/2004;22.5;28.2;19.2;1.3
04/10/2004;23.7;31.1;16.2;0.0
05/10/2004;25.3;33.4;17.2;0.0
06/10/2004;24.8;33.2;17.2;0.0
07/10/2004;22.6;30.7;15.6;0.0
08/10/2004;24.6;32.6;16.5;5.3
09/10/2004;27.1;36.4;17.4;0.0
10/10/2004;22.1;26.2;17.5;48.5
11/10/2004;23.0;28.5;18.0;0.5
12/10/2004;26.1;32.8;20.1;0.0
13/10/2004;22.7;29.0;18.3;18.8
14/10/2004;21.6;26.4;18.5;11.7
15/10/2004;24.3;30.1;20.5;0.0
16/10/2004;26.4;32.4;21.2;0.0
17/10/2004;21.9;26.3;20.1;30.5
18/10/2004;21.7;29.0;18.6;22.4
19/10/2004;21.4;27.7;17.2;0.0
20/10/2004;21.8;28.9;14.7;0.0
21/10/2004;22.0;28.3;16.3;0.0
22/10/2004;24.2;32.0;17.8;0.3
23/10/2004;26.7;33.2;20.3;0.3
24/10/2004;22.6;28.0;19.4;36.3
25/10/2004;20.2;26.5;14.6;5.1
26/10/2004;22.0;30.6;12.5;0.0
27/10/2004;19.5;25.7;15.5;0.0
28/10/2004;23.6;28.6;18.6;0.0
29/10/2004;26.0;31.8;21.7;0.0
30/10/2004;25.6;34.8;18.0;1.3
31/10/2004;22.3;27.4;19.5;52.8
01/11/2004;24.5;29.5;20.3;0.0
02/11/2004;26.9;34.2;21.6;0.0
03/11/2004;28.9;34.3;23.6;0.0
04/11/2004;24.8;32.8;21.3;0.0
05/11/2004;22.8;31.3;20.2;3.6
06/11/2004;19.9;23.0;17.4;1.3
07/11/2004;23.2;29.6;18.0;0.3
08/11/2004;24.2;30.0;18.5;0.0
09/11/2004;26.4;34.2;19.6;0.0
10/11/2004;23.1;31.4;18.4;44.5
11/11/2004;20.2;25.5;15.2;0.3
12/11/2004;19.9;26.6;13.1;0.0
13/11/2004;22.6;29.9;15.1;0.0
14/11/2004;27.0;33.9;19.1;0.0
15/11/2004;21.7;27.7;19.6;41.2
16/11/2004;22.1;26.3;20.2;13.7
17/11/2004;23.8;28.6;21.1;1.3
18/11/2004;23.6;28.5;19.4;0.0
19/11/2004;22.5;28.9;16.8;0.0
20/11/2004;21.6;29.6;13.3;0.0
21/11/2004;23.6;32.0;14.7;0.0
22/11/2004;25.3;32.2;18.5;0.0
23/11/2004;26.7;34.3;19.3;0.0
24/11/2004;31.3;36.1;27.7;0.3
25/11/2004;27.9;36.4;21.9;0.0
26/11/2004;24.8;33.9;20.6;56.1
27/11/2004;22.8;29.2;20.3;5.3
28/11/2004;24.2;29.9;20.5;0.0
29/11/2004;25.2;31.8;18.9;0.0
30/11/2004;26.6;33.3;19.8;0.0
01/12/2004;27.5;32.2;21.9;0.0
02/12/2004;26.2;32.3;21.1;0.0
03/12/2004;27.9;34.0;21.8;0.0
04/12/2004;26.4;34.3;21.1;14.0
05/12/2004;25.4;33.2;21.4;2.0
06/12/2004;25.9;33.3;20.8;0.0
07/12/2004;23.9;29.9;20.2;13.0
08/12/2004;24.2;29.5;20.4;0.0
09/12/2004;24.6;30.9;21.2;15.5
10/12/2004;25.8;31.6;20.5;0.3
11/12/2004;23.4;29.5;17.2;0.0
12/12/2004;23.9;30.3;18.1;0.0
13/12/2004;25.5;32.6;18.1;0.0
14/12/2004;27.2;33.5;20.9;0.0
15/12/2004;28.2;34.3;22.6;0.0
16/12/2004;27.0;34.0;21.6;2.5
17/12/2004;24.3;31.5;21.6;1.0
18/12/2004;25.3;30.6;22.6;0.3
19/12/2004;26.2;32.4;20.9;0.3
20/12/2004;23.1;27.9;19.5;6.4
21/12/2004;25.4;30.9;19.5;0.0
22/12/2004;21.9;24.0;18.9;35.6
23/12/2004;21.0;25.8;17.8;0.3
24/12/2004;22.8;29.3;17.4;0.0
25/12/2004;24.2;31.8;18.6;17.3
26/12/2004;24.1;29.9;20.3;0.0
27/12/2004;25.5;32.1;20.0;0.0
28/12/2004;25.9;33.7;17.2;0.0
29/12/2004;26.5;33.4;21.3;13.2
30/12/2004;27.3;32.9;22.4;0.0
31/12/2004;27.7;33.1;22.3;0.0
01/01/2005;28.7;35.1;22.8;0.0
02/01/2005;25.2;32.0;21.2;10.2
03/01/2005;23.3;29.4;21.7;1.8
04/01/2005;25.3;31.0;19.1;26.0
05/01/2005;23.0;30.4;19.5;2.0
06/01/2005;24.4;32.2;20.4;19.2
07/01/2005;26.2;32.7;20.7;0.0
08/01/2005;26.9;33.4;22.4;5.4
09/01/2005;24.5;31.6;22.1;18.8
10/01/2005;24.6;29.7;22.2;0.2
11/01/2005;25.7;30.8;21.7;0.0
12/01/2005;26.3;31.5;23.8;0.4
13/01/2005;26.8;31.3;23.4;0.0
14/01/2005;27.9;32.4;23.9;0.0
15/01/2005;27.0;33.4;21.8;18.2
16/01/2005;23.1;26.0;21.0;3.8
17/01/2005;24.4;30.0;20.7;1.4
18/01/2005;24.6;27.8;23.4;1.2
19/01/2005;25.0;30.8;22.9;2.4
20/01/2005;26.2;32.3;21.6;0.0
21/01/2005;26.4;27.6;25.0;0.2
22/01/2005;26.7;32.6;23.9;0.0
23/01/2005;24.8;30.0;22.1;35.2
24/01/2005;25.9;31.3;22.6;0.2
25/01/2005;25.2;30.0;23.0;6.6
26/01/2005;23.9;29.0;19.8;0.0
27/01/2005;21.5;23.6;18.9;0.0
28/01/2005;23.4;27.5;20.9;23.6
29/01/2005;25.1;30.1;22.4;2.2
30/01/2005;26.3;31.2;23.4;3.6
31/01/2005;26.5;32.7;22.8;14.5
01/02/2005;24.8;32.2;18.7;0.0
02/02/2005;21.5;28.1;17.9;0.0
03/02/2005;23.8;30.4;18.4;0.0
04/02/2005;24.8;29.1;21.4;1.6
05/02/2005;24.6;31.8;21.4;11.2
06/02/2005;25.3;30.6;21.4;0.2
07/02/2005;25.1;29.7;21.1;0.0
08/02/2005;24.7;30.8;19.3;0.0
09/02/2005;24.8;31.4;19.6;0.0
10/02/2005;25.2;31.8;17.3;0.0
11/02/2005;25.6;33.2;19.1;0.0
12/02/2005;21.2;23.5;20.0;0.2
13/02/2005;24.0;31.4;17.2;0.0
14/02/2005;24.7;32.2;17.2;0.0
15/02/2005;26.2;33.4;18.7;0.0
16/02/2005;27.5;35.8;20.1;0.0
17/02/2005;27.5;35.3;21.0;0.0
18/02/2005;28.9;36.6;21.5;0.0
19/02/2005;29.3;37.0;21.6;0.0
20/02/2005;28.9;37.8;20.3;0.0
21/02/2005;29.2;38.1;21.7;0.0
22/02/2005;28.9;36.9;22.8;0.0
23/02/2005;27.7;36.1;21.7;0.0
24/02/2005;28.4;36.7;22.2;0.0
25/02/2005;27.6;35.1;22.3;2.4
26/02/2005;25.0;30.5;21.2;1.0
27/02/2005;27.0;33.6;21.5;1.4
28/02/2005;28.0;35.3;22.3;0.0
01/03/2005;28.1;36.4;20.4;0.0
02/03/2005;26.2;34.8;20.8;0.0
03/03/2005;26.3;33.6;20.1;0.0
04/03/2005;26.2;33.6;19.9;0.0
05/03/2005;26.6;34.3;20.6;0.0
06/03/2005;26.5;33.6;19.6;0.0
07/03/2005;30.5;35.6;24.4;0.0
08/03/2005;32.0;36.7;26.0;0.2
09/03/2005;28.0;36.9;23.8;12.0
10/03/2005;28.1;37.0;21.6;0.0
11/03/2005;29.5;37.6;22.9;0.0
12/03/2005;30.4;37.8;23.7;0.0
13/03/2005;27.3;35.6;22.2;4.6
14/03/2005;18.8;23.3;16.6;0.2
15/03/2005;22.1;30.4;14.1;0.0
16/03/2005;24.4;32.2;16.9;0.0
17/03/2005;26.2;34.3;17.5;0.0
18/03/2005;27.0;35.2;19.7;0.0
19/03/2005;27.8;36.5;19.9;0.0
20/03/2005;27.2;35.5;20.3;0.0
21/03/2005;26.9;33.3;22.0;0.0
22/03/2005;25.2;32.4;22.0;0.0
23/03/2005;24.1;31.9;19.4;0.0
24/03/2005;22.3;28.4;18.7;0.0
25/03/2005;25.0;34.4;18.3;0.0
26/03/2005;26.9;34.2;22.1;0.0
27/03/2005;26.5;34.1;20.3;0.0
28/03/2005;26.0;33.4;19.3;0.0
29/03/2005;27.5;35.9;17.6;0.0
30/03/2005;27.5;32.1;23.0;0.0
31/03/2005;24.8;34.0;20.9;17.8
01/04/2005;27.7;34.7;21.6;0.0
02/04/2005;26.5;31.8;23.0;0.0
03/04/2005;26.5;32.0;21.8;0.0
04/04/2005;24.7;30.7;21.2;0.0
05/04/2005;26.1;33.4;19.5;0.0
06/04/2005;28.3;35.1;23.3;0.0
07/04/2005;28.9;36.4;22.6;0.0
08/04/2005;29.0;36.3;22.7;0.0
09/04/2005;28.6;36.9;20.8;0.0
10/04/2005;29.7;36.9;23.0;0.0
11/04/2005;29.4;36.4;21.2;0.2
12/04/2005;28.8;36.3;21.9;0.0
13/04/2005;28.8;36.0;21.1;0.0
14/04/2005;28.0;35.9;20.8;0.0
15/04/2005;26.1;35.7;20.9;0.0
16/04/2005;26.4;34.2;20.2;0.2
17/04/2005;26.6;36.8;20.8;8.6
18/04/2005;25.8;30.4;23.0;2.0
19/04/2005;27.9;34.9;20.8;8.6
20/04/2005;22.9;29.1;18.7;17.8
21/04/2005;23.5;30.1;18.2;0.0
22/04/2005;24.6;31.2;19.0;2.2
23/04/2005;23.9;31.4;19.4;7.4
24/04/2005;22.9;31.5;19.9;47.4
25/04/2005;16.9;22.1;11.9;32.6
26/04/2005;13.4;15.8;10.8;1.2
27/04/2005;16.6;19.5;14.1;2.0
28/04/2005;18.6;22.0;15.8;0.8
29/04/2005;18.5;20.0;14.7;20.6
30/04/2005;17.6;25.1;11.6;0.2
01/05/2005;18.7;26.3;12.4;0.0
02/05/2005;18.8;25.6;13.9;0.0
03/05/2005;20.2;27.2;14.1;0.0
04/05/2005;22.8;30.2;16.4;0.0
05/05/2005;23.4;30.2;18.0;0.0
06/05/2005;22.1;28.8;15.8;0.0
07/05/2005;20.8;27.0;14.8;0.0
08/05/2005;20.4;25.1;17.2;0.0
09/05/2005;21.4;28.2;15.1;0.0
10/05/2005;24.1;31.2;17.3;0.0
11/05/2005;25.5;32.4;19.6;0.0
12/05/2005;25.9;32.6;20.3;0.0
13/05/2005;26.9;32.5;22.0;0.2
14/05/2005;25.6;32.6;19.6;0.0
15/05/2005;25.2;32.8;18.7;0.0
16/05/2005;25.9;32.4;21.2;0.0
17/05/2005;24.9;31.6;18.6;0.0
18/05/2005;25.0;32.3;18.2;0.0
19/05/2005;25.0;32.0;17.1;0.0
20/05/2005;25.9;32.3;20.5;0.0
21/05/2005;18.1;25.3;13.9;17.0
22/05/2005;13.5;17.9;9.9;0.0
23/05/2005;16.7;20.2;11.5;0.0
24/05/2005;22.1;27.4;18.3;29.0
25/05/2005;17.2;22.4;11.2;0.2
26/05/2005;17.9;23.7;13.1;0.2
27/05/2005;18.7;26.6;9.2;0.0
28/05/2005;23.3;27.8;18.2;0.0
29/05/2005;25.7;29.5;20.8;0.0
30/05/2005;23.0;29.0;17.6;0.0
31/05/2005;22.1;27.0;18.3;0.0
01/06/2005;21.8;28.0;17.6;1.0
02/06/2005;22.1;28.1;16.4;0.0
03/06/2005;23.4;29.2;18.2;0.0
04/06/2005;22.8;28.9;17.7;0.0
05/06/2005;23.0;29.2;18.3;0.0
06/06/2005;21.8;28.2;15.7;0.0
07/06/2005;21.9;28.4;16.0;0.0
08/06/2005;21.6;28.9;15.3;0.0
09/06/2005;21.9;29.1;15.3;0.0
10/06/2005;22.9;29.3;17.2;0.0
11/06/2005;23.7;30.7;17.4;0.0
12/06/2005;24.7;31.4;19.7;0.0
13/06/2005;24.8;31.4;19.2;0.0
14/06/2005;23.8;28.3;19.5;4.4
15/06/2005;23.8;30.8;17.8;0.0
16/06/2005;23.4;29.8;17.4;0.0
17/06/2005;23.0;31.1;18.1;0.0
18/06/2005;19.5;23.5;17.0;2.2
19/06/2005;20.3;26.2;17.7;6.4
20/06/2005;17.7;19.1;13.4;14.8
21/06/2005;14.6;17.3;11.6;0.4
22/06/2005;17.1;19.2;15.6;0.2
23/06/2005;20.0;24.3;16.3;0.0
24/06/2005;20.0;26.2;14.3;0.0
25/06/2005;20.8;27.2;16.4;0.0
26/06/2005;19.8;26.4;15.0;0.0
27/06/2005;23.0;27.4;18.9;0.4
28/06/2005;18.6;21.6;16.9;11.2
29/06/2005;22.4;29.6;16.2;0.0
30/06/2005;23.5;29.5;18.2;0.0
01/07/2005;23.6;29.3;19.2;0.2
02/07/2005;22.6;29.6;17.4;0.0
03/07/2005;23.2;31.0;15.6;0.0
04/07/2005;23.3;30.5;17.0;1.8
05/07/2005;17.3;23.2;10.8;2.0
06/07/2005;11.0;17.7;6.4;0.0
07/07/2005;11.4;19.6;4.4;0.0
08/07/2005;14.5;22.0;13.4;0.0
09/07/2005;16.3;23.9;10.2;0.0
10/07/2005;16.1;23.7;9.1;0.0
11/07/2005;17.8;25.7;9.1;0.0
12/07/2005;19.1;26.5;11.8;0.0
13/07/2005;20.4;28.2;14.3;0.0
14/07/2005;20.9;28.8;14.9;0.0
15/07/2005;22.9;30.1;15.6;0.0
16/07/2005;22.0;27.8;11.7;0.2
17/07/2005;11.2;16.1;8.0;8.2
18/07/2005;10.3;15.4;4.4;0.0
19/07/2005;9.4;17.4;2.3;0.0
20/07/2005;13.8;22.4;3.9;0.0
21/07/2005;18.6;23.1;14.7;0.4
22/07/2005;16.5;20.1;12.4;0.0
23/07/2005;12.3;18.0;7.5;0.6
24/07/2005;10.0;13.5;7.4;1.2
25/07/2005;12.1;20.4;3.9;0.2
26/07/2005;13.1;19.3;6.8;0.2
27/07/2005;17.5;25.1;9.4;0.0
28/07/2005;22.0;30.1;14.1;0.2
29/07/2005;24.1;32.0;15.6;0.0
30/07/2005;24.0;31.6;18.1;0.0
31/07/2005;23.6;31.1;15.9;0.0
01/08/2005;22.7;30.3;13.6;0.0
02/08/2005;23.2;31.1;15.5;0.0
03/08/2005;21.8;23.8;20.3;0.0
04/08/2005;23.2;31.4;16.5;0.0
05/08/2005;23.7;32.2;15.5;0.0
06/08/2005;22.7;30.8;14.3;0.0
07/08/2005;23.0;30.7;14.5;0.0
08/08/2005;12.5;15.8;8.5;0.0
09/08/2005;10.9;17.3;5.6;0.0
10/08/2005;13.0;21.5;4.8;0.0
11/08/2005;16.0;25.1;8.2;0.0
12/08/2005;16.8;25.7;7.8;0.0
13/08/2005;19.2;28.3;9.4;0.0
14/08/2005;21.6;31.6;10.6;0.0
15/08/2005;22.8;32.2;12.3;0.0
16/08/2005;24.7;34.2;16.4;0.0
17/08/2005;25.9;35.2;18.1;0.0
18/08/2005;24.6;28.8;19.4;0.0
19/08/2005;22.6;30.7;15.8;0.0
20/08/2005;24.3;31.9;17.9;0.0
21/08/2005;27.9;33.6;21.1;0.0
22/08/2005;25.9;34.9;17.3;0.0
23/08/2005;29.8;34.9;25.1;0.0
24/08/2005;19.3;25.6;10.6;0.0
25/08/2005;15.1;23.7;6.8;0.0
26/08/2005;19.2;27.4;10.9;0.0
27/08/2005;25.5;34.9;17.1;0.0
28/08/2005;30.7;35.4;24.5;0.0
29/08/2005;28.3;34.9;21.6;0.0
30/08/2005;26.9;35.5;16.1;0.0
31/08/2005;15.7;18.7;12.1;0.2
01/09/2005;10.4;12.3;9.0;6.2
02/09/2005;13.2;19.8;7.6;0.0
03/09/2005;16.9;25.3;7.1;0.0
04/09/2005;23.4;33.0;15.5;0.0
05/09/2005;20.3;27.5;14.9;0.0
06/09/2005;20.2;28.8;13.4;0.0
07/09/2005;17.5;21.0;14.6;3.8
08/09/2005;22.1;30.5;13.7;0.2
09/09/2005;25.8;35.5;17.4;0.0
10/09/2005;29.0;36.3;23.6;0.0
11/09/2005;18.7;27.7;12.7;0.0
12/09/2005;11.2;12.9;9.7;5.8
13/09/2005;8.8;10.6;7.5;4.4
14/09/2005;14.1;21.7;8.8;0.0
15/09/2005;14.3;21.9;10.9;0.0
16/09/2005;14.0;23.3;9.4;0.0
17/09/2005;19.2;24.5;13.4;0.0
18/09/2005;16.3;24.7;11.8;0.0
19/09/2005;17.0;26.1;8.7;0.0
20/09/2005;19.8;29.4;10.8;0.0
21/09/2005;22.9;25.7;19.3;0.0
22/09/2005;20.4;25.5;17.3;4.8
23/09/2005;22.6;26.0;19.5;0.0
24/09/2005;18.5;20.8;17.2;111.8
25/09/2005;19.4;21.4;17.2;2.0
26/09/2005;19.3;25.8;13.7;0.0
27/09/2005;19.7;27.4;11.9;0.0
28/09/2005;20.8;28.1;13.7;0.0
29/09/2005;28.3;32.4;24.2;0.2
30/09/2005;21.8;28.8;18.4;1.6
01/10/2005;23.1;27.8;18.8;0.2
02/10/2005;25.6;31.8;19.5;0.0
03/10/2005;27.1;33.8;20.5;0.0
04/10/2005;30.0;37.5;23.1;0.0
05/10/2005;19.5;28.6;15.6;5.0
06/10/2005;20.1;28.5;14.9;0.0
07/10/2005;25.6;33.0;19.1;0.0
08/10/2005;23.8;31.2;19.3;1.8
09/10/2005;21.1;24.3;18.7;0.0
10/10/2005;25.7;33.7;17.4;0.0
11/10/2005;23.7;32.8;19.4;13.6
12/10/2005;24.4;33.0;17.0;0.0
13/10/2005;27.1;35.5;18.9;0.0
14/10/2005;26.7;34.4;21.1;0.0
15/10/2005;27.1;34.1;21.5;0.0
16/10/2005;24.3;31.6;20.6;27.8
17/10/2005;21.2;22.1;20.5;38.2
18/10/2005;20.5;21.8;19.1;12.4
19/10/2005;22.1;26.4;18.8;1.4
20/10/2005;20.7;23.6;17.6;0.4
21/10/2005;18.9;20.9;17.7;28.6
22/10/2005;22.5;29.7;18.9;6.2
23/10/2005;24.4;32.2;18.2;0.0
24/10/2005;26.3;32.9;20.3;0.0
25/10/2005;22.6;29.1;20.0;19.4
26/10/2005;22.2;26.6;19.5;6.2
27/10/2005;24.5;30.4;20.5;16.0
28/10/2005;26.5;33.5;21.7;6.6
29/10/2005;21.8;25.4;18.5;3.2
30/10/2005;21.8;29.6;15.7;0.8
31/10/2005;19.4;26.4;13.4;0.2
01/11/2005;22.1;29.2;13.5;0.0
02/11/2005;24.0;30.2;18.6;0.0
03/11/2005;23.1;31.3;19.0;31.8
04/11/2005;20.9;24.9;18.6;11.0
05/11/2005;22.1;26.7;18.2;0.0
06/11/2005;25.5;33.1;17.8;0.0
07/11/2005;25.3;32.8;21.0;20.2
08/11/2005;24.8;31.2;19.5;0.0
09/11/2005;21.7;26.6;18.1;6.4
10/11/2005;23.1;30.3;18.0;0.0
11/11/2005;22.6;28.1;19.5;0.0
12/11/2005;24.0;31.0;16.2;0.0
13/11/2005;25.3;32.6;17.4;0.0
14/11/2005;26.5;34.2;17.6;0.0
15/11/2005;27.7;36.0;20.3;1.0
16/11/2005;24.9;33.6;20.3;22.6
17/11/2005;21.0;24.3;18.5;45.2
18/11/2005;25.6;33.2;18.7;4.6
19/11/2005;24.6;29.1;20.8;4.8
20/11/2005;26.8;33.2;20.9;0.0
21/11/2005;27.5;34.0;22.1;0.0
22/11/2005;23.7;25.9;21.8;3.4
23/11/2005;26.9;33.3;20.3;0.0
24/11/2005;25.1;30.6;21.9;0.4
25/11/2005;24.6;30.6;20.1;0.0
26/11/2005;24.5;30.5;19.7;0.0
27/11/2005;24.4;30.1;17.8;0.0
28/11/2005;26.7;32.6;21.9;0.0
29/11/2005;25.9;31.8;22.7;1.6
30/11/2005;26.3;32.9;22.4;3.0
01/12/2005;25.7;32.9;21.6;0.8
02/12/2005;24.9;30.8;22.9;4.4
03/12/2005;23.4;26.7;20.3;0.0
04/12/2005;25.3;30.8;21.8;0.0
05/12/2005;26.1;33.6;21.3;82.0
06/12/2005;21.6;23.3;19.4;46.0
07/12/2005;23.2;29.9;17.4;0.0
08/12/2005;23.5;29.1;17.7;0.0
09/12/2005;25.9;31.1;21.1;0.0
10/12/2005;29.6;33.9;23.7;0.0
11/12/2005;25.6;31.4;20.9;0.0
12/12/2005;25.1;30.8;20.3;0.0
13/12/2005;25.2;31.6;19.5;0.0
14/12/2005;26.2;32.5;21.0;0.0
15/12/2005;26.3;32.4;20.6;0.0
16/12/2005;27.3;34.6;18.7;0.8
17/12/2005;24.7;30.7;21.3;12.8
18/12/2005;25.3;32.6;18.9;8.6
19/12/2005;22.1;27.2;18.9;126.2
20/12/2005;23.5;29.0;18.5;0.4
21/12/2005;25.2;33.1;19.5;0.0
22/12/2005;26.8;33.3;21.1;0.0
23/12/2005;27.5;33.8;21.4;0.0
24/12/2005;25.2;31.4;21.4;0.8
25/12/2005;25.8;32.1;20.7;0.2
26/12/2005;25.6;31.5;20.9;0.0
27/12/2005;26.9;33.1;20.5;0.0
28/12/2005;26.5;32.1;21.5;0.0
29/12/2005;26.4;32.5;21.4;0.0
30/12/2005;27.3;33.7;21.2;0.0
31/12/2005;25.2;31.4;20.6;0.0
01/01/2006;25.4;31.4;21.5;4.1
02/01/2006;25.9;30.6;22.8;9.1
03/01/2006;26.7;33.2;21.9;0.3
04/01/2006;26.5;33.4;22.4;0.5
05/01/2006;25.7;32.0;19.7;0.0
06/01/2006;26.4;32.4;21.0;0.0
07/01/2006;27.2;32.4;20.8;0.0
08/01/2006;26.9;31.9;22.5;0.0
09/01/2006;27.4;34.4;22.2;0.3
10/01/2006;28.4;34.3;23.1;0.0
11/01/2006;27.8;33.5;21.5;0.0
12/01/2006;25.9;34.0;21.2;0.0
13/01/2006;25.4;33.4;20.2;0.0
14/01/2006;27.5;35.0;20.5;0.0
15/01/2006;28.7;36.2;21.2;0.0
16/01/2006;29.7;37.1;22.3;0.0
17/01/2006;29.1;38.3;21.7;0.0
18/01/2006;26.3;34.2;21.6;0.0
19/01/2006;25.8;33.1;20.9;6.1
20/01/2006;25.2;34.4;19.5;2.0
21/01/2006;26.8;34.8;22.1;0.0
22/01/2006;28.6;35.9;23.0;0.0
23/01/2006;25.4;33.2;22.8;2.5
24/01/2006;27.1;35.0;22.8;0.0
25/01/2006;25.4;34.0;21.6;11.4
26/01/2006;22.9;29.0;21.2;21.8
27/01/2006;25.1;32.2;21.5;0.5
28/01/2006;24.6;30.4;22.0;78.7
29/01/2006;25.0;31.0;22.3;0.5
30/01/2006;24.9;31.6;19.2;0.0
31/01/2006;27.4;33.9;20.2;0.0
01/02/2006;27.8;34.0;22.1;0.0
02/02/2006;28.3;34.8;21.8;0.0
03/02/2006;31.2;34.7;26.3;0.0
04/02/2006;28.3;35.0;21.9;9.8
05/02/2006;27.6;35.4;23.0;2.8
06/02/2006;26.9;34.7;22.1;0.0
07/02/2006;26.5;33.5;22.0;0.0
08/02/2006;25.7;33.9;22.4;0.0
09/02/2006;24.2;28.4;22.0;15.0
10/02/2006;25.4;31.7;20.5;2.2
11/02/2006;24.7;31.3;18.4;0.0
12/02/2006;25.7;32.4;19.4;0.0
13/02/2006;25.7;33.8;20.0;0.0
14/02/2006;25.1;33.8;20.1;8.6
15/02/2006;23.9;27.8;22.1;14.0
16/02/2006;24.5;29.9;21.5;0.4
17/02/2006;25.9;32.2;20.5;0.0
18/02/2006;25.3;31.8;21.3;0.2
19/02/2006;25.3;32.1;20.7;28.6
20/02/2006;26.1;32.1;21.2;0.4
21/02/2006;26.8;33.5;20.9;0.0
22/02/2006;22.4;25.7;19.0;9.0
23/02/2006;25.7;33.1;19.2;19.2
24/02/2006;22.6;26.6;20.1;11.6
25/02/2006;21.6;28.6;16.5;0.2
26/02/2006;21.9;30.2;14.5;0.0
27/02/2006;24.5;31.3;18.8;0.0
28/02/2006;26.6;33.4;20.3;0.0
01/03/2006;27.5;34.4;22.6;0.0
02/03/2006;28.3;34.7;22.2;0.0
03/03/2006;28.4;35.0;22.7;0.0
04/03/2006;26.7;33.0;22.7;0.0
05/03/2006;24.9;31.1;23.0;9.2
06/03/2006;25.1;31.9;21.5;20.0
07/03/2006;25.5;31.5;21.5;0.0
08/03/2006;27.4;34.2;21.9;0.0
09/03/2006;24.7;33.4;19.9;0.0
10/03/2006;24.7;32.5;18.0;0.0
11/03/2006;28.1;32.8;23.2;0.0
12/03/2006;27.2;31.7;22.4;0.0
13/03/2006;26.2;33.1;21.2;0.0
14/03/2006;26.8;33.0;21.4;0.0
15/03/2006;27.7;34.3;21.7;0.0
16/03/2006;27.9;34.8;21.7;0.0
17/03/2006;30.3;34.2;25.3;0.0
18/03/2006;25.1;32.0;22.0;6.4
19/03/2006;25.6;32.0;21.1;0.0
20/03/2006;25.2;31.6;22.1;27.0
21/03/2006;25.3;32.1;21.5;3.8
22/03/2006;26.5;33.2;22.6;10.6
23/03/2006;25.0;32.5;21.9;2.4
24/03/2006;25.5;31.6;21.9;1.4
25/03/2006;22.0;24.7;19.5;31.4
26/03/2006;22.6;27.5;19.0;0.0
27/03/2006;23.8;29.7;21.2;24.4
28/03/2006;24.5;30.3;21.6;10.6
29/03/2006;23.8;28.4;19.1;12.8
30/03/2006;22.6;29.6;16.6;0.0
31/03/2006;23.6;31.3;16.2;0.0
01/04/2006;24.2;30.6;19.0;0.0
02/04/2006;24.8;31.4;18.7;0.0
03/04/2006;25.2;30.1;21.6;0.0
04/04/2006;23.7;29.0;19.9;32.8
05/04/2006;20.3;21.1;19.5;51.6
06/04/2006;22.5;26.6;20.5;4.2
07/04/2006;24.0;29.9;20.7;0.0
08/04/2006;23.9;30.0;20.4;0.2
09/04/2006;23.1;28.7;18.5;1.2
10/04/2006;21.4;28.6;16.1;0.2
11/04/2006;21.6;28.4;16.5;0.0
12/04/2006;22.9;29.8;16.4;0.0
13/04/2006;27.6;31.8;23.0;0.0
14/04/2006;25.8;33.0;20.3;3.0
15/04/2006;21.0;24.0;18.9;23.0
16/04/2006;20.7;24.0;17.4;0.0
17/04/2006;19.2;23.9;15.8;0.0
18/04/2006;20.5;26.8;15.8;0.0
19/04/2006;21.4;27.6;16.8;0.0
20/04/2006;22.9;29.4;16.6;0.0
21/04/2006;24.7;31.5;19.3;0.0
22/04/2006;24.9;31.8;19.5;0.0
23/04/2006;25.5;32.8;19.6;0.0
24/04/2006;24.0;32.2;17.1;0.0
25/04/2006;25.7;32.6;19.5;0.0
26/04/2006;24.3;31.6;17.4;0.0
27/04/2006;24.1;31.1;18.4;0.0
28/04/2006;23.5;30.7;17.6;0.0
29/04/2006;23.8;30.9;17.0;0.0
30/04/2006;22.8;30.5;16.9;0.0
01/05/2006;18.8;24.7;11.8;0.0
02/05/2006;14.2;21.1;9.1;0.0
03/05/2006;13.5;21.0;7.3;0.0
04/05/2006;14.0;22.5;6.9;0.0
05/05/2006;16.0;25.4;8.1;0.0
06/05/2006;17.9;26.5;10.2;0.0
07/05/2006;19.0;25.9;12.8;0.0
08/05/2006;16.0;23.4;10.1;0.0
09/05/2006;14.7;22.2;8.5;0.0
10/05/2006;15.1;23.3;8.8;0.0
11/05/2006;16.1;24.0;9.6;0.0
12/05/2006;16.1;25.0;9.3;0.0
13/05/2006;16.2;25.5;7.9;0.0
14/05/2006;16.6;25.9;8.7;0.0
15/05/2006;19.7;25.6;15.1;0.0
16/05/2006;19.1;27.6;9.8;0.2
17/05/2006;20.3;28.3;11.6;0.0
18/05/2006;21.4;29.4;13.4;0.0
19/05/2006;18.7;23.2;16.3;15.8
20/05/2006;18.4;22.4;16.7;0.0
21/05/2006;16.4;18.6;15.2;0.6
22/05/2006;16.9;23.1;11.9;0.0
23/05/2006;14.8;23.1;8.6;0.0
24/05/2006;18.3;24.9;12.8;0.2
25/05/2006;20.0;25.9;15.3;0.0
26/05/2006;19.9;26.3;15.3;0.0
27/05/2006;21.4;28.8;15.4;0.0
28/05/2006;22.3;30.2;14.0;0.0
29/05/2006;22.7;30.5;14.9;0.0
30/05/2006;22.0;29.4;14.2;0.0
31/05/2006;21.4;29.0;17.3;0.2
01/06/2006;22.4;30.4;15.1;0.0
02/06/2006;21.7;27.4;17.5;0.0
03/06/2006;21.4;28.3;15.0;0.0
04/06/2006;19.7;22.5;18.2;15.2
05/06/2006;19.7;23.2;17.5;0.4
06/06/2006;21.8;27.9;16.4;0.2
07/06/2006;23.8;30.3;18.8;0.0
08/06/2006;22.7;29.4;17.3;0.0
09/06/2006;22.0;29.5;14.0;0.0
10/06/2006;20.3;26.0;15.4;0.8
11/06/2006;18.3;23.1;13.1;0.2
12/06/2006;17.9;26.8;10.7;0.2
13/06/2006;21.3;29.2;15.4;0.2
14/06/2006;22.0;30.3;15.4;0.0
15/06/2006;20.9;28.9;13.4;0.0
16/06/2006;19.8;27.8;13.0;0.0
17/06/2006;23.0;27.8;18.1;0.2
18/06/2006;20.2;25.7;16.8;0.0
19/06/2006;24.7;29.6;19.5;0.2
20/06/2006;22.7;29.2;16.7;0.0
21/06/2006;22.3;30.5;17.7;0.0
22/06/2006;22.7;30.1;15.6;0.0
23/06/2006;22.5;29.5;16.4;0.0
24/06/2006;21.6;29.2;14.9;0.0
25/06/2006;22.9;30.7;16.3;0.0
26/06/2006;17.1;22.4;9.5;16.0
27/06/2006;10.6;14.6;7.7;0.2
28/06/2006;16.9;21.9;12.2;0.2
29/06/2006;13.4;18.2;11.0;11.8
30/06/2006;16.5;24.4;10.6;0.0
01/07/2006;17.4;23.7;14.0;27.8
02/07/2006;16.1;23.0;11.1;0.2
03/07/2006;18.5;25.9;10.8;0.0
04/07/2006;20.1;28.0;14.3;0.2
05/07/2006;22.8;28.4;16.5;0.0
06/07/2006;20.8;27.8;13.5;0.0
07/07/2006;22.1;30.8;14.7;0.0
08/07/2006;23.3;30.9;16.1;0.0
09/07/2006;24.0;31.7;18.5;1.2
10/07/2006;22.3;29.2;17.6;0.2
11/07/2006;24.7;31.2;19.9;0.0
12/07/2006;24.2;32.5;16.2;0.0
13/07/2006;23.3;30.8;16.8;0.0
14/07/2006;23.0;29.4;18.8;0.2
15/07/2006;20.8;28.8;13.3;0.0
16/07/2006;19.7;27.0;14.1;0.0
17/07/2006;21.1;27.3;15.8;0.0
18/07/2006;19.3;27.9;10.9;0.0
19/07/2006;19.5;28.4;10.7;0.0
20/07/2006;20.4;28.7;11.2;0.0
21/07/2006;22.5;31.7;15.0;0.0
22/07/2006;23.0;31.7;14.9;0.0
23/07/2006;23.7;32.8;13.6;0.0
24/07/2006;23.9;31.1;17.0;0.0
25/07/2006;24.7;33.6;17.5;0.0
26/07/2006;24.5;33.4;15.9;0.0
27/07/2006;25.2;32.5;18.0;0.0
28/07/2006;23.9;32.1;18.9;0.6
29/07/2006;13.8;19.0;9.1;3.2
30/07/2006;10.5;14.3;7.6;0.2
31/07/2006;11.1;15.8;6.1;0.0
01/08/2006;15.7;23.2;10.7;0.0
02/08/2006;21.9;26.4;17.3;0.0
03/08/2006;21.6;29.9;14.5;0.0
04/08/2006;27.0;32.6;20.3;0.0
05/08/2006;28.4;33.6;21.9;0.0
06/08/2006;29.7;35.1;23.4;0.0
07/08/2006;25.9;34.0;19.6;0.0
08/08/2006;24.8;33.6;15.1;0.0
09/08/2006;25.4;33.6;17.2;0.0
10/08/2006;26.3;33.8;19.5;0.0
11/08/2006;25.2;33.3;17.8;0.0
12/08/2006;26.9;36.9;16.4;0.0
13/08/2006;27.7;36.5;19.0;0.0
14/08/2006;27.5;36.3;19.1;0.0
15/08/2006;28.7;36.5;22.3;0.0
16/08/2006;22.9;26.5;15.0;0.0
17/08/2006;15.6;18.7;13.3;0.0
18/08/2006;16.2;20.8;13.0;0.0
19/08/2006;17.0;23.9;10.9;0.0
20/08/2006;17.2;24.5;11.2;0.0
21/08/2006;13.9;22.2;6.5;0.0
22/08/2006;14.8;26.0;3.9;0.0
23/08/2006;18.2;29.1;7.7;0.0
24/08/2006;22.1;33.2;9.8;0.0
25/08/2006;26.1;36.1;15.9;0.0
26/08/2006;20.2;33.3;13.3;16.2
27/08/2006;17.5;24.2;12.1;0.2
28/08/2006;17.7;24.5;12.1;0.0
29/08/2006;16.3;21.5;11.2;0.0
30/08/2006;22.0;27.7;16.4;0.2
31/08/2006;24.8;33.8;16.4;0.0
01/09/2006;24.9;33.6;16.2;20.4
02/09/2006;18.4;24.1;11.1;0.0
03/09/2006;13.3;20.9;7.0;0.0
04/09/2006;12.7;19.2;6.7;0.0
05/09/2006;10.4;18.3;2.9;0.0
06/09/2006;13.7;23.7;3.5;0.0
07/09/2006;19.4;28.4;11.2;0.0
08/09/2006;23.5;25.6;20.8;0.0
09/09/2006;20.3;22.7;17.9;1.0
10/09/2006;21.7;28.3;16.8;0.0
11/09/2006;25.9;34.3;18.5;0.0
12/09/2006;30.5;35.7;21.4;0.0
13/09/2006;31.0;36.5;23.6;0.2
14/09/2006;28.7;37.5;19.3;0.0
15/09/2006;26.9;34.7;19.5;0.0
16/09/2006;18.6;20.7;17.4;1.0
17/09/2006;21.5;28.0;17.8;0.0
18/09/2006;23.8;30.7;17.9;0.0
19/09/2006;25.3;31.6;18.9;0.0
20/09/2006;22.8;31.7;15.3;0.0
21/09/2006;20.6;28.0;13.9;0.0
22/09/2006;24.3;31.6;17.1;0.0
23/09/2006;22.4;32.9;16.3;5.2
24/09/2006;18.7;24.5;15.2;0.0
25/09/2006;21.0;29.9;12.2;0.0
26/09/2006;22.8;30.5;16.8;0.0
27/09/2006;24.2;32.8;16.0;0.0
28/09/2006;21.1;25.4;19.7;29.0
29/09/2006;22.4;26.8;19.5;0.0
30/09/2006;22.8;27.9;19.8;0.8
01/10/2006;22.7;31.3;18.5;9.8
02/10/2006;20.9;25.9;18.6;4.0
03/10/2006;24.4;31.0;17.0;0.2
04/10/2006;24.5;28.2;21.8;0.0
05/10/2006;21.5;31.5;17.6;13.6
06/10/2006;20.7;25.5;16.3;0.0
07/10/2006;23.8;30.8;17.6;0.0
08/10/2006;24.7;31.8;18.7;0.0
09/10/2006;26.5;33.3;19.2;0.0
10/10/2006;27.8;34.2;20.9;0.0
11/10/2006;24.3;29.2;20.1;1.6
12/10/2006;24.8;31.8;19.1;0.2
13/10/2006;26.2;32.8;21.2;0.0
14/10/2006;27.2;33.8;21.1;0.0
15/10/2006;25.1;32.6;20.3;14.4
16/10/2006;22.5;26.7;19.6;0.2
17/10/2006;23.8;26.9;21.1;2.8
18/10/2006;24.0;30.0;20.3;7.9
19/10/2006;26.3;28.4;19.6;0.0
20/10/2006;26.4;32.2;22.0;0.0
21/10/2006;25.2;32.4;19.9;0.0
22/10/2006;26.0;31.6;19.4;0.0
23/10/2006;25.1;32.6;21.7;0.3
24/10/2006;26.1;29.0;21.4;0.0
25/10/2006;28.1;31.8;21.0;0.0
26/10/2006;28.2;34.6;23.1;0.0
27/10/2006;29.1;36.8;21.6;0.0
28/10/2006;28.9;36.6;22.9;0.4
29/10/2006;27.8;36.9;21.5;0.0
30/10/2006;27.1;32.4;23.4;0.0
31/10/2006;24.4;33.9;21.4;14.2
01/11/2006;23.3;29.7;20.7;9.0
02/11/2006;26.2;32.7;21.7;0.6
03/11/2006;25.0;32.8;21.2;7.6
04/11/2006;23.2;28.6;21.3;54.2
05/11/2006;26.5;33.2;20.9;0.2
06/11/2006;25.9;34.0;22.1;0.2
07/11/2006;24.1;28.8;21.2;0.2
08/11/2006;23.9;29.5;18.4;0.0
09/11/2006;19.8;23.8;16.8;4.2
10/11/2006;21.4;28.5;16.0;0.2
11/11/2006;21.4;29.1;12.8;0.0
12/11/2006;22.0;29.1;15.1;0.0
13/11/2006;22.7;29.8;16.3;0.0
14/11/2006;24.2;31.4;17.0;0.0
15/11/2006;26.8;34.7;19.3;0.0
16/11/2006;29.2;36.7;21.2;0.0
17/11/2006;29.9;36.0;24.1;0.0
18/11/2006;30.3;37.5;22.8;0.0
19/11/2006;26.6;35.3;20.9;0.0
20/11/2006;23.6;30.5;19.1;0.0
21/11/2006;26.7;34.7;18.9;0.0
22/11/2006;28.5;35.4;22.6;0.0
23/11/2006;27.3;36.6;21.1;0.0
24/11/2006;24.2;33.7;20.7;23.4
25/11/2006;24.4;30.0;20.5;0.6
26/11/2006;27.4;35.1;20.9;0.0
27/11/2006;26.5;32.6;22.2;0.0
28/11/2006;24.9;29.8;21.4;10.6
29/11/2006;26.5;33.1;20.9;0.2
30/11/2006;27.4;34.7;19.5;0.0
01/12/2006;27.1;33.8;21.4;0.0
02/12/2006;27.4;34.8;21.4;0.0
03/12/2006;27.4;34.1;22.0;0.0
04/12/2006;24.8;33.2;21.4;19.8
05/12/2006;26.1;31.4;22.4;0.0
06/12/2006;26.0;32.8;20.4;6.8
07/12/2006;24.8;31.2;21.4;2.4
08/12/2006;21.9;23.8;20.6;148.4
09/12/2006;24.3;29.7;21.5;1.8
10/12/2006;26.7;33.4;21.5;0.2
11/12/2006;27.1;33.2;21.5;0.0
12/12/2006;26.7;32.4;21.9;0.0
13/12/2006;27.1;32.7;21.5;0.0
14/12/2006;28.8;35.3;22.6;0.0
15/12/2006;27.5;34.8;23.3;0.2
16/12/2006;29.5;36.0;23.3;0.0
17/12/2006;29.2;35.2;24.2;0.0
18/12/2006;29.5;35.2;24.8;0.0
19/12/2006;28.2;34.4;24.9;0.2
20/12/2006;28.7;34.0;24.9;0.0
21/12/2006;24.4;27.6;20.3;24.6
22/12/2006;24.2;30.3;22.1;10.2
23/12/2006;24.1;29.7;22.2;5.0
24/12/2006;27.1;33.1;22.7;0.2
25/12/2006;28.5;34.5;23.0;0.0
26/12/2006;23.8;26.8;21.1;56.8
27/12/2006;25.7;32.7;20.9;0.0
28/12/2006;25.1;31.1;22.1;0.0
29/12/2006;24.0;28.6;20.9;0.0
30/12/2006;25.1;30.1;21.7;0.0
31/12/2006;25.1;30.3;21.9;0.0
01/01/2007;24.5;31.5;21.3;0.4
02/01/2007;24.7;30.0;22.2;1.0
03/01/2007;25.7;32.1;22.3;1.0
04/01/2007;24.0;26.5;22.1;43.4
05/01/2007;26.3;31.4;22.6;1.2
06/01/2007;27.6;34.0;26.5;0.0
07/01/2007;27.8;34.0;20.9;0.0
08/01/2007;26.2;32.4;23.4;1.8
09/01/2007;25.5;32.0;23.2;5.6
10/01/2007;27.5;32.7;23.7;0.8
11/01/2007;26.8;33.0;23.3;2.8
12/01/2007;25.7;32.3;22.6;14.2
13/01/2007;24.8;30.3;22.5;16.6
14/01/2007;27.0;32.3;22.8;0.0
15/01/2007;26.0;31.5;21.1;0.0
16/01/2007;25.0;31.1;20.6;8.0
17/01/2007;23.7;27.7;22.2;49.6
18/01/2007;27.3;32.6;22.7;0.2
19/01/2007;28.1;33.8;23.5;0.0
20/01/2007;22.4;27.3;19.9;16.8
21/01/2007;24.0;28.7;18.7;0.0
22/01/2007;25.5;33.0;21.3;0.0
23/01/2007;25.5;31.6;21.7;0.6
24/01/2007;26.5;31.5;20.9;0.0
25/01/2007;25.4;31.7;22.8;2.2
26/01/2007;26.8;32.1;22.6;7.0
27/01/2007;27.2;31.9;22.6;2.6
28/01/2007;23.5;25.4;20.5;11.4
29/01/2007;25.7;31.9;20.4;0.0
30/01/2007;24.4;29.1;21.3;0.0
31/01/2007;25.7;32.4;19.6;0.0
01/02/2007;27.9;33.8;22.4;0.0
02/02/2007;26.6;34.6;22.1;0.0
03/02/2007;26.9;32.4;20.9;0.0
04/02/2007;27.5;33.2;22.5;0.0
05/02/2007;26.2;31.9;23.2;6.8
06/02/2007;27.3;33.8;21.3;66.4
07/02/2007;24.1;30.1;19.8;34.2
08/02/2007;26.4;33.0;20.8;0.2
09/02/2007;26.7;32.4;23.0;0.0
10/02/2007;24.7;30.1;22.6;40.4
11/02/2007;24.9;30.8;22.5;3.4
12/02/2007;24.6;29.9;21.1;0.4
13/02/2007;24.3;30.6;19.3;0.0
14/02/2007;24.2;30.6;17.6;0.0
15/02/2007;25.5;32.3;17.9;0.0
16/02/2007;25.2;30.9;22.2;2.4
17/02/2007;26.1;31.5;23.3;0.4
18/02/2007;23.8;29.7;20.5;23.0
19/02/2007;22.9;28.7;20.3;18.4
20/02/2007;23.6;29.7;21.6;7.4
21/02/2007;24.2;30.4;21.5;6.8
22/02/2007;26.0;33.0;21.1;5.2
23/02/2007;26.7;33.6;22.0;1.0
24/02/2007;26.2;32.8;22.7;0.4
25/02/2007;27.1;34.5;21.2;0.2
26/02/2007;25.3;32.4;19.1;0.0
27/02/2007;26.4;33.6;20.9;0.0
28/02/2007;26.7;33.8;22.1;5.6
01/03/2007;27.5;34.3;22.2;0.0
02/03/2007;24.4;32.2;21.2;39.2
03/03/2007;25.0;32.5;20.8;0.0
04/03/2007;27.1;34.1;20.2;0.0
05/03/2007;27.8;34.8;20.7;0.0
06/03/2007;28.0;34.8;20.5;0.0
07/03/2007;27.8;35.7;22.4;0.0
08/03/2007;27.9;35.3;21.9;0.0
09/03/2007;28.3;36.1;21.5;0.0
10/03/2007;24.7;33.6;21.4;2.4
11/03/2007;23.2;31.4;20.1;8.4
12/03/2007;24.6;33.6;20.5;0.2
13/03/2007;25.0;33.0;22.0;20.6
14/03/2007;26.3;33.8;21.5;15.2
15/03/2007;24.8;32.7;21.7;23.6
16/03/2007;25.3;32.1;21.5;0.0
17/03/2007;23.7;30.3;20.8;15.2
18/03/2007;22.3;28.3;16.4;0.0
19/03/2007;20.4;27.5;14.6;0.0
20/03/2007;22.2;29.5;15.1;0.0
21/03/2007;23.7;30.6;16.5;0.0
22/03/2007;25.6;32.6;17.8;0.0
23/03/2007;27.4;34.6;22.8;0.0
24/03/2007;26.5;32.8;21.2;0.0
25/03/2007;27.4;34.7;21.1;0.0
26/03/2007;28.7;35.7;22.5;0.0
27/03/2007;29.0;36.0;22.8;0.0
28/03/2007;28.9;36.0;21.9;0.0
29/03/2007;28.5;36.2;21.0;0.0
30/03/2007;28.5;36.9;21.5;0.0
31/03/2007;26.8;36.0;21.3;0.8
01/04/2007;27.4;35.4;20.6;0.0
02/04/2007;28.4;35.7;21.3;0.0
03/04/2007;27.7;36.1;22.1;0.0
04/04/2007;25.9;34.1;21.2;0.2
05/04/2007;25.5;33.6;19.7;0.0
06/04/2007;24.7;33.1;20.5;5.0
07/04/2007;22.6;30.3;19.2;3.8
08/04/2007;21.3;27.4;16.8;0.2
09/04/2007;20.9;27.3;15.5;0.0
10/04/2007;22.5;30.0;14.4;0.0
11/04/2007;25.6;33.1;18.3;0.0
12/04/2007;21.8;26.7;19.5;14.0
13/04/2007;23.4;29.2;19.1;0.0
14/04/2007;26.3;32.7;21.6;0.0
15/04/2007;24.4;29.0;20.2;0.0
16/04/2007;25.6;33.3;18.8;0.0
17/04/2007;25.8;33.0;20.0;0.0
18/04/2007;24.8;31.8;17.9;0.0
19/04/2007;25.2;32.7;19.4;0.0
20/04/2007;25.7;32.9;19.7;0.0
21/04/2007;25.8;31.7;20.0;0.0
22/04/2007;25.6;33.1;20.2;2.2
23/04/2007;25.7;31.5;21.5;0.0
24/04/2007;26.5;34.4;20.4;0.0
25/04/2007;26.6;33.6;22.7;0.0
26/04/2007;22.5;30.3;16.6;20.8
27/04/2007;17.1;23.1;12.6;0.0
28/04/2007;18.4;23.1;12.1;0.0
29/04/2007;21.3;26.0;17.3;0.0
30/04/2007;24.6;31.5;19.1;0.0
01/05/2007;27.5;32.6;22.6;0.0
02/05/2007;26.1;33.5;19.6;0.0
03/05/2007;25.6;32.7;19.3;0.0
04/05/2007;23.8;30.0;19.7;0.0
05/05/2007;24.3;31.7;17.7;0.0
06/05/2007;25.4;33.1;17.3;0.0
07/05/2007;25.3;33.1;18.1;0.0
08/05/2007;15.3;23.4;10.3;24.8
09/05/2007;11.3;18.0;6.6;0.0
10/05/2007;14.1;22.2;4.6;0.0
11/05/2007;19.3;26.8;13.6;0.0
12/05/2007;22.0;29.7;15.0;0.0
13/05/2007;23.6;31.7;17.2;0.0
14/05/2007;21.7;27.9;16.3;0.0
15/05/2007;23.4;30.1;15.8;0.0
16/05/2007;25.3;32.5;18.5;0.0
17/05/2007;21.8;25.3;18.1;1.0
18/05/2007;21.8;25.3;18.1;1.0
19/05/2007;19.1;24.1;15.6;2.8
20/05/2007;21.6;26.9;17.3;0.0
21/05/2007;22.6;29.6;18.9;1.6
22/05/2007;20.0;25.3;16.5;23.0
23/05/2007;14.4;18.3;8.0;0.0
24/05/2007;10.5;16.7;5.8;0.0
25/05/2007;11.8;20.1;3.8;0.0
26/05/2007;14.3;20.8;6.2;0.0
27/05/2007;17.8;25.7;12.0;0.0
28/05/2007;15.0;21.7;8.9;0.0
29/05/2007;10.7;16.1;5.9;0.0
30/05/2007;10.7;17.3;3.9;0.0
31/05/2007;15.6;21.5;11.1;0.0
01/06/2007;20.1;28.8;13.1;0.6
02/06/2007;14.8;16.6;13.4;6.6
03/06/2007;13.6;19.5;7.7;0.0
04/06/2007;11.5;20.2;3.8;0.0
05/06/2007;14.4;23.9;2.8;0.0
06/06/2007;19.8;29.1;10.9;0.0
07/06/2007;21.9;30.2;14.0;0.0
08/06/2007;22.3;30.1;14.8;0.0
09/06/2007;22.7;31.8;14.4;0.0
10/06/2007;23.3;31.6;16.4;0.0
11/06/2007;21.8;30.4;14.0;0.0
12/06/2007;21.5;30.1;13.3;0.0
13/06/2007;22.4;31.8;15.2;0.0
14/06/2007;22.3;31.1;13.1;0.0
15/06/2007;22.9;30.9;16.2;0.0
16/06/2007;15.4;21.8;11.2;0.0
17/06/2007;19.6;28.4;11.0;0.0
18/06/2007;22.4;30.7;14.5;0.0
19/06/2007;22.3;31.9;13.2;0.0
20/06/2007;23.6;31.7;15.5;0.0
21/06/2007;23.0;30.9;15.1;0.0
22/06/2007;23.0;30.9;15.1;0.0
23/06/2007;21.6;31.6;11.5;0.0
24/06/2007;20.9;30.9;13.4;0.0
25/06/2007;17.9;26.2;11.5;0.0
26/06/2007;20.3;28.5;13.5;0.0
27/06/2007;17.5;23.4;10.4;0.0
28/06/2007;14.3;22.4;9.8;0.0
29/06/2007;14.5;24.3;7.6;0.0
30/06/2007;22.2;27.4;14.7;0.0
01/07/2007;18.8;27.9;10.0;0.0
02/07/2007;19.9;28.6;11.2;0.0
03/07/2007;20.8;29.5;10.9;0.0
04/07/2007;21.6;30.3;13.9;0.0
05/07/2007;23.2;32.0;15.2;0.0
06/07/2007;24.0;32.5;17.0;0.0
07/07/2007;24.3;32.5;17.4;0.0
08/07/2007;24.7;33.1;18.3;0.0
09/07/2007;18.9;25.9;12.5;0.0
10/07/2007;11.3;13.6;8.2;0.0
11/07/2007;9.8;15.4;7.2;0.0
12/07/2007;14.6;21.9;8.2;0.0
13/07/2007;19.5;28.2;10.3;0.0
14/07/2007;21.0;28.8;16.0;0.4
15/07/2007;18.3;22.7;15.6;9.0
16/07/2007;18.2;22.3;15.5;15.8
17/07/2007;18.4;21.1;17.0;5.4
18/07/2007;15.3;23.3;8.7;0.0
19/07/2007;13.5;22.6;5.6;0.0
20/07/2007;17.5;27.2;8.2;0.0
21/07/2007;22.4;31.6;15.2;0.0
22/07/2007;24.1;32.1;18.6;45.0
23/07/2007;15.0;20.2;10.3;0.4
24/07/2007;14.0;20.6;8.2;47.6
25/07/2007;10.9;17.5;5.8;0.0
26/07/2007;10.0;17.2;3.6;0.0
27/07/2007;11.8;21.6;3.1;0.0
28/07/2007;13.3;22.6;4.7;0.0
29/07/2007;12.9;20.5;6.7;0.0
30/07/2007;12.9;18.2;8.6;0.0
31/07/2007;17.4;27.0;8.2;0.0
01/08/2007;22.9;32.2;14.1;0.0
02/08/2007;24.2;33.1;17.1;0.0
03/08/2007;17.4;28.8;10.4;0.0
04/08/2007;11.3;14.4;9.3;0.0
05/08/2007;13.6;21.1;8.7;0.0
06/08/2007;20.9;30.1;11.5;0.0
07/08/2007;16.1;23.1;10.5;0.0
08/08/2007;20.3;31.0;9.4;0.0
09/08/2007;24.3;30.7;15.7;0.0
10/08/2007;22.0;32.3;11.7;0.0
11/08/2007;16.7;25.0;10.9;0.0
12/08/2007;21.1;29.7;12.7;0.0
13/08/2007;24.1;32.7;16.9;0.0
14/08/2007;24.6;33.3;15.2;0.0
15/08/2007;24.1;33.2;15.4;0.0
16/08/2007;23.4;31.9;13.1;0.0
17/08/2007;20.1;29.9;12.5;0.0
18/08/2007;16.0;24.3;11.3;0.0
19/08/2007;13.6;20.9;9.3;0.0
20/08/2007;13.8;20.7;9.7;0.0
21/08/2007;17.2;27.7;7.8;0.0
22/08/2007;23.4;32.7;13.1;0.0
23/08/2007;25.5;34.9;17.2;0.0
24/08/2007;26.5;36.2;18.7;0.0
25/08/2007;26.5;34.6;19.4;0.0
26/08/2007;17.9;26.4;11.9;0.0
27/08/2007;10.2;12.4;7.9;7.8
28/08/2007;9.5;10.8;7.8;20.2
29/08/2007;15.2;20.2;10.5;6.8
30/08/2007;19.2;26.1;13.6;0.2
31/08/2007;21.9;30.7;14.9;0.0
01/09/2007;24.3;34.1;15.6;0.0
02/09/2007;25.0;34.7;15.8;0.0
03/09/2007;25.4;35.3;14.4;0.0
04/09/2007;26.2;34.5;15.8;0.0
05/09/2007;27.2;34.4;21.8;0.0
06/09/2007;26.0;34.8;18.5;0.0
07/09/2007;26.6;34.6;18.9;0.0
08/09/2007;26.7;35.1;16.4;0.0
09/09/2007;26.9;35.2;19.1;0.0
10/09/2007;26.7;35.1;19.5;0.0
11/09/2007;26.3;34.4;18.4;0.0
12/09/2007;25.4;32.2;18.3;0.0
13/09/2007;26.3;35.6;17.8;0.0
14/09/2007;27.8;37.2;19.3;0.0
15/09/2007;23.9;31.1;18.9;0.0
16/09/2007;24.2;32.3;17.4;0.0
17/09/2007;26.3;35.0;18.3;0.0
18/09/2007;26.8;35.0;19.9;0.0
19/09/2007;26.0;34.6;18.7;0.0
20/09/2007;28.5;36.5;20.9;0.0
21/09/2007;28.7;37.6;21.8;0.0
22/09/2007;25.9;31.5;22.3;0.0
23/09/2007;27.8;36.8;17.3;0.0
24/09/2007;16.6;21.8;11.7;0.0
25/09/2007;17.1;25.3;9.8;0.0
26/09/2007;20.1;28.5;12.5;0.0
27/09/2007;24.6;33.4;16.7;0.0
28/09/2007;26.8;34.9;19.7;0.0
29/09/2007;22.9;28.5;19.3;0.6
30/09/2007;19.8;24.3;16.4;8.0
01/10/2007;23.5;31.7;16.0;0.0
02/10/2007;26.7;35.0;19.6;0.0
03/10/2007;26.9;34.1;20.3;0.0
04/10/2007;27.8;36.0;19.3;0.0
05/10/2007;28.1;37.2;19.7;0.0
06/10/2007;27.3;34.5;21.9;0.0
07/10/2007;24.6;29.9;20.5;0.0
08/10/2007;29.0;35.7;22.8;0.0
09/10/2007;27.6;32.0;23.3;0.0
10/10/2007;29.1;39.0;20.0;0.0
11/10/2007;26.5;33.5;20.1;0.0
12/10/2007;25.1;34.0;20.3;32.6
13/10/2007;20.1;23.1;17.1;0.0
14/10/2007;22.4;29.4;18.9;13.0
15/10/2007;23.3;28.1;20.4;2.4
16/10/2007;23.0;32.5;18.5;0.2
17/10/2007;22.9;30.5;16.8;0.0
18/10/2007;19.6;24.2;17.7;30.2
19/10/2007;22.6;28.7;17.3;0.0
20/10/2007;27.3;35.6;17.3;0.0
21/10/2007;23.4;34.9;18.7;0.0
22/10/2007;23.4;29.7;17.1;0.0
23/10/2007;24.0;31.2;20.5;7.0
24/10/2007;19.9;20.9;19.1;12.0
25/10/2007;22.7;28.7;18.8;0.2
26/10/2007;25.2;31.8;19.1;0.0
27/10/2007;27.9;34.8;20.1;0.0
28/10/2007;29.5;37.1;21.3;0.0
29/10/2007;30.2;38.1;22.3;0.0
30/10/2007;27.9;32.5;22.2;0.0
31/10/2007;30.0;37.0;23.3;0.0
01/11/2007;25.9;33.9;21.1;17.6
02/11/2007;22.5;30.0;17.3;6.4
03/11/2007;18.3;20.4;16.8;36.0
04/11/2007;22.1;28.9;17.1;0.0
05/11/2007;23.5;30.5;16.4;0.0
06/11/2007;24.7;32.1;16.8;0.0
07/11/2007;25.7;33.7;16.2;0.0
08/11/2007;26.5;35.6;20.3;0.0
09/11/2007;26.9;33.6;18.2;12.8
10/11/2007;24.4;33.3;18.7;92.2
11/11/2007;20.1;24.8;15.3;8.6
12/11/2007;21.7;29.7;13.5;0.0
13/11/2007;24.3;31.9;20.0;2.0
14/11/2007;21.0;32.1;16.8;11.2
15/11/2007;22.3;26.8;16.7;0.0
16/11/2007;23.3;30.5;15.6;0.0
17/11/2007;26.2;33.6;19.2;0.0
18/11/2007;29.7;36.1;22.1;0.0
19/11/2007;21.7;27.8;18.9;4.6
20/11/2007;24.5;31.1;17.6;0.0
21/11/2007;26.6;34.0;19.3;0.0
22/11/2007;25.9;33.1;19.6;0.0
23/11/2007;26.4;32.2;19.8;0.0
24/11/2007;24.3;28.1;21.1;0.0
25/11/2007;25.8;31.9;20.6;0.0
26/11/2007;25.9;32.3;22.7;11.2
27/11/2007;26.9;33.8;20.9;0.0
28/11/2007;27.6;34.5;21.3;0.0
29/11/2007;25.6;33.4;21.3;5.2
30/11/2007;27.0;34.1;19.4;0.0
01/12/2007;28.3;35.6;19.4;0.0
02/12/2007;28.9;36.3;19.8;0.0
03/12/2007;28.6;35.4;19.9;0.0
04/12/2007;24.5;30.9;21.3;7.8
05/12/2007;23.8;28.5;21.7;7.0
06/12/2007;25.4;28.6;20.8;0.0
07/12/2007;25.5;31.5;19.3;0.0
08/12/2007;25.6;31.7;22.1;7.4
09/12/2007;27.7;31.5;24.1;0.0
10/12/2007;26.2;33.3;22.8;0.0
11/12/2007;23.0;24.7;21.8;26.8
12/12/2007;25.6;31.3;20.6;0.0
13/12/2007;24.2;28.5;21.5;0.0
14/12/2007;27.0;31.1;23.1;0.0
15/12/2007;25.5;31.1;21.1;0.0
16/12/2007;26.8;33.2;20.1;0.0
17/12/2007;26.6;33.0;21.6;0.0
18/12/2007;25.5;30.9;20.3;0.0
19/12/2007;24.6;30.6;18.9;0.0
20/12/2007;24.4;32.4;15.6;0.0
21/12/2007;25.0;32.4;15.8;0.0
22/12/2007;26.4;33.7;16.6;0.0
23/12/2007;27.9;35.7;18.7;0.0
24/12/2007;25.7;32.8;20.5;0.0
25/12/2007;25.9;33.6;18.6;0.0
26/12/2007;24.7;33.6;20.5;24.0
27/12/2007;24.5;30.8;19.1;62.4
28/12/2007;24.8;31.4;20.4;0.0
29/12/2007;24.7;31.4;21.3;2.6
30/12/2007;25.3;32.5;21.3;1.8
31/12/2007;23.9;30.9;20.1;0.0
01/01/2008;25.6;31.8;20.8;0.4
02/01/2008;26.0;31.9;21.1;9.2
03/01/2008;25.5;32.3;22.3;0.2
04/01/2008;24.4;29.1;19.6;51.0
05/01/2008;25.1;30.5;21.4;0.0
06/01/2008;26.7;33.3;21.8;0.0
07/01/2008;26.5;33.8;18.7;0.0
08/01/2008;27.3;33.6;21.1;0.0
09/01/2008;26.9;33.8;21.0;0.0
10/01/2008;27.4;33.2;21.7;0.0
11/01/2008;24.4;31.8;21.6;39.4
12/01/2008;23.9;28.0;21.9;9.2
13/01/2008;26.8;32.2;23.2;0.0
14/01/2008;26.8;32.2;23.2;0.0
15/01/2008;25.8;30.8;21.8;0.0
16/01/2008;25.4;31.6;20.9;3.0
17/01/2008;25.6;31.9;22.4;0.6
18/01/2008;27.0;33.1;22.6;0.0
19/01/2008;24.5;29.5;21.7;6.6
20/01/2008;23.1;25.9;21.1;21.0
21/01/2008;24.0;29.1;21.1;3.4
22/01/2008;24.2;28.6;20.6;0.6
23/01/2008;23.9;28.6;19.7;0.0
24/01/2008;24.6;28.4;21.6;0.0
25/01/2008;24.9;28.1;22.6;9.4
26/01/2008;23.4;27.3;21.6;24.8
27/01/2008;21.2;23.0;19.4;31.8
28/01/2008;22.3;25.9;19.8;1.2
29/01/2008;23.0;28.8;20.4;0.0
30/01/2008;24.5;30.7;19.8;2.4
31/01/2008;25.5;31.5;20.7;0.4
01/02/2008;26.0;31.8;20.2;0.0
02/02/2008;25.7;31.8;20.1;0.0
03/02/2008;25.0;31.7;19.1;0.0
04/02/2008;24.9;32.1;18.0;0.0
05/02/2008;23.8;32.6;18.3;0.0
06/02/2008;25.0;32.0;17.5;0.0
07/02/2008;25.5;33.8;19.9;3.8
08/02/2008;26.6;33.1;20.2;0.0
09/02/2008;23.9;32.9;20.8;17.4
10/02/2008;22.5;31.8;19.9;24.8
11/02/2008;21.9;25.8;19.7;2.6
12/02/2008;23.7;29.1;18.8;0.2
13/02/2008;25.1;31.8;18.8;0.0
14/02/2008;26.1;34.1;20.5;0.0
15/02/2008;25.5;32.1;19.7;0.0
16/02/2008;26.1;32.0;20.9;0.0
17/02/2008;27.0;33.4;21.8;0.6
18/02/2008;25.3;34.4;21.6;22.4
19/02/2008;24.2;32.1;21.4;26.8
20/02/2008;24.9;31.4;21.7;3.2
21/02/2008;24.5;32.5;20.6;25.4
22/02/2008;24.5;31.5;20.9;4.0
23/02/2008;24.0;29.9;21.7;5.8
24/02/2008;25.1;31.5;21.3;3.0
25/02/2008;26.1;32.3;20.8;10.2
26/02/2008;23.8;29.5;20.9;8.0
27/02/2008;23.3;26.1;20.8;41.6
28/02/2008;23.9;30.4;21.1;49.6
29/02/2008;24.7;30.8;21.3;1.8
01/03/2008;25.2;31.9;19.5;0.0
02/03/2008;25.9;33.3;19.0;0.0
03/03/2008;25.0;33.6;17.4;0.0
04/03/2008;24.7;32.3;18.4;0.0
05/03/2008;24.1;31.8;17.2;0.0
06/03/2008;24.7;32.4;17.6;0.0
07/03/2008;24.9;33.4;19.0;0.0
08/03/2008;23.9;30.3;20.7;2.0
09/03/2008;23.9;28.6;20.6;0.6
10/03/2008;24.6;28.8;22.1;2.4
11/03/2008;25.0;31.1;21.4;5.6
12/03/2008;24.6;29.2;21.6;0.0
13/03/2008;25.6;31.5;20.9;0.0
14/03/2008;22.4;30.7;17.7;35.2
15/03/2008;23.2;29.7;17.8;0.0
16/03/2008;23.1;30.7;17.4;0.0
17/03/2008;23.8;31.9;17.6;0.0
18/03/2008;23.2;31.3;17.1;0.0
19/03/2008;23.7;30.7;18.3;0.0
20/03/2008;23.4;29.7;19.2;1.4
21/03/2008;23.7;31.0;19.1;17.2
22/03/2008;24.1;33.0;19.3;33.4
23/03/2008;24.7;32.4;17.8;0.2
24/03/2008;26.3;33.6;20.0;0.0
25/03/2008;26.2;32.8;20.5;0.0
26/03/2008;26.0;32.7;21.1;0.0
27/03/2008;26.8;33.4;21.2;0.0
28/03/2008;25.2;32.8;20.9;0.0
29/03/2008;25.5;34.3;19.4;1.8
30/03/2008;25.6;31.5;20.8;0.0
31/03/2008;23.4;27.4;19.9;0.0
01/04/2008;23.4;29.0;19.9;2.2
02/04/2008;22.0;26.0;19.8;12.8
03/04/2008;21.2;26.2;16.5;0.0
04/04/2008;19.8;28.4;11.1;0.0
05/04/2008;21.5;30.1;14.7;0.0
06/04/2008;23.2;30.9;15.7;0.0
07/04/2008;24.8;32.0;17.8;0.0
08/04/2008;24.9;33.1;17.1;0.0
09/04/2008;25.6;33.4;17.7;0.0
10/04/2008;26.9;34.7;20.1;0.0
11/04/2008;27.8;34.9;21.1;0.0
12/04/2008;27.8;35.0;22.4;0.0
13/04/2008;25.8;33.5;20.9;1.2
14/04/2008;17.8;23.6;13.0;31.8
15/04/2008;17.9;25.1;11.2;0.0
16/04/2008;19.6;23.6;16.0;2.0
17/04/2008;23.2;29.5;18.7;0.0
18/04/2008;23.6;30.8;19.6;32.6
19/04/2008;19.6;22.0;16.9;15.4
20/04/2008;19.6;24.9;16.2;0.2
21/04/2008;21.8;28.9;16.4;0.0
22/04/2008;23.0;29.9;17.7;0.0
23/04/2008;22.3;30.2;16.2;0.0
24/04/2008;21.9;29.9;14.9;0.0
25/04/2008;23.8;31.9;16.0;0.0
26/04/2008;24.9;32.1;18.5;0.0
27/04/2008;26.0;32.9;20.2;0.0
28/04/2008;26.7;33.4;21.4;0.0
29/04/2008;22.7;29.7;16.1;6.6
30/04/2008;17.6;21.5;13.1;0.0
01/05/2008;15.9;20.1;12.3;12.8
02/05/2008;13.0;16.2;10.1;0.2
03/05/2008;13.9;17.5;9.3;0.0
04/05/2008;15.8;19.3;11.8;0.0
05/05/2008;16.1;22.6;11.1;0.0
06/05/2008;15.9;24.0;11.9;0.0
07/05/2008;18.8;26.8;9.8;0.0
08/05/2008;19.8;24.3;16.5;0.0
09/05/2008;19.3;26.3;13.5;0.0
10/05/2008;19.5;26.2;12.7;0.0
11/05/2008;20.4;24.9;17.6;0.0
12/05/2008;18.2;22.0;15.2;1.0
13/05/2008;19.0;25.1;14.8;0.6
14/05/2008;18.6;25.0;12.6;0.0
15/05/2008;20.2;26.5;14.4;0.0
16/05/2008;20.4;25.9;16.3;0.8
17/05/2008;20.5;26.8;14.7;0.0
18/05/2008;22.4;30.3;15.0;0.0
19/05/2008;24.4;32.2;18.3;0.0
20/05/2008;24.4;31.1;17.8;0.0
21/05/2008;23.4;30.4;15.8;0.0
22/05/2008;22.3;30.4;14.1;0.0
23/05/2008;21.5;29.9;13.3;0.0
24/05/2008;22.0;30.2;14.2;0.0
25/05/2008;21.9;29.6;16.2;0.0
26/05/2008;22.4;29.4;15.8;0.0
27/05/2008;23.1;31.1;16.8;0.0
28/05/2008;23.4;30.2;18.9;9.0
29/05/2008;13.6;20.8;8.6;14.4
30/05/2008;10.5;14.6;7.2;0.0
31/05/2008;12.2;15.7;9.3;1.6
01/06/2008;15.3;18.7;12.1;0.0
02/06/2008;18.2;24.2;13.6;0.0
03/06/2008;18.5;24.1;14.6;2.6
04/06/2008;19.4;24.8;15.9;0.0
05/06/2008;21.4;28.6;16.1;0.0
06/06/2008;21.8;29.6;13.6;0.0
07/06/2008;21.8;29.8;14.8;0.0
08/06/2008;21.6;28.8;16.3;0.0
09/06/2008;21.6;30.1;15.6;8.2
10/06/2008;12.9;18.1;8.9;0.0
11/06/2008;14.6;20.4;8.3;0.0
12/06/2008;18.7;25.8;14.2;0.8
13/06/2008;20.0;25.6;16.5;1.0
14/06/2008;22.7;29.2;13.3;0.0
15/06/2008;16.5;20.0;7.1;0.2
16/06/2008;9.3;17.7;2.7;0.0
17/06/2008;12.4;22.3;2.4;0.0
18/06/2008;18.6;27.6;8.7;0.0
19/06/2008;21.9;29.9;14.8;0.0
20/06/2008;21.5;29.4;13.6;0.0
21/06/2008;12.7;17.2;10.2;0.0
22/06/2008;11.6;15.2;8.9;1.2
23/06/2008;15.8;21.9;11.6;0.0
24/06/2008;17.6;22.9;13.1;0.0
25/06/2008;18.9;25.1;15.1;0.0
26/06/2008;18.3;24.2;13.7;0.0
27/06/2008;20.1;26.9;15.3;0.0
28/06/2008;16.0;21.4;10.3;0.0
29/06/2008;15.3;24.5;8.9;0.0
30/06/2008;17.1;27.5;6.2;0.0
01/07/2008;20.5;29.2;11.6;0.0
02/07/2008;22.4;29.5;15.8;0.0
03/07/2008;21.4;29.1;14.3;0.0
04/07/2008;20.0;29.3;10.9;0.0
05/07/2008;20.5;28.4;14.4;0.0
06/07/2008;21.0;30.0;13.3;0.0
07/07/2008;22.3;31.3;13.7;0.0
08/07/2008;20.9;27.7;15.6;0.0
09/07/2008;24.0;29.3;17.7;0.2
10/07/2008;19.7;27.3;14.6;0.0
11/07/2008;18.8;26.2;12.0;0.0
12/07/2008;20.3;29.1;12.5;0.0
13/07/2008;21.8;30.6;13.7;0.0
14/07/2008;20.5;28.4;13.3;0.0
15/07/2008;19.2;27.7;11.8;0.0
16/07/2008;20.8;28.9;13.5;0.0
17/07/2008;21.3;30.3;13.9;0.0
18/07/2008;21.2;30.7;12.2;0.0
19/07/2008;21.7;30.9;12.7;0.0
20/07/2008;23.4;33.0;15.4;0.0
21/07/2008;23.8;33.6;15.4;0.0
22/07/2008;23.4;33.3;16.5;6.0
23/07/2008;22.2;30.9;15.8;0.0
24/07/2008;20.2;26.6;17.1;23.6
25/07/2008;18.4;24.3;15.0;0.0
26/07/2008;21.5;29.5;14.8;0.0
27/07/2008;22.0;30.5;14.9;0.0
28/07/2008;23.5;33.0;15.5;0.0
29/07/2008;23.5;32.4;14.1;0.0
30/07/2008;21.6;31.8;15.2;0.0
31/07/2008;17.9;20.6;16.2;0.8
01/08/2008;19.1;24.4;15.8;1.0
02/08/2008;19.7;26.0;16.2;30.6
03/08/2008;17.6;22.3;10.5;0.2
04/08/2008;16.8;25.3;6.6;0.0
05/08/2008;20.4;32.4;14.3;13.0
06/08/2008;23.3;31.1;16.9;0.0
07/08/2008;24.4;33.5;18.8;0.4
08/08/2008;19.4;20.2;18.9;39.4
09/08/2008;18.8;21.2;16.3;5.6
10/08/2008;18.8;24.0;15.3;0.0
11/08/2008;22.7;31.5;15.2;0.0
12/08/2008;24.6;34.1;18.0;0.2
13/08/2008;18.3;21.7;15.8;1.0
14/08/2008;21.2;29.9;15.9;0.0
15/08/2008;18.5;23.9;15.9;6.8
16/08/2008;23.9;33.5;15.9;0.0
17/08/2008;25.3;33.9;17.2;0.0
18/08/2008;24.9;34.8;15.9;0.0
19/08/2008;24.4;33.8;15.4;0.0
20/08/2008;24.8;34.1;15.6;0.0
21/08/2008;24.4;33.6;15.5;0.0
22/08/2008;21.6;29.3;16.9;0.0
23/08/2008;22.0;31.3;14.1;0.0
24/08/2008;23.5;32.3;16.8;0.0
25/08/2008;24.2;33.8;15.0;0.0
26/08/2008;24.8;33.8;15.5;0.0
27/08/2008;26.0;34.4;16.7;0.0
28/08/2008;23.7;35.7;15.6;0.6
29/08/2008;16.5;23.8;10.1;0.0
30/08/2008;16.2;25.7;6.8;0.0
31/08/2008;18.6;27.5;11.0;0.0
01/09/2008;22.2;31.8;12.9;0.0
02/09/2008;26.8;36.7;15.6;0.0
03/09/2008;27.6;37.9;17.7;0.0
04/09/2008;27.2;36.3;15.1;0.0
05/09/2008;15.2;24.4;9.7;0.4
06/09/2008;11.3;18.3;5.8;1.4
07/09/2008;12.2;20.5;4.4;0.0
08/09/2008;19.6;29.9;9.4;0.0
09/09/2008;25.8;35.5;16.1;0.0
10/09/2008;29.1;38.5;22.2;0.0
11/09/2008;29.7;38.6;19.4;0.0
12/09/2008;21.1;27.0;16.4;7.0
13/09/2008;15.4;19.5;11.7;0.2
14/09/2008;16.8;24.8;9.3;0.0
15/09/2008;18.7;27.3;11.9;0.0
16/09/2008;18.4;27.4;8.6;0.0
17/09/2008;19.6;28.1;10.3;0.0
18/09/2008;20.2;27.1;14.4;0.0
19/09/2008;19.9;27.5;14.6;0.0
20/09/2008;17.2;20.7;14.0;16.0
21/09/2008;15.5;21.1;9.6;0.0
22/09/2008;15.1;23.1;6.2;0.0
23/09/2008;17.9;26.5;9.6;0.0
24/09/2008;20.0;28.5;11.7;0.0
25/09/2008;18.3;23.0;14.6;0.0
26/09/2008;21.3;29.6;13.3;0.0
27/09/2008;22.8;31.2;13.4;0.0
28/09/2008;23.5;30.9;16.8;0.0
29/09/2008;24.1;33.9;17.7;4.0
30/09/2008;23.6;32.3;17.7;7.6
01/10/2008;26.0;34.5;19.8;0.0
02/10/2008;24.0;29.6;20.6;0.0
03/10/2008;25.0;30.5;20.5;0.0
04/10/2008;24.0;31.7;16.3;44.0
05/10/2008;18.4;22.1;15.9;1.6
06/10/2008;19.3;24.8;15.0;0.0
07/10/2008;21.4;28.4;14.8;0.0
08/10/2008;21.8;29.5;13.7;0.0
09/10/2008;21.2;28.3;13.8;0.0
10/10/2008;21.8;28.9;16.9;3.6
11/10/2008;22.4;28.1;18.1;1.2
12/10/2008;25.9;33.4;18.9;0.0
13/10/2008;28.4;36.3;20.6;0.0
14/10/2008;29.4;36.6;23.7;0.0
15/10/2008;29.3;39.2;21.5;0.0
16/10/2008;25.8;35.6;20.1;13.4
17/10/2008;24.7;32.4;18.5;6.2
18/10/2008;20.3;23.3;18.4;0.0
19/10/2008;21.2;26.0;15.3;0.0
20/10/2008;24.3;29.7;19.6;0.0
21/10/2008;26.4;32.8;20.1;0.0
22/10/2008;26.2;33.2;20.6;0.4
23/10/2008;28.9;35.3;22.2;0.0
24/10/2008;29.2;35.9;23.6;0.0
25/10/2008;30.3;38.0;23.3;0.0
26/10/2008;29.0;36.0;23.1;0.0
27/10/2008;25.9;33.6;22.1;0.0
28/10/2008;28.8;37.1;21.6;0.0
29/10/2008;26.5;38.1;19.1;1.4
30/10/2008;20.5;22.8;18.9;30.8
31/10/2008;25.1;31.5;18.3;1.2
01/11/2008;25.6;31.3;21.8;2.8
02/11/2008;20.8;25.5;18.4;49.4
03/11/2008;22.9;28.1;17.9;0.0
04/11/2008;21.4;24.3;18.4;11.8
05/11/2008;23.6;28.3;20.2;2.4
06/11/2008;21.0;26.0;18.8;26.0
07/11/2008;23.8;30.0;19.2;0.0
08/11/2008;23.1;28.4;20.3;5.4
09/11/2008;20.1;22.8;18.1;19.4
10/11/2008;24.0;31.5;16.9;0.2
11/11/2008;26.1;33.3;20.2;0.0
12/11/2008;25.0;32.0;18.7;0.0
13/11/2008;24.2;31.7;17.9;0.0
14/11/2008;25.5;33.4;17.9;0.0
15/11/2008;27.5;35.4;17.1;0.0
16/11/2008;24.3;30.9;19.7;0.4
17/11/2008;24.5;32.0;18.5;0.0
18/11/2008;25.7;31.9;19.3;0.0
19/11/2008;25.1;32.1;19.1;0.0
20/11/2008;25.2;32.3;19.6;0.0
21/11/2008;25.0;32.1;19.0;0.0
22/11/2008;26.1;33.8;18.9;0.0
23/11/2008;27.7;35.8;20.3;0.0
24/11/2008;28.0;35.9;21.5;0.0
25/11/2008;28.0;34.7;22.1;0.0
26/11/2008;27.5;34.8;21.2;0.0
27/11/2008;27.2;34.4;20.6;0.0
28/11/2008;26.7;35.2;20.6;1.4
29/11/2008;25.9;34.2;20.4;4.6
30/11/2008;26.7;33.8;21.5;0.0
01/12/2008;26.6;34.7;21.1;0.0
02/12/2008;21.2;28.0;17.2;4.0
03/12/2008;20.1;26.8;13.6;0.0
04/12/2008;21.1;29.1;12.2;0.0
05/12/2008;24.1;33.0;14.1;0.0
06/12/2008;26.5;34.8;16.2;0.0
07/12/2008;28.2;37.1;17.7;0.0
08/12/2008;30.1;37.2;24.1;0.0
09/12/2008;30.0;38.4;22.6;0.0
10/12/2008;25.1;32.3;21.5;0.0
11/12/2008;25.0;31.0;21.4;0.0
12/12/2008;24.8;30.0;21.6;0.2
13/12/2008;24.1;28.4;21.5;0.0
14/12/2008;25.9;32.6;19.6;0.0
15/12/2008;26.8;33.1;21.6;0.0
16/12/2008;26.2;34.2;18.9;0.0
17/12/2008;26.3;32.4;19.5;0.0
18/12/2008;27.0;34.9;19.7;0.0
19/12/2008;28.0;35.6;19.5;0.0
20/12/2008;29.1;36.6;21.8;0.0
21/12/2008;25.8;35.8;20.4;9.4
22/12/2008;26.1;34.6;19.1;0.0
23/12/2008;28.7;36.1;21.2;0.0
24/12/2008;27.2;34.0;23.7;0.0
25/12/2008;27.6;34.5;21.8;0.0
26/12/2008;26.6;33.4;20.8;0.2
27/12/2008;26.4;32.6;22.3;0.0
28/12/2008;28.8;35.9;22.0;0.0
29/12/2008;29.7;36.7;21.6;0.0
30/12/2008;28.0;36.3;23.1;0.0
31/12/2008;25.4;34.1;22.4;4.0
01/01/2009;26.1;31.6;22.0;7.6
02/01/2009;23.5;30.7;21.1;17.8
03/01/2009;22.0;26.0;18.0;22.4
04/01/2009;19.9;25.8;14.4;0.0
05/01/2009;21.3;27.8;14.2;0.0
06/01/2009;23.6;31.2;16.8;0.0
07/01/2009;25.7;32.6;18.7;0.0
08/01/2009;26.8;33.9;18.3;0.0
09/01/2009;28.5;36.0;20.0;0.0
10/01/2009;26.2;36.1;19.9;17.8
11/01/2009;25.8;33.5;20.2;30.2
12/01/2009;27.1;34.8;20.4;0.0
13/01/2009;27.0;34.9;22.0;0.0
14/01/2009;26.6;33.5;21.2;7.6
15/01/2009;22.2;23.9;19.2;23.0
16/01/2009;23.2;26.4;20.3;2.2
17/01/2009;23.5;27.0;21.1;21.4
18/01/2009;23.0;26.2;21.2;21.0
19/01/2009;22.5;26.4;18.3;2.4
20/01/2009;20.8;26.8;16.9;0.0
21/01/2009;23.5;30.2;17.5;0.2
22/01/2009;25.1;30.9;20.1;0.0
23/01/2009;25.1;30.9;20.2;0.0
24/01/2009;25.6;31.1;20.4;0.0
25/01/2009;26.1;32.0;21.2;0.0
26/01/2009;25.6;31.1;22.1;0.0
27/01/2009;25.4;31.2;22.2;0.0
28/01/2009;24.6;30.5;21.4;13.6
29/01/2009;26.7;30.6;22.8;0.0
30/01/2009;25.8;32.9;21.6;7.4
31/01/2009;26.1;32.3;21.6;1.6
01/02/2009;24.5;32.7;20.2;0.2
02/02/2009;23.7;31.3;19.6;9.6
03/02/2009;28.4;32.0;21.6;0.0
04/02/2009;24.3;32.8;19.4;1.6
05/02/2009;27.0;34.1;20.9;0.0
06/02/2009;26.8;33.7;22.2;0.0
07/02/2009;24.7;31.7;20.9;0.0
08/02/2009;25.1;33.6;21.1;0.0
09/02/2009;26.3;33.2;21.7;1.8
10/02/2009;27.0;33.6;22.7;0.0
11/02/2009;24.8;31.7;21.0;25.2
12/02/2009;25.3;29.1;19.3;0.0
13/02/2009;24.4;30.7;17.2;0.0
14/02/2009;24.6;30.6;19.5;0.0
15/02/2009;24.7;30.6;18.1;0.0
16/02/2009;25.8;31.7;20.9;0.0
17/02/2009;23.9;29.3;21.8;4.0
18/02/2009;25.2;31.7;21.6;0.8
19/02/2009;27.7;34.4;21.0;0.0
20/02/2009;28.4;34.9;21.8;0.0
21/02/2009;28.3;34.9;21.8;0.0
22/02/2009;28.4;36.0;20.9;0.0
23/02/2009;25.8;32.8;22.2;9.6
24/02/2009;25.4;32.8;21.4;22.0
25/02/2009;24.5;30.0;21.4;1.8
26/02/2009;25.5;32.3;21.8;3.6
27/02/2009;24.7;30.6;22.3;0.0
28/02/2009;26.2;33.3;21.8;0.2
01/03/2009;28.0;34.9;23.1;4.4
02/03/2009;28.8;35.0;22.8;0.0
03/03/2009;28.7;35.5;21.6;0.0
04/03/2009;28.8;35.9;20.8;0.0
05/03/2009;29.2;36.4;21.9;0.0
06/03/2009;29.3;37.0;23.3;0.0
07/03/2009;28.3;36.9;22.8;0.0
08/03/2009;26.9;34.6;22.0;0.0
09/03/2009;25.4;34.2;19.8;0.0
10/03/2009;24.4;30.9;20.8;0.4
11/03/2009;23.6;30.7;20.1;10.0
12/03/2009;23.5;29.3;21.4;4.6
13/03/2009;25.1;30.5;20.8;0.0
14/03/2009;26.1;32.6;21.0;0.0
15/03/2009;25.8;33.5;18.9;0.0
16/03/2009;25.3;33.4;16.8;0.0
17/03/2009;26.2;33.8;17.4;0.0
18/03/2009;26.2;34.2;18.1;0.0
19/03/2009;26.6;32.1;21.6;0.0
20/03/2009;24.5;26.8;22.4;0.0
21/03/2009;24.4;30.4;20.1;13.2
22/03/2009;23.9;30.1;18.9;0.2
23/03/2009;24.1;29.3;20.3;1.8
24/03/2009;23.0;29.7;20.7;7.8
25/03/2009;24.6;31.3;19.5;0.0
26/03/2009;25.7;32.0;20.1;1.6
27/03/2009;25.0;30.3;21.6;9.2
28/03/2009;25.9;33.0;21.2;0.0
29/03/2009;24.6;32.9;19.4;2.8
30/03/2009;24.9;32.1;19.9;0.0
31/03/2009;25.2;33.0;18.3;0.0
01/04/2009;26.0;32.8;19.6;0.0
02/04/2009;25.6;31.8;19.6;0.0
03/04/2009;25.1;31.6;19.3;0.0
04/04/2009;27.0;33.0;21.4;0.0
05/04/2009;25.5;31.3;21.6;0.0
06/04/2009;25.5;32.4;19.4;0.0
07/04/2009;25.6;33.1;19.4;0.0
08/04/2009;25.7;33.2;18.6;0.0
09/04/2009;25.4;32.7;19.9;0.0
10/04/2009;24.6;33.3;17.5;0.0
11/04/2009;23.2;31.9;15.2;0.0
12/04/2009;24.2;33.0;15.3;0.0
13/04/2009;25.3;33.2;18.5;0.0
14/04/2009;25.4;33.4;19.1;0.0
15/04/2009;25.4;33.7;18.5;0.0
16/04/2009;24.3;31.6;18.9;0.0
17/04/2009;23.0;30.5;17.9;0.0
18/04/2009;24.4;32.6;17.0;0.0
19/04/2009;25.2;33.5;16.6;0.0
20/04/2009;25.3;33.0;17.1;0.0
21/04/2009;24.6;32.1;17.7;0.0
22/04/2009;23.8;31.7;16.3;0.0
23/04/2009;23.6;32.2;15.9;0.0
24/04/2009;23.7;31.1;17.2;0.0
25/04/2009;23.5;32.4;15.4;0.0
26/04/2009;23.0;31.5;15.6;0.0
27/04/2009;23.2;32.0;15.6;0.0
28/04/2009;22.8;31.2;14.8;0.0
29/04/2009;23.4;31.4;15.2;0.0
30/04/2009;23.3;32.4;15.4;0.0
01/05/2009;21.9;30.7;13.0;0.0
02/05/2009;22.1;30.1;14.6;0.0
03/05/2009;18.8;23.6;15.8;2.2
04/05/2009;20.2;27.8;14.8;0.0
05/05/2009;22.4;30.6;13.7;0.0
06/05/2009;23.1;29.2;18.4;0.0
07/05/2009;23.7;31.4;16.7;0.0
08/05/2009;20.5;24.7;17.6;3.4
09/05/2009;22.0;29.8;16.5;0.0
10/05/2009;25.0;32.8;18.0;0.0
11/05/2009;26.1;33.8;20.1;0.0
12/05/2009;26.2;33.8;18.9;0.0
13/05/2009;26.3;33.9;19.2;0.0
14/05/2009;20.7;28.3;14.6;15.8
15/05/2009;14.1;19.5;9.2;0.0
16/05/2009;13.8;22.6;6.0;0.0
17/05/2009;18.7;27.7;9.7;0.0
18/05/2009;22.1;30.4;14.3;0.0
19/05/2009;22.8;31.3;14.9;0.0
20/05/2009;21.8;28.9;15.7;0.0
21/05/2009;21.8;29.8;15.4;0.0
22/05/2009;22.6;29.7;16.3;0.0
23/05/2009;23.4;31.1;16.3;0.0
24/05/2009;24.4;32.4;16.2;0.0
25/05/2009;26.4;33.2;21.3;0.0
26/05/2009;22.9;30.7;18.6;28.4
27/05/2009;21.8;26.5;19.1;0.6
28/05/2009;21.6;28.6;18.6;3.6
29/05/2009;21.8;25.9;18.9;0.0
30/05/2009;19.5;22.4;15.5;0.0
31/05/2009;12.8;15.8;10.3;2.4
01/06/2009;12.3;17.2;6.1;0.0
02/06/2009;13.0;18.9;7.0;0.0
03/06/2009;10.2;18.1;3.6;0.0
04/06/2009;13.4;23.4;2.5;0.0
05/06/2009;17.7;27.8;8.2;0.0
06/06/2009;18.8;24.3;13.8;0.0
07/06/2009;19.3;27.8;10.9;0.0
08/06/2009;19.8;26.1;14.7;0.0
09/06/2009;20.0;27.4;16.1;3.8
10/06/2009;17.0;17.9;15.9;10.6
11/06/2009;17.8;21.9;14.8;0.0
12/06/2009;15.0;21.9;9.3;0.0
13/06/2009;13.7;23.8;5.0;0.0
14/06/2009;16.2;23.9;9.1;0.0
15/06/2009;18.9;25.3;13.5;7.2
16/06/2009;16.3;19.7;9.9;0.2
17/06/2009;14.2;21.7;7.8;0.2
18/06/2009;15.7;24.5;7.1;0.0
19/06/2009;19.1;26.9;12.1;0.0
20/06/2009;20.2;28.0;13.4;0.0
21/06/2009;21.5;29.8;13.4;0.0
22/06/2009;22.3;30.7;15.2;0.0
23/06/2009;21.8;29.6;15.6;1.4
24/06/2009;16.2;18.9;14.6;0.4
25/06/2009;17.0;22.6;13.6;0.0
26/06/2009;16.3;17.9;14.5;3.4
27/06/2009;18.5;21.9;16.9;21.6
28/06/2009;20.2;26.9;15.6;0.0
29/06/2009;24.5;29.8;20.0;4.1
30/06/2009;19.6;22.9;16.7;0.5
01/07/2009;20.8;28.0;16.2;0.3
02/07/2009;20.2;24.0;18.5;40.1
03/07/2009;20.1;24.8;16.4;4.3
04/07/2009;19.9;24.8;17.4;19.3
05/07/2009;19.8;25.0;16.7;1.0
06/07/2009;21.3;28.8;15.6;0.0
07/07/2009;23.1;30.7;16.2;0.0
08/07/2009;20.8;28.6;16.4;0.0
09/07/2009;20.1;24.0;16.8;1.8
10/07/2009;21.2;23.9;18.4;11.7
11/07/2009;14.3;18.5;6.8;4.8
12/07/2009;11.3;18.9;3.8;0.0
13/07/2009;16.3;25.2;8.4;0.0
14/07/2009;18.7;25.2;14.6;0.0
15/07/2009;20.3;27.6;12.8;0.0
16/07/2009;20.7;25.2;16.7;0.0
17/07/2009;20.9;27.4;17.6;0.0
18/07/2009;21.8;29.0;17.5;0.0
19/07/2009;21.9;30.0;15.8;0.0
20/07/2009;21.2;27.0;17.5;0.0
21/07/2009;23.4;30.2;17.6;0.0
22/07/2009;18.3;24.9;13.7;14.5
23/07/2009;12.9;15.4;9.6;10.2
24/07/2009;9.5;12.6;6.2;0.3
25/07/2009;8.2;9.5;6.7;2.5
26/07/2009;11.0;12.8;8.2;3.6
27/07/2009;14.5;18.0;12.1;10.4
28/07/2009;19.4;28.5;14.3;0.0
29/07/2009;16.7;21.5;13.3;0.0
30/07/2009;18.2;24.8;12.6;0.0
31/07/2009;21.1;28.4;13.6;0.0
01/08/2009;23.0;29.6;16.3;0.0
02/08/2009;17.6;23.1;14.4;6.9
03/08/2009;16.8;22.2;11.7;0.3
04/08/2009;21.6;29.8;15.2;0.0
05/08/2009;24.9;32.6;19.2;0.0
06/08/2009;24.9;33.1;17.1;0.0
07/08/2009;26.0;33.1;20.2;0.0
08/08/2009;25.4;33.7;18.3;0.0
09/08/2009;15.6;21.9;10.8;0.0
10/08/2009;13.1;20.0;8.8;0.0
11/08/2009;14.4;23.3;6.8;0.0
12/08/2009;18.1;26.0;11.8;0.0
13/08/2009;22.2;31.2;12.2;0.0
14/08/2009;25.0;32.6;17.2;0.0
15/08/2009;25.8;33.2;20.0;0.0
16/08/2009;26.3;34.5;17.0;0.0
17/08/2009;21.7;24.9;19.0;14.0
18/08/2009;19.5;20.7;18.6;23.6
19/08/2009;19.9;22.1;18.7;22.1
20/08/2009;15.7;19.6;9.4;11.4
21/08/2009;12.9;20.2;7.6;0.0
22/08/2009;15.6;22.4;9.6;23.4
23/08/2009;16.4;18.5;14.6;37.9
24/08/2009;18.3;22.7;16.6;0.8
25/08/2009;19.9;26.9;14.8;0.0
26/08/2009;20.6;27.0;15.2;0.0
27/08/2009;22.0;29.7;14.8;0.0
28/08/2009;23.1;30.1;16.9;0.0
29/08/2009;23.4;31.2;14.8;0.0
30/08/2009;24.8;32.5;17.2;0.0
31/08/2009;25.2;33.0;17.6;0.0
01/09/2009;27.0;34.0;20.2;0.0
02/09/2009;27.6;34.5;20.6;0.0
03/09/2009;27.3;34.8;22.8;3.6
04/09/2009;23.8;31.1;20.3;21.3
05/09/2009;22.9;28.7;19.2;5.6
06/09/2009;20.6;24.7;18.0;6.6
07/09/2009;26.2;33.6;18.2;0.0
08/09/2009;21.9;28.9;14.6;0.0
09/09/2009;15.9;22.4;12.7;0.0
10/09/2009;15.2;18.4;12.7;0.0
11/09/2009;16.7;22.3;13.4;0.0
12/09/2009;17.1;20.5;14.9;0.0
13/09/2009;19.6;26.1;14.1;0.0
14/09/2009;23.4;31.9;14.2;0.0
15/09/2009;27.1;34.4;20.7;0.0
16/09/2009;27.5;34.9;22.1;0.0
17/09/2009;27.2;34.7;21.1;0.0
18/09/2009;26.7;35.3;20.9;2.8
19/09/2009;18.4;22.0;14.1;0.3
20/09/2009;19.4;26.5;12.4;0.0
21/09/2009;18.4;21.1;16.4;0.8
22/09/2009;22.5;28.3;18.0;0.0
23/09/2009;17.7;21.8;12.9;8.4
24/09/2009;16.2;22.2;10.8;0.3
25/09/2009;21.9;28.4;16.2;0.0
26/09/2009;26.8;34.4;18.4;0.0
27/09/2009;30.1;36.8;23.2;0.0
28/09/2009;19.6;27.6;14.2;0.0
29/09/2009;16.0;21.6;12.6;0.0
30/09/2009;18.1;23.9;12.3;0.0
01/10/2009;21.3;30.2;15.9;0.0
02/10/2009;21.4;30.4;14.0;0.0
03/10/2009;25.8;34.6;15.4;0.0
04/10/2009;29.0;36.1;21.6;0.0
05/10/2009;29.1;36.1;22.8;0.0
06/10/2009;26.2;35.1;19.9;2.0
07/10/2009;21.9;26.0;19.7;1.0
08/10/2009;23.0;28.6;19.0;0.0
09/10/2009;23.3;29.6;19.0;0.0
10/10/2009;24.0;30.8;17.5;0.0
11/10/2009;28.1;36.2;20.0;0.0
12/10/2009;19.6;28.3;15.6;36.3
13/10/2009;22.0;29.6;13.0;0.0
14/10/2009;27.7;34.8;20.6;0.0
15/10/2009;23.8;26.7;20.3;12.9
16/10/2009;22.8;28.6;19.8;3.3
17/10/2009;23.8;31.4;21.2;42.2
18/10/2009;24.3;28.8;20.8;0.3
19/10/2009;21.1;24.3;19.7;117.1
20/10/2009;22.5;27.2;18.5;0.3
21/10/2009;26.3;33.7;21.1;0.0
22/10/2009;24.0;30.1;19.2;13.6
23/10/2009;27.0;36.3;20.1;0.0
24/10/2009;25.5;34.9;20.0;4.1
25/10/2009;23.0;26.2;19.3;8.6
26/10/2009;24.7;28.9;22.4;0.0
27/10/2009;27.9;31.4;24.2;0.0
28/10/2009;25.6;31.4;20.7;0.0
29/10/2009;26.1;33.0;20.4;0.0
30/10/2009;28.7;34.3;18.2;0.0
31/10/2009;27.2;34.2;17.8;0.0
01/11/2009;29.6;36.5;22.9;0.0
02/11/2009;30.5;36.7;23.4;0.0
03/11/2009;30.0;37.2;24.2;0.0
04/11/2009;29.4;35.5;23.1;8.4
05/11/2009;25.3;30.7;22.2;40.4
06/11/2009;25.2;31.9;22.1;11.4
07/11/2009;25.8;31.2;23.0;1.3
08/11/2009;23.9;26.4;22.2;15.5
09/11/2009;26.5;31.6;22.2;0.5
10/11/2009;27.0;34.9;22.1;0.0
11/11/2009;24.5;32.7;21.0;15.0
12/11/2009;26.4;33.4;20.5;0.0
13/11/2009;29.5;35.2;24.0;0.0
14/11/2009;29.5;36.6;22.9;9.4
15/11/2009;27.4;35.0;22.3;0.3
16/11/2009;24.6;31.0;21.8;15.8
17/11/2009;27.3;32.5;22.6;0.0
18/11/2009;30.2;36.9;24.3;0.0
19/11/2009;30.6;37.0;24.9;0.0
20/11/2009;26.9;33.2;21.7;12.2
21/11/2009;27.6;33.8;23.4;0.0
22/11/2009;27.7;35.1;21.8;0.0
23/11/2009;28.8;35.2;21.4;0.0
24/11/2009;28.8;34.7;24.5;0.0
25/11/2009;29.3;36.2;22.8;9.1
26/11/2009;25.9;32.2;22.6;27.7
27/11/2009;24.2;30.0;22.7;72.4
28/11/2009;27.3;33.5;22.9;0.5
29/11/2009;27.9;34.6;23.2;0.0
30/11/2009;25.8;29.6;23.2;0.0
01/12/2009;25.3;32.4;22.3;21.8
02/12/2009;28.0;33.9;22.0;0.2
03/12/2009;24.0;25.9;22.4;0.0
04/12/2009;22.6;30.8;21.0;62.6
05/12/2009;24.1;29.2;19.8;0.0
06/12/2009;25.2;32.2;20.5;61.2
07/12/2009;25.2;30.7;20.3;5.6
08/12/2009;26.5;32.6;21.1;0.0
09/12/2009;26.2;31.1;22.2;0.0
10/12/2009;26.3;31.2;22.2;0.0
11/12/2009;25.7;31.1;23.0;8.2
12/12/2009;22.8;26.5;19.3;25.4
13/12/2009;22.0;28.2;16.8;0.0
14/12/2009;24.6;32.4;17.1;0.0
15/12/2009;26.7;31.6;21.5;0.0
16/12/2009;25.6;33.9;20.1;32.3
17/12/2009;25.3;31.8;20.1;0.2
18/12/2009;25.9;32.5;21.9;0.0
19/12/2009;26.0;32.3;22.0;0.0
20/12/2009;27.2;33.6;21.5;0.0
21/12/2009;24.8;31.3;22.4;9.0
22/12/2009;25.2;32.3;21.6;8.6
23/12/2009;26.5;33.0;21.6;0.2
24/12/2009;27.8;33.1;23.3;0.0
25/12/2009;25.4;32.3;22.0;3.0
26/12/2009;23.8;30.1;21.7;33.6
27/12/2009;23.8;27.6;21.8;19.6
28/12/2009;26.2;30.0;22.2;0.0
29/12/2009;26.0;29.7;23.7;0.0
30/12/2009;26.2;31.4;21.7;23.2
31/12/2009;24.2;27.6;21.4;23.8
01/01/2010;24.9;28.8;22.8;32.4
02/01/2010;24.7;28.5;22.2;10.4
03/01/2010;26.2;31.5;22.4;0.6
04/01/2010;27.8;33.8;22.8;0.0
05/01/2010;28.7;34.2;22.6;0.0
06/01/2010;27.8;34.4;23.5;2.8
07/01/2010;26.2;33.6;22.2;15.4
08/01/2010;26.8;32.7;22.4;0.0
09/01/2010;25.1;31.1;22.8;43.4
10/01/2010;23.6;26.9;22.8;16.8
11/01/2010;24.3;29.2;22.0;5.8
12/01/2010;24.1;29.0;22.3;3.4
13/01/2010;22.2;24.2;20.3;19.6
14/01/2010;24.8;30.9;19.2;0.0
15/01/2010;25.7;32.2;20.5;8.4
16/01/2010;25.1;30.5;22.1;4.4
17/01/2010;26.3;32.5;23.1;1.0
18/01/2010;26.4;33.4;22.8;0.0
19/01/2010;27.3;33.9;23.2;0.0
20/01/2010;22.9;25.8;20.6;32.2
21/01/2010;24.2;30.4;19.3;0.0
22/01/2010;24.7;31.4;18.1;0.0
23/01/2010;25.6;31.8;18.4;0.0
24/01/2010;24.5;31.7;20.0;5.0
25/01/2010;24.5;31.1;19.0;2.4
26/01/2010;25.1;31.4;20.0;0.0
27/01/2010;24.4;31.4;21.1;0.0
28/01/2010;25.3;31.3;21.0;0.4
29/01/2010;26.3;34.0;21.6;0.2
30/01/2010;24.9;32.6;21.6;0.0
31/01/2010;25.4;33.0;20.8;0.0
01/02/2010;27.1;34.0;22.0;0.6
02/02/2010;28.5;34.8;23.3;0.0
03/02/2010;29.5;36.3;23.0;0.0
04/02/2010;29.4;36.2;23.9;0.0
05/02/2010;30.1;37.0;22.9;0.0
06/02/2010;29.6;36.2;23.0;0.0
07/02/2010;28.7;35.8;23.8;0.0
08/02/2010;27.0;36.1;21.4;42.4
09/02/2010;24.3;31.0;22.1;7.0
10/02/2010;24.9;31.4;22.1;1.4
11/02/2010;25.4;31.3;21.9;13.8
12/02/2010;23.6;28.8;20.6;18.8
13/02/2010;23.8;28.7;21.2;12.0
14/02/2010;23.6;28.7;21.3;15.0
15/02/2010;24.0;29.0;21.8;0.6
16/02/2010;24.0;30.7;21.1;36.4
17/02/2010;22.4;25.8;20.9;14.8
18/02/2010;25.4;32.6;20.8;0.0
19/02/2010;27.2;33.7;22.6;0.0
20/02/2010;28.1;34.3;23.1;0.0
21/02/2010;26.7;32.0;23.2;1.2
22/02/2010;27.1;33.9;22.0;0.6
23/02/2010;28.5;34.7;23.0;0.2
24/02/2010;27.6;35.6;21.9;0.0
25/02/2010;26.0;31.8;21.5;0.0
26/02/2010;25.6;30.6;21.9;0.0
27/02/2010;25.3;31.4;22.1;0.0
28/02/2010;24.4;29.5;21.1;0.0
01/03/2010;24.3;28.9;20.6;0.0
02/03/2010;24.9;31.6;19.4;0.0
03/03/2010;25.6;32.8;20.0;0.0
04/03/2010;26.7;34.2;19.9;0.0
05/03/2010;27.2;34.9;20.8;0.0
06/03/2010;26.0;34.6;18.8;0.0
07/03/2010;24.2;32.5;16.4;0.0
08/03/2010;25.1;34.2;16.6;0.0
09/03/2010;25.8;35.4;17.4;0.0
10/03/2010;26.5;36.4;17.6;0.0
11/03/2010;26.6;36.1;19.9;0.0
12/03/2010;27.0;35.4;18.6;0.0
13/03/2010;28.7;36.7;21.8;0.0
14/03/2010;27.4;36.1;20.3;1.0
15/03/2010;22.3;25.9;19.5;31.2
16/03/2010;25.4;33.0;20.5;0.0
17/03/2010;25.4;32.0;20.4;0.0
18/03/2010;26.7;33.4;21.2;0.0
19/03/2010;28.4;35.6;22.1;0.0
20/03/2010;26.9;35.5;22.1;4.2
21/03/2010;25.4;33.0;21.0;0.4
22/03/2010;27.8;34.5;21.4;0.0
23/03/2010;25.3;33.1;20.3;21.6
24/03/2010;24.1;30.4;20.5;2.8
25/03/2010;25.9;32.7;20.9;0.0
26/03/2010;25.5;32.2;22.5;0.0
27/03/2010;24.5;31.7;21.0;30.2
28/03/2010;24.8;31.4;21.0;0.0
29/03/2010;25.2;33.6;19.6;0.0
30/03/2010;25.6;33.9;20.1;0.0
31/03/2010;26.3;34.1;21.0;0.0
01/04/2010;25.1;32.2;21.1;0.0
02/04/2010;23.3;29.2;20.5;0.2
03/04/2010;24.5;31.2;21.4;0.0
04/04/2010;25.1;31.2;19.6;0.2
05/04/2010;21.4;23.7;18.4;0.0
06/04/2010;20.2;26.5;14.8;0.0
07/04/2010;18.7;26.3;13.0;0.0
08/04/2010;19.1;26.2;12.6;0.0
09/04/2010;19.4;26.7;11.3;0.0
10/04/2010;20.8;26.2;15.2;0.0
11/04/2010;20.8;29.3;14.1;0.0
12/04/2010;22.2;29.7;15.9;0.0
13/04/2010;23.2;31.1;15.7;0.0
14/04/2010;22.8;31.0;15.4;0.0
15/04/2010;23.2;31.4;15.3;0.0
16/04/2010;23.4;31.5;16.0;0.0
17/04/2010;25.1;34.1;16.9;0.0
18/04/2010;25.8;33.4;19.1;0.0
19/04/2010;26.8;34.9;17.7;0.0
20/04/2010;26.8;34.8;19.9;0.0
21/04/2010;27.5;34.6;21.5;0.0
22/04/2010;28.6;35.2;23.1;0.0
23/04/2010;23.4;30.2;19.4;7.4
24/04/2010;22.6;28.1;19.3;0.2
25/04/2010;23.9;32.1;20.7;9.6
26/04/2010;21.9;27.5;18.9;7.2
27/04/2010;20.5;25.4;18.1;0.0
28/04/2010;22.4;28.5;18.6;0.0
29/04/2010;21.6;25.2;19.4;0.0
30/04/2010;22.4;27.1;19.8;0.0
01/05/2010;23.2;29.9;17.5;0.0
02/05/2010;24.1;30.1;19.0;0.0
03/05/2010;20.6;27.7;17.1;10.6
04/05/2010;20.2;25.3;15.6;0.0
05/05/2010;19.7;26.6;13.2;0.0
06/05/2010;23.5;31.4;17.0;0.0
07/05/2010;21.6;24.2;19.8;19.0
08/05/2010;17.7;21.0;13.7;1.0
09/05/2010;14.8;20.9;10.5;0.0
10/05/2010;13.4;21.1;6.7;0.0
11/05/2010;13.0;20.0;7.9;0.0
12/05/2010;12.3;20.2;6.3;0.0
13/05/2010;14.5;22.5;7.2;0.0
14/05/2010;17.6;25.3;10.1;0.0
15/05/2010;20.4;26.9;12.9;0.0
16/05/2010;22.6;29.2;15.6;0.0
17/05/2010;19.2;24.7;13.9;33.2
18/05/2010;13.2;18.6;8.2;31.6
19/05/2010;13.9;21.0;7.6;0.0
20/05/2010;14.3;21.0;9.7;0.0
21/05/2010;15.5;23.2;7.9;0.0
22/05/2010;17.8;25.0;10.9;0.0
23/05/2010;19.8;25.7;14.0;0.0
24/05/2010;17.6;19.8;16.7;62.4
25/05/2010;18.7;24.2;16.0;0.0
26/05/2010;19.3;25.6;13.3;0.0
27/05/2010;19.2;25.2;14.8;0.0
28/05/2010;18.2;24.4;12.9;0.0
29/05/2010;20.0;26.9;13.6;0.0
30/05/2010;18.0;21.7;12.3;3.6
31/05/2010;12.8;15.5;9.2;0.0
01/06/2010;14.0;21.8;6.4;0.0
02/06/2010;16.9;22.6;11.7;0.0
03/06/2010;19.1;24.3;14.3;0.0
04/06/2010;18.9;22.1;16.3;1.4
05/06/2010;15.8;20.6;8.9;0.0
06/06/2010;12.0;19.7;4.8;0.0
07/06/2010;16.0;23.7;7.8;0.0
08/06/2010;18.9;25.7;14.9;0.0
09/06/2010;18.6;24.2;15.6;0.0
10/06/2010;18.5;23.9;14.6;0.0
11/06/2010;18.1;25.0;12.7;0.0
12/06/2010;16.8;22.9;11.9;0.0
13/06/2010;16.1;22.8;10.6;0.0
14/06/2010;18.8;27.4;11.3;0.0
15/06/2010;21.4;29.2;14.2;0.0
16/06/2010;21.9;30.1;13.8;0.0
17/06/2010;23.2;31.1;15.4;0.0
18/06/2010;23.4;31.2;15.7;0.0
19/06/2010;23.3;31.4;14.2;0.0
20/06/2010;24.8;32.1;17.8;0.0
21/06/2010;23.3;29.9;18.6;0.6
22/06/2010;20.1;25.0;16.9;0.0
23/06/2010;21.0;27.0;16.6;0.0
24/06/2010;22.8;31.8;16.8;0.0
25/06/2010;23.3;32.3;15.1;0.0
26/06/2010;22.7;29.9;17.0;0.0
27/06/2010;22.1;29.5;13.2;0.0
28/06/2010;21.0;28.7;14.8;0.0
29/06/2010;19.1;25.4;15.6;0.0
30/06/2010;19.6;28.3;12.0;0.0
01/07/2010;20.4;28.7;13.0;0.0
02/07/2010;21.1;29.6;15.4;0.0
03/07/2010;20.7;29.3;11.8;0.0
04/07/2010;21.6;29.3;15.1;0.0
05/07/2010;22.3;30.6;16.0;0.0
06/07/2010;22.3;30.9;13.0;0.0
07/07/2010;22.3;32.0;13.7;0.0
08/07/2010;23.2;31.2;15.8;0.0
09/07/2010;22.5;29.5;16.9;0.8
10/07/2010;19.4;26.1;13.9;0.0
11/07/2010;21.6;28.5;16.9;0.0
12/07/2010;20.9;31.4;8.7;0.4
13/07/2010;9.3;11.4;7.6;0.0
14/07/2010;9.8;13.1;7.7;0.0
15/07/2010;8.4;9.9;7.1;28.2
16/07/2010;8.4;9.5;7.8;17.4
17/07/2010;11.2;15.1;8.6;0.0
18/07/2010;10.4;12.5;8.2;0.4
19/07/2010;10.7;17.0;7.4;0.0
20/07/2010;14.5;22.1;7.2;0.0
21/07/2010;23.2;32.3;15.3;0.0
22/07/2010;20.1;28.8;13.7;0.0
23/07/2010;14.9;16.9;13.3;3.4
24/07/2010;20.8;31.1;11.9;0.0
25/07/2010;21.5;31.6;12.0;0.0
26/07/2010;15.9;22.4;11.1;0.0
27/07/2010;18.7;28.0;10.7;0.0
28/07/2010;20.7;29.1;13.7;0.0
29/07/2010;22.0;30.7;13.3;0.0
30/07/2010;22.9;31.3;15.1;0.0
31/07/2010;24.6;32.7;15.0;0.0
01/08/2010;15.7;20.0;13.6;24.6
02/08/2010;13.6;16.4;10.7;11.2
03/08/2010;12.7;16.8;9.4;0.0
04/08/2010;9.8;11.8;6.1;0.0
05/08/2010;8.4;16.0;4.5;0.0
06/08/2010;13.1;23.5;2.7;0.0
07/08/2010;17.8;26.7;9.8;0.0
08/08/2010;20.6;30.6;10.4;0.0
09/08/2010;20.4;31.0;12.6;0.0
10/08/2010;21.2;30.2;12.8;0.0
11/08/2010;21.3;28.8;14.2;0.0
12/08/2010;24.0;32.8;16.5;0.0
13/08/2010;15.2;21.4;9.2;0.0
14/08/2010;11.8;19.5;6.2;0.0
15/08/2010;11.9;21.3;3.0;0.0
16/08/2010;15.0;22.9;8.4;0.0
17/08/2010;17.1;25.9;7.9;0.0
18/08/2010;19.3;28.9;10.0;0.0
19/08/2010;20.4;30.6;10.9;0.0
20/08/2010;21.2;30.6;12.4;0.0
21/08/2010;21.9;31.0;12.6;0.0
22/08/2010;24.1;34.0;13.6;0.0
23/08/2010;24.9;35.5;13.7;0.0
24/08/2010;26.0;35.6;16.1;0.0
25/08/2010;25.9;35.5;15.1;0.0
26/08/2010;25.6;35.5;15.9;0.0
27/08/2010;25.8;35.5;15.4;0.0
28/08/2010;25.7;35.8;14.4;0.0
29/08/2010;25.5;36.1;15.8;0.0
30/08/2010;25.4;35.1;17.0;0.0
31/08/2010;26.0;34.6;18.5;0.0
01/09/2010;27.6;35.4;20.6;0.0
02/09/2010;26.3;34.5;16.2;0.0
03/09/2010;22.7;35.0;13.8;0.0
04/09/2010;17.1;23.6;13.2;0.0
05/09/2010;15.9;22.8;8.9;0.0
06/09/2010;17.5;22.7;13.1;0.4
07/09/2010;20.3;27.9;13.7;0.0
08/09/2010;21.2;29.1;14.6;0.0
09/09/2010;22.2;30.3;16.1;0.0
10/09/2010;24.4;33.4;15.8;0.0
11/09/2010;28.0;37.2;20.9;0.0
12/09/2010;29.3;37.5;22.8;0.0
13/09/2010;28.3;37.7;19.8;0.0
14/09/2010;17.8;21.5;13.9;12.6
15/09/2010;18.4;27.1;9.3;0.0
16/09/2010;24.2;33.5;15.4;0.0
17/09/2010;25.3;34.5;17.4;0.0
18/09/2010;23.2;31.2;16.5;0.0
19/09/2010;21.7;28.6;16.4;0.0
20/09/2010;24.7;32.7;17.9;0.0
21/09/2010;28.1;37.8;21.0;0.0
22/09/2010;27.6;36.4;17.3;0.0
23/09/2010;24.2;34.7;18.0;15.6
24/09/2010;19.2;21.3;17.9;4.4
25/09/2010;22.7;28.9;17.7;1.4
26/09/2010;19.1;21.0;18.4;61.8
27/09/2010;19.7;20.9;18.9;51.4
28/09/2010;18.2;19.2;17.4;27.4
29/09/2010;18.8;21.2;17.6;2.8
30/09/2010;20.5;25.1;16.4;0.0
01/10/2010;23.9;30.9;19.0;2.8
02/10/2010;19.6;23.9;16.3;3.8
03/10/2010;17.5;22.2;13.7;0.0
04/10/2010;19.3;22.2;16.7;0.0
05/10/2010;21.4;30.0;13.7;0.0
06/10/2010;25.0;34.2;16.1;0.0
07/10/2010;19.5;26.6;15.5;16.4
08/10/2010;18.3;24.9;12.1;0.2
09/10/2010;20.5;27.5;12.4;0.0
10/10/2010;22.0;27.8;17.5;0.0
11/10/2010;21.3;28.1;15.4;0.0
12/10/2010;21.9;27.9;15.3;0.0
13/10/2010;22.1;29.4;15.1;0.0
14/10/2010;27.5;35.2;21.2;0.0
15/10/2010;26.9;34.4;22.0;0.0
16/10/2010;21.3;24.4;17.9;6.6
17/10/2010;20.7;25.2;16.6;0.6
18/10/2010;20.4;27.3;13.4;0.6
19/10/2010;21.5;30.9;11.0;0.0
20/10/2010;24.7;33.4;14.8;0.0
21/10/2010;25.9;36.6;19.4;0.0
22/10/2010;20.1;25.5;17.3;17.6
23/10/2010;20.5;25.0;17.6;0.0
24/10/2010;23.7;31.2;16.9;0.2
25/10/2010;24.3;31.0;18.8;0.0
26/10/2010;21.6;29.0;13.8;0.0
27/10/2010;21.5;30.9;11.5;0.0
28/10/2010;25.0;34.4;12.6;0.0
29/10/2010;29.4;36.4;20.9;0.0
30/10/2010;21.0;26.7;18.4;35.8
31/10/2010;21.4;26.3;18.1;0.4
01/11/2010;21.6;29.0;14.6;0.0
02/11/2010;21.3;29.1;13.1;0.0
03/11/2010;23.3;32.5;12.9;0.0
04/11/2010;26.9;35.4;17.4;0.0
05/11/2010;19.5;25.1;16.0;32.0
06/11/2010;20.9;28.3;14.2;0.2
07/11/2010;23.2;30.6;13.6;0.0
08/11/2010;26.9;34.8;17.1;0.0
09/11/2010;25.7;34.2;19.8;0.2
10/11/2010;19.4;25.4;15.6;0.0
11/11/2010;21.6;28.9;13.6;0.0
12/11/2010;23.0;28.4;17.9;0.0
13/11/2010;23.5;30.3;17.5;0.4
14/11/2010;24.1;30.6;17.5;0.0
15/11/2010;20.1;23.4;16.8;10.4
16/11/2010;21.2;26.2;15.8;0.0
17/11/2010;23.1;31.1;16.4;0.0
18/11/2010;23.9;32.4;15.0;0.0
19/11/2010;26.2;34.3;18.0;12.2
20/11/2010;19.9;22.9;18.4;18.2
21/11/2010;23.1;29.7;18.4;0.0
22/11/2010;23.6;29.7;19.2;0.0
23/11/2010;24.6;31.4;18.0;0.0
24/11/2010;23.6;30.3;18.1;0.0
25/11/2010;23.2;30.4;16.2;0.0
26/11/2010;24.7;32.6;16.4;0.0
27/11/2010;27.1;35.1;17.2;0.0
28/11/2010;24.7;32.6;19.9;16.8
29/11/2010;24.6;30.3;19.9;10.0
30/11/2010;24.1;30.8;21.3;17.8
01/12/2010;25.6;32.0;21.3;21.2
02/12/2010;27.1;33.1;22.4;7.2
03/12/2010;27.8;32.2;23.8;0.0
04/12/2010;28.6;34.4;23.8;0.0
05/12/2010;25.3;34.2;20.3;29.4
06/12/2010;24.4;31.3;20.6;0.6
07/12/2010;26.3;34.2;20.9;0.0
08/12/2010;22.4;25.8;20.2;58.8
09/12/2010;25.7;30.8;19.5;0.0
10/12/2010;28.2;34.4;23.1;0.0
11/12/2010;29.1;35.3;23.2;0.0
12/12/2010;29.6;34.6;25.3;0.0
13/12/2010;17.3;27.5;13.5;26.0
14/12/2010;18.0;25.3;9.5;0.0
15/12/2010;20.7;26.8;16.6;0.0
16/12/2010;22.9;27.4;18.2;0.0
17/12/2010;26.0;31.5;21.4;0.0
18/12/2010;27.3;33.5;21.6;0.0
19/12/2010;27.4;32.8;21.8;0.0
20/12/2010;25.7;33.2;22.5;0.0
21/12/2010;25.8;31.8;20.6;0.0
22/12/2010;23.1;28.9;20.9;39.4
23/12/2010;24.2;30.5;19.7;0.0
24/12/2010;23.3;29.7;20.7;13.0
25/12/2010;24.0;28.9;20.8;7.0
26/12/2010;25.7;31.2;21.9;0.0
27/12/2010;25.4;31.9;21.0;1.4
28/12/2010;24.7;32.8;20.4;1.6
29/12/2010;26.2;32.6;20.0;0.0
30/12/2010;26.0;31.5;20.9;0.0
31/12/2010;25.3;30.0;21.7;0.0
01/01/2011;24.0;28.7;20.0;0.0
02/01/2011;24.7;30.9;18.7;0.0
03/01/2011;25.0;31.3;19.8;0.0
04/01/2011;24.7;32.0;19.9;0.0
05/01/2011;25.9;33.5;20.2;0.0
06/01/2011;26.7;34.2;20.3;0.0
07/01/2011;26.0;33.4;21.1;0.0
08/01/2011;26.6;33.7;22.1;6.2
09/01/2011;26.8;32.3;22.1;2.0
10/01/2011;25.5;31.7;23.1;14.2
11/01/2011;24.4;32.1;21.5;63.2
12/01/2011;23.7;26.9;21.1;2.4
13/01/2011;25.6;31.4;21.4;0.0
14/01/2011;27.0;32.8;22.6;0.0
15/01/2011;26.7;32.9;20.1;0.0
16/01/2011;25.7;32.2;21.7;1.0
17/01/2011;24.7;32.0;21.2;47.6
18/01/2011;24.8;31.7;21.4;36.6
19/01/2011;24.7;32.1;20.3;14.2
20/01/2011;24.1;30.0;21.2;4.6
21/01/2011;24.4;30.8;21.1;0.4
22/01/2011;24.9;29.4;21.8;0.2
23/01/2011;25.5;30.2;22.3;0.0
24/01/2011;25.9;34.0;19.4;46.8
25/01/2011;26.1;33.8;19.4;0.2
26/01/2011;25.2;33.2;21.4;16.2
27/01/2011;26.4;32.4;21.4;5.6
28/01/2011;24.9;32.2;21.2;24.8
29/01/2011;24.2;29.9;21.9;4.2
30/01/2011;26.0;31.6;22.0;0.0
31/01/2011;27.0;32.8;21.5;0.0
01/02/2011;25.1;32.0;21.8;65.4
02/02/2011;23.7;28.7;21.1;0.8
03/02/2011;25.2;31.2;21.9;6.4
04/02/2011;24.9;29.9;21.6;1.0
05/02/2011;25.4;31.4;21.8;0.0
06/02/2011;24.3;30.8;22.4;15.6
07/02/2011;24.3;30.4;21.7;1.2
08/02/2011;24.0;30.4;22.1;10.6
09/02/2011;24.0;29.2;22.0;2.0
10/02/2011;23.5;28.9;21.4;6.4
11/02/2011;23.8;28.9;21.6;11.8
12/02/2011;24.9;31.1;22.0;19.0
13/02/2011;23.8;31.7;20.6;25.2
14/02/2011;24.7;31.2;20.6;9.8
15/02/2011;25.0;31.7;20.8;2.0
16/02/2011;26.7;32.8;22.6;0.2
17/02/2011;26.0;33.1;22.4;0.2
18/02/2011;27.1;33.5;22.6;0.2
19/02/2011;23.7;29.4;20.3;0.0
20/02/2011;25.5;32.8;20.6;0.0
21/02/2011;26.3;33.8;20.3;0.2
22/02/2011;26.2;33.5;21.1;0.6
23/02/2011;26.0;32.1;21.5;0.6
24/02/2011;26.5;33.7;21.9;0.0
25/02/2011;27.2;33.5;22.4;0.0
26/02/2011;26.2;33.5;21.8;1.4
27/02/2011;24.3;32.2;20.7;8.8
28/02/2011;24.5;29.6;22.6;7.8
01/03/2011;23.4;26.4;22.0;1.2
02/03/2011;22.4;25.8;21.1;4.0
03/03/2011;21.8;22.8;21.1;13.0
04/03/2011;20.9;22.4;19.9;1.8
05/03/2011;22.4;25.9;20.4;0.0
06/03/2011;22.2;25.3;20.1;0.0
07/03/2011;22.5;26.7;21.1;2.6
08/03/2011;24.0;28.7;21.2;0.0
09/03/2011;24.5;30.5;19.5;1.0
10/03/2011;25.6;31.7;20.7;0.0
11/03/2011;25.8;31.6;21.0;19.6
12/03/2011;25.2;33.0;20.4;1.4
13/03/2011;26.3;32.9;21.3;0.0
14/03/2011;24.3;31.3;20.1;0.0
15/03/2011;25.4;32.5;18.8;0.0
16/03/2011;25.4;31.8;20.8;0.0
17/03/2011;24.7;31.9;20.7;6.0
18/03/2011;25.7;32.7;21.1;0.0
19/03/2011;25.6;32.1;21.2;3.0
20/03/2011;24.2;29.0;20.1;0.0
21/03/2011;23.8;29.7;18.4;0.0
22/03/2011;22.5;25.4;21.1;17.8
23/03/2011;23.6;28.4;21.5;6.0
24/03/2011;25.6;31.4;21.4;0.0
25/03/2011;26.4;32.5;20.9;0.0
26/03/2011;27.4;33.8;21.6;0.2
27/03/2011;26.8;33.8;21.5;0.0
28/03/2011;24.7;32.8;21.8;7.2
29/03/2011;24.1;30.6;21.6;1.0
30/03/2011;23.7;29.3;21.5;35.0
31/03/2011;25.1;30.5;21.2;0.0
01/04/2011;25.0;31.8;20.7;80.6
02/04/2011;21.8;27.2;19.8;23.6
03/04/2011;23.6;28.8;19.8;0.0
04/04/2011;24.3;29.9;20.3;1.2
05/04/2011;23.6;30.0;18.1;0.0
06/04/2011;22.7;29.9;15.9;0.0
07/04/2011;22.1;29.8;14.7;0.0
08/04/2011;22.7;30.6;15.8;0.0
09/04/2011;22.1;29.3;15.6;0.0
10/04/2011;21.6;29.4;14.2;0.0
11/04/2011;22.3;30.1;13.5;0.0
12/04/2011;18.7;21.0;16.8;42.4
13/04/2011;23.6;30.7;18.6;1.6
14/04/2011;25.9;32.5;20.8;0.0
15/04/2011;22.8;27.9;20.3;0.4
16/04/2011;24.0;31.8;19.0;0.2
17/04/2011;25.1;32.0;18.8;0.0
18/04/2011;25.3;31.9;18.9;0.0
19/04/2011;25.2;31.6;19.6;0.0
20/04/2011;25.2;31.9;20.9;0.0
21/04/2011;24.4;30.1;19.2;0.0
22/04/2011;26.3;33.1;20.7;0.0
23/04/2011;23.6;32.9;17.2;16.6
24/04/2011;21.0;26.4;16.4;0.0
25/04/2011;20.9;27.5;18.6;10.4
26/04/2011;20.6;25.3;17.7;0.0
27/04/2011;20.8;26.3;16.2;0.0
28/04/2011;18.4;21.6;15.7;0.0
29/04/2011;21.6;28.7;15.4;23.0
30/04/2011;20.7;24.7;18.0;15.4
01/05/2011;17.5;19.6;13.2;5.8
02/05/2011;13.7;17.8;9.5;0.0
03/05/2011;14.1;20.0;9.8;0.0
04/05/2011;16.2;22.8;9.1;0.0
05/05/2011;20.1;27.6;12.6;0.0
06/05/2011;22.5;29.8;15.9;0.0
07/05/2011;22.7;29.5;17.0;0.0
08/05/2011;23.6;31.0;16.6;0.0
09/05/2011;22.5;29.5;15.8;0.0
10/05/2011;22.3;28.6;15.7;0.0
11/05/2011;22.3;27.7;17.4;0.0
12/05/2011;22.6;28.9;18.0;0.0
13/05/2011;22.1;28.1;16.7;0.0
14/05/2011;22.0;28.0;16.9;0.0
15/05/2011;17.6;20.7;13.0;0.0
16/05/2011;14.4;18.2;11.2;0.0
17/05/2011;16.1;23.3;7.9;0.0
18/05/2011;17.5;23.3;13.0;0.0
19/05/2011;18.0;24.5;12.3;0.0
20/05/2011;18.3;25.4;11.4;0.0
21/05/2011;20.1;27.3;13.1;0.0
22/05/2011;21.6;27.6;17.0;0.0
23/05/2011;22.4;29.5;16.2;0.0
24/05/2011;21.2;27.7;14.4;0.0
25/05/2011;21.2;29.2;13.2;0.0
26/05/2011;20.0;23.9;16.8;0.0
27/05/2011;17.1;24.0;12.7;0.0
28/05/2011;16.7;24.8;9.5;0.0
29/05/2011;17.5;24.0;11.4;0.0
30/05/2011;15.6;22.3;9.9;0.0
31/05/2011;16.0;25.1;7.3;0.0
01/06/2011;17.4;25.7;10.3;0.0
02/06/2011;18.0;24.9;10.1;0.0
03/06/2011;18.7;26.8;11.3;0.0
04/06/2011;16.4;22.2;10.4;0.0
05/06/2011;15.2;23.5;6.8;0.0
06/06/2011;18.6;25.2;12.0;0.0
07/06/2011;17.4;21.4;9.3;2.8
08/06/2011;14.4;20.5;5.9;0.8
09/06/2011;14.8;17.7;11.0;32.8
10/06/2011;14.2;21.9;7.9;0.2
11/06/2011;15.3;23.2;6.3;0.0
12/06/2011;17.9;25.4;12.4;0.0
13/06/2011;18.6;27.3;11.0;0.0
14/06/2011;18.2;25.7;10.8;0.0
15/06/2011;18.7;25.8;13.2;0.0
16/06/2011;20.4;28.1;12.4;0.0
17/06/2011;22.5;30.0;15.1;0.0
18/06/2011;23.9;29.8;19.9;0.0
19/06/2011;22.8;29.8;17.4;0.0
20/06/2011;22.0;30.2;14.2;0.0
21/06/2011;23.4;30.6;17.6;0.0
22/06/2011;22.7;30.4;15.6;0.0
23/06/2011;22.0;28.6;14.7;0.0
24/06/2011;20.1;28.4;14.2;0.0
25/06/2011;18.1;25.7;12.2;0.0
26/06/2011;9.5;12.2;4.8;0.8
27/06/2011;7.1;14.0;1.6;0.0
28/06/2011;9.3;16.0;1.0;0.0
29/06/2011;11.7;13.5;10.3;68.1
30/06/2011;16.5;19.3;13.3;17.6
01/07/2011;16.4;18.5;14.6;25.6
02/07/2011;13.4;15.0;12.0;18.4
03/07/2011;10.9;12.3;8.7;0.0
04/07/2011;9.8;15.9;5.4;0.0
05/07/2011;11.5;18.5;4.9;0.0
06/07/2011;14.4;23.1;7.0;0.0
07/07/2011;14.9;22.6;9.8;0.0
08/07/2011;14.5;23.7;6.5;0.0
09/07/2011;18.6;27.6;10.2;0.0
10/07/2011;21.0;29.8;10.9;0.0
11/07/2011;23.6;32.3;16.3;0.0
12/07/2011;23.9;31.8;15.7;0.0
13/07/2011;23.9;31.1;17.5;0.0
14/07/2011;23.0;31.3;15.4;0.0
15/07/2011;22.5;31.6;14.4;0.0
16/07/2011;24.0;32.4;14.9;0.0
17/07/2011;25.4;32.6;20.5;0.0
18/07/2011;20.0;25.3;16.9;37.6
19/07/2011;20.8;26.9;16.7;0.0
20/07/2011;24.6;32.6;18.0;0.0
21/07/2011;18.4;23.6;14.3;21.4
22/07/2011;14.6;20.9;10.3;0.0
23/07/2011;16.6;24.3;9.3;0.0
24/07/2011;20.1;26.3;15.6;0.0
25/07/2011;21.3;27.9;15.7;0.0
26/07/2011;21.3;29.5;13.0;0.0
27/07/2011;22.4;29.5;15.2;0.0
28/07/2011;22.9;31.2;15.8;0.0
29/07/2011;24.3;31.4;16.5;0.0
30/07/2011;22.4;27.8;18.1;7.8
31/07/2011;20.3;23.7;17.2;6.6
01/08/2011;13.2;17.2;7.9;2.2
02/08/2011;8.8;13.9;6.0;0.0
03/08/2011;9.8;14.9;5.8;0.0
04/08/2011;11.2;18.3;2.8;0.0
05/08/2011;16.8;25.3;8.5;0.0
06/08/2011;22.1;31.9;12.7;0.0
07/08/2011;25.0;34.4;15.7;0.0
08/08/2011;26.1;34.4;16.4;0.0
09/08/2011;26.4;33.1;20.9;0.0
10/08/2011;23.5;31.6;16.1;0.0
11/08/2011;22.3;29.3;15.9;0.0
12/08/2011;24.5;32.9;16.4;0.0
13/08/2011;26.1;35.3;17.6;0.0
14/08/2011;26.5;36.0;18.5;0.0
15/08/2011;24.4;33.0;17.6;0.0
16/08/2011;25.9;35.1;19.1;0.0
17/08/2011;20.1;22.4;19.1;1.8
18/08/2011;25.2;33.8;19.1;0.2
19/08/2011;22.2;32.2;12.2;1.6
20/08/2011;11.0;14.7;8.7;0.0
21/08/2011;11.4;17.8;6.8;0.0
22/08/2011;11.8;17.8;8.4;0.0
23/08/2011;11.7;16.2;9.0;0.2
24/08/2011;18.0;27.8;7.9;0.0
25/08/2011;23.3;32.4;14.7;0.0
26/08/2011;24.6;33.8;15.8;0.0
27/08/2011;26.1;34.9;17.3;0.0
28/08/2011;27.7;36.1;18.6;0.0
29/08/2011;29.0;36.4;22.3;0.0
30/08/2011;26.6;34.3;17.9;2.4
31/08/2011;18.1;25.7;10.4;0.0
01/09/2011;19.8;26.8;11.7;0.0
02/09/2011;18.4;27.8;10.6;0.0
03/09/2011;20.3;29.8;11.5;0.0
04/09/2011;26.9;36.5;18.0;0.0
05/09/2011;26.6;34.3;19.8;0.0
06/09/2011;23.1;31.6;18.2;0.0
07/09/2011;24.5;34.1;17.6;0.0
08/09/2011;22.2;29.6;16.7;22.6
09/09/2011;16.3;20.2;13.4;8.2
10/09/2011;17.3;24.6;9.8;0.4
11/09/2011;20.5;28.1;13.0;0.0
12/09/2011;20.7;31.2;9.8;0.0
13/09/2011;22.7;31.8;13.8;0.0
14/09/2011;21.9;31.3;12.4;0.0
15/09/2011;21.9;30.2;14.3;0.0
16/09/2011;25.7;33.1;19.0;0.0
17/09/2011;26.5;34.0;20.7;0.0
18/09/2011;22.0;26.0;19.1;0.0
19/09/2011;24.8;32.5;17.9;0.0
20/09/2011;21.5;27.1;17.3;0.0
21/09/2011;20.9;29.1;14.4;0.0
22/09/2011;24.0;33.4;13.8;0.0
23/09/2011;20.0;25.0;16.8;27.8
24/09/2011;19.3;25.6;14.8;0.0
25/09/2011;19.4;26.8;13.3;0.0
26/09/2011;20.5;29.2;13.1;0.0
27/09/2011;23.3;33.5;13.4;0.0
28/09/2011;25.3;34.2;15.8;0.0
29/09/2011;27.3;36.1;19.6;0.0
30/09/2011;28.1;36.2;19.3;0.0
01/10/2011;24.2;34.2;18.0;7.8
02/10/2011;22.0;28.2;17.4;0.2
03/10/2011;22.7;30.5;15.8;0.0
04/10/2011;23.5;30.9;16.0;0.0
05/10/2011;25.2;33.1;17.9;0.0
06/10/2011;26.1;33.7;17.6;0.0
07/10/2011;28.4;35.4;20.8;0.0
08/10/2011;27.4;36.1;22.6;0.0
09/10/2011;26.2;35.5;21.3;9.8
10/10/2011;23.6;30.7;21.1;7.8
11/10/2011;24.7;30.5;21.7;1.8
12/10/2011;23.7;29.3;21.5;13.6
13/10/2011;25.7;32.3;21.9;3.8
14/10/2011;23.0;25.9;21.3;2.2
15/10/2011;22.6;27.5;19.6;1.6
16/10/2011;22.6;28.6;18.8;0.0
17/10/2011;22.6;29.8;16.5;0.0
18/10/2011;21.8;28.1;16.7;0.0
19/10/2011;21.9;29.4;15.4;0.0
20/10/2011;22.6;29.9;15.3;0.0
21/10/2011;22.8;30.3;16.3;0.0
22/10/2011;25.3;32.1;18.1;0.0
23/10/2011;25.5;31.2;19.4;0.0
24/10/2011;30.0;34.7;24.6;0.2
25/10/2011;22.1;26.2;19.0;14.6
26/10/2011;21.9;28.4;16.1;0.0
27/10/2011;24.0;32.6;16.7;0.0
28/10/2011;25.0;34.3;19.4;9.4
29/10/2011;27.7;36.9;18.1;18.0
30/10/2011;21.0;27.6;18.1;26.4
31/10/2011;21.1;27.8;15.3;0.0
01/11/2011;20.1;26.3;14.8;0.0
02/11/2011;20.0;26.7;14.6;0.0
03/11/2011;21.9;29.6;15.7;0.0
04/11/2011;24.9;33.0;17.5;0.0
05/11/2011;25.1;33.6;20.1;0.0
06/11/2011;20.6;24.8;18.8;19.2
07/11/2011;26.4;30.6;22.3;0.0
08/11/2011;25.9;31.7;19.9;0.0
09/11/2011;27.7;33.7;21.2;0.0
10/11/2011;25.4;32.7;20.6;0.0
11/11/2011;26.8;34.5;21.2;0.0
12/11/2011;27.1;35.1;20.8;5.4
13/11/2011;23.6;31.3;19.4;43.0
14/11/2011;18.6;19.7;17.1;60.2
15/11/2011;20.5;26.0;16.2;0.2
16/11/2011;21.8;27.5;15.6;0.0
17/11/2011;23.1;29.2;18.2;0.0
18/11/2011;23.8;30.4;17.2;0.0
19/11/2011;24.0;30.5;18.0;0.0
20/11/2011;24.7;31.7;18.3;0.0
21/11/2011;25.7;34.6;20.8;20.6
22/11/2011;20.6;24.8;16.9;0.0
23/11/2011;22.7;29.5;16.7;0.0
24/11/2011;25.1;32.0;18.7;0.0
25/11/2011;26.5;33.5;19.0;0.0
26/11/2011;27.6;34.5;19.6;0.0
27/11/2011;27.6;34.1;21.3;0.0
28/11/2011;27.6;33.9;21.5;0.0
29/11/2011;27.3;33.7;21.1;0.0
30/11/2011;26.7;35.6;20.8;10.2
01/12/2011;23.9;30.5;17.4;0.0
02/12/2011;22.5;31.1;12.9;0.0
03/12/2011;24.3;32.5;15.1;0.0
04/12/2011;25.5;32.4;18.5;0.0
05/12/2011;24.9;32.7;19.4;17.4
06/12/2011;23.6;28.8;19.4;3.0
07/12/2011;25.8;32.1;19.6;0.0
08/12/2011;24.3;30.5;20.3;12.8
09/12/2011;24.6;30.8;20.2;0.0
10/12/2011;26.2;32.1;21.0;0.0
11/12/2011;27.0;33.2;19.8;0.0
12/12/2011;27.3;34.4;22.4;0.0
13/12/2011;24.8;32.8;20.5;0.6
14/12/2011;23.1;29.6;16.5;0.0
15/12/2011;23.0;31.1;14.4;0.0
16/12/2011;23.4;30.2;14.8;0.0
17/12/2011;24.4;32.0;17.2;0.0
18/12/2011;24.9;32.3;17.4;0.0
19/12/2011;26.6;34.1;17.8;0.0
20/12/2011;27.7;36.1;18.5;0.0
21/12/2011;28.7;36.1;21.4;0.0
22/12/2011;28.1;35.2;20.5;0.0
23/12/2011;29.7;35.8;23.0;0.0
24/12/2011;26.6;32.9;22.4;0.0
25/12/2011;25.8;32.8;21.2;0.0
26/12/2011;25.4;31.4;21.4;0.0
27/12/2011;27.7;34.4;21.9;0.0
28/12/2011;27.4;35.6;21.6;4.6
29/12/2011;25.5;34.1;22.1;1.2
30/12/2011;23.2;29.7;21.1;32.2
31/12/2011;22.9;26.6;20.6;5.8
01/01/2012;25.1;31.7;19.6;0.0
02/01/2012;24.6;31.1;17.5;0.0
03/01/2012;26.4;33.3;18.6;0.0
04/01/2012;27.6;34.2;20.9;0.0
05/01/2012;27.4;35.4;19.7;0.0
06/01/2012;26.3;34.5;20.3;0.0
07/01/2012;27.2;34.7;19.3;0.0
08/01/2012;27.1;33.5;21.3;0.0
09/01/2012;27.1;32.6;20.8;0.0
10/01/2012;27.3;34.1;21.4;0.0
11/01/2012;25.9;32.3;22.1;0.2
12/01/2012;23.1;26.5;22.0;13.0
13/01/2012;22.6;24.8;21.3;24.2
14/01/2012;24.9;30.4;21.2;0.2
15/01/2012;25.3;32.2;19.9;0.0
16/01/2012;26.9;33.2;20.8;0.0
17/01/2012;25.8;33.4;20.6;27.6
18/01/2012;25.4;32.2;20.1;0.0
19/01/2012;26.0;32.9;20.3;1.8
20/01/2012;26.9;33.2;22.2;0.0
21/01/2012;25.3;32.1;20.9;76.6
22/01/2012;24.1;29.8;20.5;0.2
23/01/2012;26.1;31.7;22.4;0.0
24/01/2012;24.9;30.3;22.0;0.0
25/01/2012;23.2;29.3;21.6;7.2
26/01/2012;24.7;31.4;21.4;0.2
27/01/2012;24.0;28.9;20.8;0.0
28/01/2012;23.5;29.8;19.3;0.0
29/01/2012;24.9;31.5;16.9;0.0
30/01/2012;27.2;32.1;21.9;0.0
31/01/2012;27.1;33.1;22.2;0.0
01/02/2012;26.3;32.9;21.8;0.0
02/02/2012;26.4;33.8;20.4;0.0
03/02/2012;26.7;33.5;21.4;0.2
04/02/2012;26.9;33.3;20.9;0.0
05/02/2012;28.6;35.0;21.9;0.0
06/02/2012;28.4;36.1;20.5;0.0
07/02/2012;29.4;36.8;21.1;0.0
08/02/2012;28.3;36.8;21.3;7.8
09/02/2012;24.9;30.3;22.2;12.2
10/02/2012;25.5;31.6;21.5;0.0
11/02/2012;26.4;33.2;20.3;0.0
12/02/2012;25.8;34.7;17.0;0.0
13/02/2012;26.4;34.0;19.8;0.2
14/02/2012;25.0;32.6;20.8;2.4
15/02/2012;23.7;30.5;20.3;1.0
16/02/2012;26.1;33.7;20.0;0.2
17/02/2012;24.4;34.4;19.7;6.6
18/02/2012;26.1;35.1;18.6;1.2
19/02/2012;25.9;32.9;20.4;0.0
20/02/2012;26.2;33.8;21.7;0.6
21/02/2012;25.9;33.9;22.0;23.6
22/02/2012;22.3;28.1;20.5;9.0
23/02/2012;23.0;27.6;20.5;4.2
24/02/2012;23.6;30.6;20.6;19.4
25/02/2012;25.1;31.2;21.7;0.0
26/02/2012;23.6;29.3;21.5;3.8
27/02/2012;23.1;29.8;20.5;24.0
28/02/2012;23.6;31.1;20.6;2.2
29/02/2012;24.4;31.6;21.2;3.4
01/03/2012;25.1;33.5;20.2;0.0
02/03/2012;24.6;32.6;19.9;8.8
03/03/2012;25.9;33.6;21.0;0.0
04/03/2012;26.6;34.0;21.0;0.0
05/03/2012;27.5;34.1;21.1;0.0
06/03/2012;27.5;34.3;21.2;0.0
07/03/2012;27.4;34.7;21.6;0.0
08/03/2012;26.1;34.0;18.7;0.0
09/03/2012;26.5;34.5;17.7;0.0
10/03/2012;26.7;34.9;18.1;0.0
11/03/2012;24.6;34.0;20.9;15.0
12/03/2012;25.6;33.9;18.6;0.0
13/03/2012;27.4;34.7;20.8;0.0
14/03/2012;23.6;27.3;19.3;0.6
15/03/2012;23.0;26.9;20.6;1.6
16/03/2012;23.8;29.9;19.0;0.6
17/03/2012;24.4;30.0;21.1;0.0
18/03/2012;25.5;31.7;21.0;0.0
19/03/2012;26.0;32.3;21.4;0.0
20/03/2012;26.5;33.3;21.0;0.0
21/03/2012;26.7;34.5;20.3;0.0
22/03/2012;23.0;29.6;20.1;2.4
23/03/2012;22.6;28.7;19.2;2.6
24/03/2012;22.4;29.9;16.2;0.0
25/03/2012;24.3;32.7;15.1;0.0
26/03/2012;25.1;33.7;19.6;21.6
27/03/2012;19.8;23.0;14.8;61.2
28/03/2012;15.7;22.4;10.2;0.0
29/03/2012;18.1;27.4;8.0;0.0
30/03/2012;20.9;29.7;13.4;0.0
31/03/2012;22.8;31.4;14.2;0.0
01/04/2012;24.0;31.4;16.3;0.0
02/04/2012;23.9;31.9;18.7;0.0
03/04/2012;24.8;31.2;19.8;0.0
04/04/2012;25.8;32.6;17.9;0.0
05/04/2012;26.1;33.4;18.7;0.0
06/04/2012;21.6;27.9;17.9;0.2
07/04/2012;24.5;31.9;18.2;0.0
08/04/2012;24.8;32.7;19.0;0.0
09/04/2012;22.4;27.7;19.2;7.2
10/04/2012;22.5;27.4;20.0;4.0
11/04/2012;24.2;31.5;19.3;0.0
12/04/2012;23.8;31.0;20.8;18.6
13/04/2012;26.1;32.2;20.3;0.2
14/04/2012;22.0;29.4;18.9;8.4
15/04/2012;22.0;26.9;19.1;0.0
16/04/2012;22.6;28.9;16.9;0.0
17/04/2012;24.0;29.8;19.1;0.0
18/04/2012;24.1;30.1;18.6;0.0
19/04/2012;25.3;31.3;19.9;0.0
20/04/2012;24.9;32.1;21.0;0.6
21/04/2012;20.9;22.1;20.0;56.8
22/04/2012;21.2;27.3;16.5;0.2
23/04/2012;21.4;27.6;17.0;0.0
24/04/2012;23.0;28.6;17.7;0.0
25/04/2012;22.0;27.4;19.1;53.2
26/04/2012;20.9;24.5;17.8;10.2
27/04/2012;18.8;22.0;16.8;0.0
28/04/2012;20.9;27.7;18.0;20.6
29/04/2012;16.2;19.7;11.3;7.6
30/04/2012;13.0;19.0;8.3;0.0
01/05/2012;12.2;19.1;5.1;0.0
02/05/2012;14.8;22.8;6.2;0.0
03/05/2012;17.8;24.7;12.3;0.0
04/05/2012;20.3;27.4;14.6;0.0
05/05/2012;22.0;29.6;16.0;0.0
06/05/2012;21.1;28.1;15.2;0.0
07/05/2012;21.0;27.1;16.1;0.0
08/05/2012;20.9;27.3;16.1;0.0
09/05/2012;21.5;28.3;16.0;0.0
10/05/2012;22.7;29.6;15.8;0.0
11/05/2012;23.9;28.1;19.5;49.2
12/05/2012;22.0;26.9;18.1;2.2
13/05/2012;19.1;22.6;15.7;3.2
14/05/2012;19.6;22.8;16.3;0.2
15/05/2012;19.4;23.7;16.3;0.0
16/05/2012;18.5;23.7;14.9;0.0
17/05/2012;19.1;25.4;14.7;0.0
18/05/2012;19.5;25.4;14.8;0.0
19/05/2012;18.9;25.1;15.2;0.0
20/05/2012;20.3;27.2;14.5;0.0
21/05/2012;20.3;26.3;14.8;0.0
22/05/2012;21.4;27.2;17.8;0.0
23/05/2012;19.3;22.5;17.3;17.8
24/05/2012;19.8;24.0;17.4;5.8
25/05/2012;18.5;23.9;14.4;0.0
26/05/2012;20.1;25.3;14.4;0.0
27/05/2012;22.9;27.7;19.5;0.0
28/05/2012;21.8;26.6;17.9;4.4
29/05/2012;22.6;28.9;17.3;0.0
30/05/2012;22.8;30.1;17.2;0.0
31/05/2012;21.7;26.2;18.0;0.2
01/06/2012;22.4;27.8;19.0;0.2
02/06/2012;23.1;29.4;19.1;0.0
03/06/2012;23.2;30.2;16.4;0.0
04/06/2012;20.6;29.8;13.2;12.2
05/06/2012;12.7;14.3;11.3;1.2
06/06/2012;12.3;16.7;9.0;5.0
07/06/2012;10.5;13.7;8.0;0.0
08/06/2012;11.7;17.5;4.0;0.0
09/06/2012;15.8;19.4;12.7;0.0
10/06/2012;20.3;26.2;16.1;0.0
11/06/2012;22.3;29.1;16.4;0.0
12/06/2012;23.2;29.6;17.0;0.0
13/06/2012;23.0;28.8;19.0;0.0
14/06/2012;22.1;28.3;17.0;0.0
15/06/2012;21.0;27.4;15.0;0.0
16/06/2012;19.9;26.4;14.4;0.0
17/06/2012;22.0;28.1;16.7;0.0
18/06/2012;23.3;29.2;20.2;57.6
19/06/2012;20.3;21.3;18.0;84.0
20/06/2012;18.5;20.9;17.0;25.4
21/06/2012;17.1;18.7;16.3;30.4
22/06/2012;15.1;19.8;9.0;0.6
23/06/2012;13.0;21.1;6.3;0.2
24/06/2012;16.3;23.8;10.0;0.0
25/06/2012;17.2;25.2;9.0;0.2
26/06/2012;17.4;23.9;12.6;0.0
27/06/2012;23.0;27.3;18.9;0.0
28/06/2012;21.6;28.5;16.1;0.0
29/06/2012;21.4;29.0;14.9;0.0
30/06/2012;21.1;28.6;13.7;0.0
01/07/2012;21.4;29.1;14.1;0.0
02/07/2012;22.3;30.0;16.1;0.0
03/07/2012;22.2;29.3;15.0;0.0
04/07/2012;22.4;29.6;17.8;0.0
05/07/2012;21.6;30.0;13.1;0.0
06/07/2012;18.6;25.9;12.8;0.0
07/07/2012;11.3;13.0;9.1;3.6
08/07/2012;10.3;17.8;3.4;0.0
09/07/2012;15.5;22.3;8.7;0.0
10/07/2012;20.4;28.6;12.8;0.0
11/07/2012;18.6;23.9;15.5;0.0
12/07/2012;14.7;19.4;6.9;0.0
13/07/2012;12.3;20.6;4.3;0.0
14/07/2012;13.6;23.2;4.7;0.0
15/07/2012;14.4;22.4;6.5;0.0
16/07/2012;13.5;16.8;11.5;0.6
17/07/2012;12.6;18.0;7.6;0.0
18/07/2012;11.3;19.7;4.9;0.0
19/07/2012;12.5;21.7;4.0;0.0
20/07/2012;15.1;24.6;5.0;0.0
21/07/2012;19.6;30.1;10.0;0.0
22/07/2012;21.7;30.5;13.3;0.0
23/07/2012;22.7;31.1;15.2;0.0
24/07/2012;23.9;33.0;14.7;0.0
25/07/2012;21.0;25.1;18.2;0.2
26/07/2012;22.4;30.1;18.1;0.0
27/07/2012;21.5;25.4;19.3;0.6
28/07/2012;22.4;31.0;17.3;0.2
29/07/2012;23.7;32.7;16.4;0.0
30/07/2012;20.5;27.2;16.9;0.0
31/07/2012;20.6;27.8;15.2;0.0
01/08/2012;22.1;29.8;14.9;0.0
02/08/2012;22.7;31.6;13.5;0.0
03/08/2012;23.3;31.9;16.4;0.0
04/08/2012;22.6;31.8;13.9;0.0
05/08/2012;22.9;31.2;15.2;0.0
06/08/2012;22.5;30.3;15.8;0.0
07/08/2012;22.6;29.8;16.9;0.0
08/08/2012;23.6;33.0;14.5;0.0
09/08/2012;23.6;32.2;16.4;0.0
10/08/2012;23.4;31.0;14.4;0.0
11/08/2012;24.0;32.1;15.6;0.0
12/08/2012;24.4;33.1;15.0;0.0
13/08/2012;23.5;32.4;16.3;0.0
14/08/2012;23.3;30.6;16.4;0.0
15/08/2012;24.1;32.5;17.4;0.0
16/08/2012;21.3;26.0;18.2;2.0
17/08/2012;24.4;32.6;16.8;0.0
18/08/2012;24.9;32.6;19.0;0.0
19/08/2012;23.9;31.4;17.4;0.0
20/08/2012;24.2;31.8;17.5;0.0
21/08/2012;25.1;32.6;17.9;0.0
22/08/2012;26.6;31.6;20.1;0.0
23/08/2012;24.8;32.9;17.0;0.0
24/08/2012;24.3;32.4;16.5;0.0
25/08/2012;18.2;24.9;12.8;0.0
26/08/2012;15.4;24.5;11.8;0.0
27/08/2012;13.0;19.9;9.7;0.0
28/08/2012;13.2;17.1;10.6;0.0
29/08/2012;17.9;26.8;9.7;0.0
30/08/2012;22.4;31.3;15.2;0.0
31/08/2012;22.6;31.6;14.9;0.0
01/09/2012;23.3;32.7;13.3;0.0
02/09/2012;24.2;34.3;14.5;0.0
03/09/2012;25.0;34.7;15.3;0.0
04/09/2012;23.5;31.2;16.5;0.0
05/09/2012;25.2;35.6;16.0;0.0
06/09/2012;27.4;38.3;17.5;0.0
07/09/2012;28.8;37.7;19.5;0.0
08/09/2012;25.7;32.6;19.6;0.0
09/09/2012;28.8;38.2;20.4;0.0
10/09/2012;26.0;37.9;19.9;0.0
11/09/2012;23.2;30.4;17.8;0.0
12/09/2012;25.3;36.2;17.9;2.4
13/09/2012;25.6;33.8;18.0;0.0
14/09/2012;27.2;35.4;20.5;0.0
15/09/2012;28.6;37.2;21.1;0.0
16/09/2012;29.1;37.8;20.9;0.0
17/09/2012;30.2;38.4;21.5;0.0
18/09/2012;30.3;37.2;23.7;0.0
19/09/2012;19.6;27.4;12.5;25.4
20/09/2012;18.1;24.9;9.7;1.2
21/09/2012;20.4;25.7;14.7;8.0
22/09/2012;18.7;27.5;10.9;0.0
23/09/2012;20.5;29.8;9.7;0.0
24/09/2012;24.8;33.2;17.8;0.0
25/09/2012;20.2;24.9;12.3;23.2
26/09/2012;12.5;18.9;6.9;0.0
27/09/2012;15.5;23.6;6.7;0.0
28/09/2012;19.2;27.1;11.3;0.0
29/09/2012;20.4;26.9;15.7;0.0
30/09/2012;26.3;35.7;18.3;0.0
01/10/2012;28.9;36.9;21.0;0.0
02/10/2012;28.8;36.7;21.6;0.0
03/10/2012;22.2;26.3;19.2;9.0
04/10/2012;23.5;30.3;18.1;0.0
05/10/2012;25.5;32.4;20.1;0.0
06/10/2012;28.2;35.8;21.9;0.0
07/10/2012;29.5;37.4;22.5;0.0
08/10/2012;28.7;36.3;21.0;0.0
09/10/2012;27.7;37.4;21.5;39.8
10/10/2012;22.0;24.3;20.2;19.4
11/10/2012;20.1;24.0;17.4;0.0
12/10/2012;19.4;22.6;16.8;0.0
13/10/2012;22.1;27.8;18.1;0.0
14/10/2012;23.4;30.2;17.1;0.0
15/10/2012;25.9;34.0;17.9;0.0
16/10/2012;21.5;27.6;17.0;38.4
17/10/2012;24.1;30.9;18.1;0.0
18/10/2012;23.3;31.0;16.2;6.0
19/10/2012;21.2;25.9;18.5;6.4
20/10/2012;25.2;33.2;17.8;0.0
21/10/2012;22.6;28.1;19.1;5.8
22/10/2012;28.5;35.4;19.5;0.0
23/10/2012;22.9;28.9;16.5;1.4
24/10/2012;24.0;31.7;16.7;0.0
25/10/2012;26.8;34.2;20.4;0.0
26/10/2012;27.6;35.7;22.8;13.4
27/10/2012;29.6;36.5;23.3;0.0
28/10/2012;28.0;36.5;22.9;0.0
29/10/2012;29.1;37.6;20.3;0.0
30/10/2012;30.2;39.3;23.0;0.0
31/10/2012;29.5;38.5;20.6;0.0
01/11/2012;21.0;24.0;19.5;11.0
02/11/2012;23.9;28.9;18.8;0.0
03/11/2012;25.3;31.5;20.8;0.0
04/11/2012;26.1;33.3;20.0;0.0
05/11/2012;25.9;33.5;20.6;6.8
06/11/2012;24.0;32.3;19.9;21.0
07/11/2012;24.7;32.3;19.6;10.6
08/11/2012;22.8;28.3;20.3;0.6
09/11/2012;24.1;30.4;20.3;0.0
10/11/2012;27.1;34.1;20.4;0.0
11/11/2012;28.1;34.3;21.6;0.0
12/11/2012;28.0;35.1;23.1;0.0
13/11/2012;25.9;32.9;20.3;0.0
14/11/2012;23.8;30.8;17.1;0.0
15/11/2012;24.9;31.9;19.0;0.0
16/11/2012;26.2;34.0;18.2;0.0
17/11/2012;26.5;33.3;19.9;0.0
18/11/2012;25.9;32.0;20.4;0.0
19/11/2012;26.2;33.4;20.7;0.0
20/11/2012;25.9;32.1;21.7;0.0
21/11/2012;28.1;34.6;20.8;0.0
22/11/2012;28.8;35.5;22.4;0.0
23/11/2012;24.8;31.7;22.1;52.8
24/11/2012;24.6;30.0;20.4;20.2
25/11/2012;25.7;32.1;20.9;0.0
26/11/2012;25.1;30.7;19.7;0.0
27/11/2012;26.1;32.4;21.5;0.0
28/11/2012;27.7;34.5;20.0;0.0
29/11/2012;25.1;33.2;19.9;29.2
30/11/2012;25.3;31.2;20.6;0.0
01/12/2012;26.2;31.3;21.9;0.0
02/12/2012;27.4;33.2;21.6;0.0
03/12/2012;28.8;34.2;23.3;0.0
04/12/2012;28.2;32.9;24.1;0.0
05/12/2012;26.6;33.5;23.1;9.8
06/12/2012;28.3;33.8;22.6;0.0
07/12/2012;28.4;33.4;23.6;0.0
08/12/2012;28.4;35.9;23.3;0.6
09/12/2012;26.5;32.3;22.5;0.0
10/12/2012;29.2;35.6;23.1;0.0
11/12/2012;29.2;35.1;23.8;0.0
12/12/2012;28.8;35.7;22.8;0.0
13/12/2012;24.3;32.6;19.3;5.4
14/12/2012;23.3;29.2;19.2;0.0
15/12/2012;25.6;33.0;20.0;0.0
16/12/2012;24.9;30.8;22.9;23.6
17/12/2012;25.1;29.1;22.4;0.2
18/12/2012;24.9;30.6;20.7;1.6
19/12/2012;27.9;33.9;22.3;0.0
20/12/2012;28.7;34.8;23.6;0.0
21/12/2012;28.6;36.1;22.1;0.0
22/12/2012;26.9;35.2;20.6;0.0
23/12/2012;27.7;33.7;22.5;0.0
24/12/2012;28.2;34.3;23.8;0.0
25/12/2012;29.6;36.1;23.9;0.0
26/12/2012;28.8;36.3;24.0;0.0
27/12/2012;26.0;33.9;22.4;12.8
28/12/2012;24.2;32.5;21.6;3.6
29/12/2012;23.8;29.6;21.6;0.8
30/12/2012;24.4;29.3;22.0;0.6
31/12/2012;26.3;31.9;21.7;0.0
01/01/2013;22.8;27.7;18.9;6.4
02/01/2013;23.4;29.2;18.6;0.0
03/01/2013;24.3;31.9;19.7;8.4
04/01/2013;24.5;32.3;20.6;1.0
05/01/2013;27.3;34.3;21.8;3.0
06/01/2013;27.6;33.5;22.4;8.2
07/01/2013;27.6;32.6;22.9;0.0
08/01/2013;26.8;34.3;23.3;0.0
09/01/2013;22.5;24.0;20.6;44.6
10/01/2013;25.5;30.8;21.6;0.0
11/01/2013;24.2;29.7;19.5;0.0
12/01/2013;23.2;30.0;16.5;0.0
13/01/2013;24.2;31.0;17.7;0.0
14/01/2013;24.8;32.2;20.8;0.2
15/01/2013;25.0;32.2;20.1;0.0
16/01/2013;24.6;32.0;18.5;2.6
17/01/2013;24.8;33.9;18.5;1.6
18/01/2013;26.1;32.9;19.9;0.6
19/01/2013;26.5;34.0;20.7;0.0
20/01/2013;25.8;32.1;19.4;0.0
21/01/2013;25.4;31.2;21.0;0.0
22/01/2013;25.0;31.4;20.0;0.0
23/01/2013;26.4;33.4;20.5;0.0
24/01/2013;27.9;34.7;19.8;0.0
25/01/2013;25.6;30.9;21.4;0.0
26/01/2013;25.2;32.8;19.1;0.0
27/01/2013;24.9;35.3;14.4;0.0
28/01/2013;26.7;35.3;18.3;0.0
29/01/2013;27.2;34.5;20.7;0.0
30/01/2013;27.6;35.4;20.6;0.0
31/01/2013;27.7;34.3;22.1;0.0
01/02/2013;27.6;33.9;22.8;1.2
02/02/2013;28.1;33.8;23.2;0.0
03/02/2013;25.3;35.6;20.8;10.8
04/02/2013;25.6;32.8;20.1;0.0
05/02/2013;27.6;34.6;20.3;0.0
06/02/2013;26.7;34.2;21.6;0.2
07/02/2013;23.6;33.7;19.5;16.8
08/02/2013;22.2;29.9;18.6;39.4
09/02/2013;22.8;29.2;19.3;0.3
10/02/2013;25.5;32.3;21.3;0.2
11/02/2013;23.2;27.9;21.1;10.0
12/02/2013;25.1;31.8;21.1;1.2
13/02/2013;23.1;29.0;20.4;43.2
14/02/2013;23.7;30.5;21.9;10.4
15/02/2013;23.4;31.0;21.2;3.8
16/02/2013;26.4;33.9;20.5;3.6
17/02/2013;28.7;36.3;21.6;0.0
18/02/2013;26.9;35.5;22.8;0.0
19/02/2013;24.8;32.5;21.9;0.4
20/02/2013;26.6;32.9;20.9;27.6
21/02/2013;24.7;31.5;21.2;39.6
22/02/2013;25.5;32.5;20.8;9.4
23/02/2013;25.5;31.4;20.6;0.2
24/02/2013;26.2;32.0;20.9;0.0
25/02/2013;26.4;32.8;22.0;0.2
26/02/2013;24.7;30.5;21.9;0.0
27/02/2013;26.6;32.6;21.1;0.0
28/02/2013;24.5;32.1;20.3;5.0
01/03/2013;25.3;32.1;18.7;0.0
02/03/2013;27.7;34.3;22.3;0.0
03/03/2013;28.2;34.7;23.5;0.6
04/03/2013;27.1;33.1;22.9;0.0
05/03/2013;25.7;34.7;21.8;0.0
06/03/2013;27.7;35.4;21.3;0.0
07/03/2013;28.9;35.8;23.5;0.0
08/03/2013;26.6;35.5;22.4;7.8
09/03/2013;26.7;33.1;22.2;6.0
10/03/2013;28.1;35.5;22.8;0.0
11/03/2013;26.8;32.5;21.5;0.2
12/03/2013;28.1;35.8;22.4;0.0
13/03/2013;24.2;30.6;20.4;35.0
14/03/2013;24.0;29.8;21.6;24.4
15/03/2013;24.8;30.6;21.4;64.6
16/03/2013;23.4;29.2;21.1;37.2
17/03/2013;24.5;29.3;22.0;1.2
18/03/2013;20.9;23.2;19.6;101.2
19/03/2013;21.6;23.9;18.5;0.2
20/03/2013;20.2;22.3;17.5;34.0
21/03/2013;23.1;27.4;19.9;0.8
22/03/2013;23.1;29.0;17.5;0.0
23/03/2013;24.0;30.8;17.1;6.6
24/03/2013;23.3;30.6;19.3;0.4
25/03/2013;24.1;31.9;18.3;0.2
26/03/2013;22.7;28.4;18.1;0.2
27/03/2013;21.0;27.4;14.1;0.0
28/03/2013;19.9;27.0;12.7;0.0
29/03/2013;21.9;29.0;15.0;0.0
30/03/2013;23.2;31.1;16.4;0.0
31/03/2013;24.8;31.9;19.1;0.0
01/04/2013;27.0;33.4;20.3;0.0
02/04/2013;21.2;25.7;19.1;55.8
03/04/2013;20.8;23.7;19.2;8.4
04/04/2013;23.5;29.3;20.2;7.0
05/04/2013;22.2;25.6;19.8;0.0
06/04/2013;22.6;27.0;20.1;33.4
07/04/2013;20.2;22.0;18.8;23.4
08/04/2013;21.7;25.2;19.1;0.2
09/04/2013;22.4;28.8;19.5;5.8
10/04/2013;22.6;28.4;18.7;0.2
11/04/2013;24.8;29.7;20.5;0.0
12/04/2013;24.1;30.3;18.0;43.0
13/04/2013;19.4;24.0;15.2;6.2
14/04/2013;17.9;25.7;11.5;0.2
15/04/2013;17.9;26.4;11.1;0.0
16/04/2013;18.1;25.8;10.6;0.0
17/04/2013;18.4;26.0;11.9;0.0
18/04/2013;19.3;27.4;11.7;0.0
19/04/2013;20.0;27.0;13.1;0.0
20/04/2013;19.8;27.3;12.5;0.0
21/04/2013;20.3;27.4;13.3;0.0
22/04/2013;20.3;26.9;14.4;0.0
23/04/2013;20.5;27.3;15.7;0.0
24/04/2013;20.9;27.3;13.7;0.0
25/04/2013;21.3;27.8;15.2;0.0
26/04/2013;22.8;29.3;16.7;0.0
27/04/2013;23.7;29.9;18.5;0.0
28/04/2013;23.3;28.7;18.4;0.0
29/04/2013;23.4;31.2;16.8;0.0
30/04/2013;23.9;30.7;17.0;0.0
01/05/2013;23.6;31.3;15.8;0.0
02/05/2013;24.6;32.0;17.6;0.0
03/05/2013;25.5;33.1;19.3;0.0
04/05/2013;24.0;32.9;17.8;0.0
05/05/2013;18.5;20.6;16.4;23.8
06/05/2013;17.3;24.3;11.6;0.2
07/05/2013;16.1;23.7;8.8;0.0
08/05/2013;15.9;24.3;8.6;0.0
09/05/2013;17.3;26.2;9.2;0.0
10/05/2013;18.5;27.1;10.8;0.0
11/05/2013;20.4;30.2;9.7;0.0
12/05/2013;22.0;30.7;13.2;0.0
13/05/2013;21.5;28.9;17.4;7.2
14/05/2013;19.6;24.2;17.4;1.6
15/05/2013;24.3;31.4;17.7;0.0
16/05/2013;18.6;23.5;14.3;2.2
17/05/2013;18.7;25.4;13.3;0.0
18/05/2013;20.9;26.7;16.1;0.0
19/05/2013;22.5;28.9;17.1;0.0
20/05/2013;21.9;26.6;18.3;0.0
21/05/2013;22.5;29.8;17.9;0.0
22/05/2013;21.3;28.0;18.1;0.0
23/05/2013;20.2;23.6;18.8;3.8
24/05/2013;18.6;21.3;16.2;0.0
25/05/2013;18.0;24.1;14.4;0.0
26/05/2013;19.3;25.3;13.3;0.2
27/05/2013;23.2;30.1;16.9;1.4
28/05/2013;24.3;29.8;19.5;0.0
29/05/2013;24.6;30.7;19.8;0.4
30/05/2013;16.4;21.8;9.2;0.0
31/05/2013;17.9;26.8;6.6;0.0
01/06/2013;23.0;28.9;18.3;0.2
02/06/2013;21.1;26.7;18.1;43.2
03/06/2013;18.5;23.8;13.6;0.0
04/06/2013;17.8;26.0;10.6;0.0
05/06/2013;18.7;26.1;13.0;0.0
06/06/2013;19.3;27.9;12.5;0.0
07/06/2013;19.6;26.8;13.7;0.0
08/06/2013;19.4;27.6;12.8;0.0
09/06/2013;21.1;27.9;15.6;0.0
10/06/2013;19.3;23.5;15.3;0.0
11/06/2013;19.0;26.3;14.1;0.0
12/06/2013;20.6;28.1;14.4;0.0
13/06/2013;21.4;29.0;14.6;0.0
14/06/2013;21.8;28.5;15.9;17.0
15/06/2013;17.4;21.2;14.1;8.0
16/06/2013;16.6;20.6;12.1;26.8
17/06/2013;15.3;21.0;11.2;0.0
18/06/2013;20.3;27.5;14.1;0.0
19/06/2013;20.1;23.7;18.3;14.8
20/06/2013;19.0;22.8;16.4;2.4
21/06/2013;13.6;16.6;9.6;2.6
22/06/2013;10.8;13.7;7.6;1.0
23/06/2013;16.2;20.0;11.7;0.0
24/06/2013;20.7;28.5;16.6;8.0
25/06/2013;16.2;18.1;14.4;58.2
26/06/2013;14.3;15.6;13.5;26.2
27/06/2013;17.6;23.3;13.4;0.0
28/06/2013;20.7;27.8;15.4;0.0
29/06/2013;22.2;28.7;16.7;0.0
30/06/2013;20.7;28.3;15.8;0.0
01/07/2013;17.2;22.5;12.3;0.0
02/07/2013;14.3;18.5;9.7;0.0
03/07/2013;18.8;25.7;12.7;0.0
04/07/2013;22.6;28.6;18.7;0.0
05/07/2013;22.1;28.6;16.6;0.0
06/07/2013;21.4;28.5;15.0;0.0
07/07/2013;21.9;30.2;14.2;0.0
08/07/2013;22.0;30.1;15.5;0.0
09/07/2013;19.8;26.2;15.2;0.0
10/07/2013;20.1;28.4;14.4;0.0
11/07/2013;20.1;27.8;14.1;0.2
12/07/2013;19.8;28.4;12.5;0.0
13/07/2013;19.2;28.0;10.7;0.0
14/07/2013;20.4;28.6;12.0;0.0
15/07/2013;20.1;27.8;14.8;0.0
16/07/2013;19.0;27.1;12.3;0.0
17/07/2013;20.1;28.1;11.4;0.0
18/07/2013;23.4;31.7;14.6;0.0
19/07/2013;21.6;28.9;14.4;0.0
20/07/2013;19.1;26.4;14.1;0.0
21/07/2013;12.4;18.8;8.4;24.6
22/07/2013;7.2;9.3;5.6;0.0
23/07/2013;6.1;11.4;1.4;2.0
24/07/2013;6.1;14.1;-0.7;0.0
25/07/2013;8.8;18.1;-0.5;0.0
26/07/2013;12.4;20.7;4.0;0.0
27/07/2013;15.6;24.6;8.2;0.0
28/07/2013;18.2;28.5;7.6;0.0
29/07/2013;19.4;28.8;10.2;0.0
30/07/2013;19.7;28.1;10.8;0.0
31/07/2013;21.8;32.6;11.1;0.0
01/08/2013;24.0;33.9;15.5;0.0
02/08/2013;24.2;34.1;14.9;0.0
03/08/2013;23.5;32.6;14.9;0.0
04/08/2013;22.8;29.5;17.8;0.0
05/08/2013;23.9;33.3;15.0;0.0
06/08/2013;25.0;34.2;16.7;0.0
07/08/2013;24.4;34.0;16.4;0.0
08/08/2013;24.5;33.3;17.4;0.0
09/08/2013;19.6;29.4;10.9;0.0
10/08/2013;11.0;16.1;6.8;1.6
11/08/2013;10.5;19.7;3.0;0.0
12/08/2013;18.7;29.7;7.5;0.0
13/08/2013;20.6;31.7;12.1;0.0
14/08/2013;11.4;17.3;4.9;0.0
15/08/2013;10.0;19.3;0.4;0.0
16/08/2013;14.0;22.5;5.8;0.0
17/08/2013;15.7;25.3;6.8;0.0
18/08/2013;18.0;26.4;10.6;0.0
19/08/2013;20.0;29.3;11.5;0.0
20/08/2013;22.5;31.5;14.5;0.0
21/08/2013;23.9;32.9;13.7;0.0
22/08/2013;25.7;35.4;16.0;0.0
23/08/2013;23.6;33.4;14.1;1.6
24/08/2013;15.4;24.9;10.6;0.0
25/08/2013;10.6;15.5;7.7;0.0
26/08/2013;8.8;13.0;6.4;1.0
27/08/2013;9.1;17.1;3.4;0.0
28/08/2013;10.4;21.1;0.6;0.0
29/08/2013;15.4;26.6;3.4;0.0
30/08/2013;21.9;34.8;8.3;0.0
31/08/2013;26.2;35.8;16.5;0.0
01/09/2013;24.9;36.3;17.8;0.0
02/09/2013;18.5;21.3;16.9;23.8
03/09/2013;19.6;28.3;13.6;41.6
04/09/2013;19.6;28.5;11.7;0.0
05/09/2013;21.9;29.1;16.4;0.0
06/09/2013;22.7;31.1;15.2;0.0
07/09/2013;24.7;33.5;15.6;0.0
08/09/2013;23.0;34.0;17.9;11.4
09/09/2013;24.1;32.8;15.8;0.0
10/09/2013;25.5;33.9;17.6;0.0
11/09/2013;25.9;34.3;17.8;0.0
12/09/2013;26.7;34.6;17.4;0.0
13/09/2013;25.8;34.1;15.7;0.0
14/09/2013;26.9;34.8;17.4;0.0
15/09/2013;26.2;32.9;19.4;0.0
16/09/2013;20.8;28.3;14.9;0.0
17/09/2013;12.7;15.6;9.0;18.0
18/09/2013;15.2;22.9;8.5;0.0
19/09/2013;19.9;27.4;13.5;0.0
20/09/2013;26.9;36.0;18.0;0.0
21/09/2013;29.8;36.6;22.3;0.0
22/09/2013;26.0;36.4;17.0;4.4
23/09/2013;14.0;17.2;11.4;0.2
24/09/2013;13.1;19.0;7.5;0.4
25/09/2013;13.3;23.1;3.4;0.0
26/09/2013;18.5;27.1;9.1;0.0
27/09/2013;22.6;30.9;14.5;0.0
28/09/2013;23.3;33.3;17.0;18.0
29/09/2013;21.3;28.8;15.6;0.2
30/09/2013;19.2;27.2;14.6;25.6
01/10/2013;16.4;18.8;14.3;1.8
02/10/2013;19.1;23.8;15.0;8.4
03/10/2013;22.7;33.0;18.5;25.0
04/10/2013;19.0;21.8;16.0;7.0
05/10/2013;18.3;25.4;11.8;0.0
06/10/2013;19.4;25.4;12.4;0.0
07/10/2013;20.9;27.9;13.8;0.0
08/10/2013;20.9;27.7;13.8;0.0
09/10/2013;23.5;30.8;17.2;0.0
10/10/2013;23.3;30.5;17.8;0.0
11/10/2013;21.4;25.6;18.0;1.8
12/10/2013;23.1;32.4;16.4;26.8
13/10/2013;19.6;25.9;17.7;7.8
14/10/2013;22.3;27.9;15.4;0.0
15/10/2013;20.6;24.0;18.5;14.0
16/10/2013;21.8;28.4;18.3;0.4
17/10/2013;22.9;28.7;19.5;3.2
18/10/2013;23.5;31.1;16.3;0.0
19/10/2013;23.8;32.2;15.2;0.0
20/10/2013;27.4;35.2;15.6;0.0
21/10/2013;27.6;35.2;19.1;19.0
22/10/2013;24.7;30.9;18.9;0.0
23/10/2013;28.1;35.3;20.7;0.0
24/10/2013;25.3;34.0;20.3;6.0
25/10/2013;23.4;30.2;19.4;28.4
26/10/2013;24.1;32.3;19.8;18.4
27/10/2013;24.8;29.5;20.5;0.0
28/10/2013;24.6;32.0;17.4;0.0
29/10/2013;25.6;31.8;19.9;0.0
30/10/2013;26.1;33.8;21.3;0.0
31/10/2013;26.5;33.6;21.6;0.0
01/11/2013;25.4;32.0;21.4;0.4
02/11/2013;24.5;29.9;20.9;0.6
03/11/2013;21.6;24.3;19.1;11.2
04/11/2013;21.4;27.7;15.4;0.0
05/11/2013;22.3;30.2;14.5;0.0
06/11/2013;23.0;28.7;18.3;0.0
07/11/2013;23.3;29.8;18.3;0.0
08/11/2013;26.5;33.8;18.3;0.0
09/11/2013;29.1;35.5;21.2;0.0
10/11/2013;30.3;36.7;25.0;0.0
11/11/2013;29.2;37.1;21.0;0.2
12/11/2013;23.6;31.2;17.5;0.4
13/11/2013;24.8;33.1;15.6;0.0
14/11/2013;27.1;34.2;19.5;0.0
15/11/2013;30.1;37.6;23.0;0.0
16/11/2013;23.1;28.4;19.8;33.4
17/11/2013;24.8;31.6;19.3;0.0
18/11/2013;25.6;33.2;20.8;0.0
19/11/2013;27.6;33.4;21.9;0.0
20/11/2013;22.4;27.1;18.8;24.2
21/11/2013;24.3;30.3;20.3;1.0
22/11/2013;24.5;31.0;18.6;0.2
23/11/2013;23.2;28.5;18.1;0.0
24/11/2013;24.1;29.9;18.2;0.0
25/11/2013;26.1;32.3;19.7;0.0
26/11/2013;26.4;32.8;20.3;0.0
27/11/2013;27.6;34.2;20.9;0.0
28/11/2013;29.1;35.4;21.6;0.0
29/11/2013;25.9;35.7;19.9;2.4
30/11/2013;25.5;32.8;18.1;0.8
01/12/2013;28.2;34.7;22.9;4.4
02/12/2013;26.8;34.1;20.4;0.0
03/12/2013;26.4;36.9;20.7;44.4
04/12/2013;27.9;35.0;20.0;0.0
05/12/2013;29.4;35.7;22.5;0.0
06/12/2013;25.5;31.3;21.4;0.0
07/12/2013;24.5;27.9;21.6;0.0
08/12/2013;27.2;34.1;20.7;0.0
09/12/2013;26.1;33.6;21.2;49.0
10/12/2013;24.1;30.0;20.1;0.8
11/12/2013;24.9;31.4;18.3;0.0
12/12/2013;25.8;32.3;19.2;0.0
13/12/2013;26.9;33.2;21.5;0.0
14/12/2013;24.7;29.7;21.3;0.6
15/12/2013;26.5;32.7;19.4;0.0
16/12/2013;27.2;32.9;22.2;0.0
17/12/2013;26.7;34.0;21.5;0.0
18/12/2013;27.2;33.8;20.7;0.0
19/12/2013;27.0;34.0;21.6;0.0
20/12/2013;26.4;33.8;20.8;0.6
21/12/2013;24.7;33.6;20.5;7.6
22/12/2013;25.2;31.5;20.1;0.2
23/12/2013;25.6;32.6;19.8;0.0
24/12/2013;25.0;33.4;20.2;5.4
25/12/2013;25.2;32.1;18.9;0.2
26/12/2013;27.5;33.9;20.9;0.0
27/12/2013;29.1;35.1;23.6;0.0
28/12/2013;26.8;33.4;22.0;0.0
29/12/2013;24.9;32.8;22.0;21.6
30/12/2013;25.1;30.6;21.3;0.0
31/12/2013;26.6;31.1;21.7;0.0
01/01/2014;26.7;30.2;23.5;0.2
02/01/2014;27.8;33.9;22.4;0.0
03/01/2014;26.7;34.0;21.8;3.6
04/01/2014;22.5;29.8;20.1;32.0
05/01/2014;24.7;33.4;19.0;38.2
06/01/2014;24.1;30.0;19.1;2.8
07/01/2014;25.6;32.8;20.1;0.0
08/01/2014;23.3;32.3;19.1;44.8
09/01/2014;23.9;31.7;19.1;0.0
10/01/2014;26.8;34.0;19.6;0.8
11/01/2014;26.9;34.9;21.1;1.0
12/01/2014;24.6;30.5;20.6;2.0
13/01/2014;23.4;29.8;18.9;23.0
14/01/2014;22.3;28.2;17.7;37.4
15/01/2014;23.3;28.2;20.6;1.0
16/01/2014;24.0;29.4;19.4;0.2
17/01/2014;24.2;31.3;19.0;0.0
18/01/2014;25.5;32.8;17.3;0.0
19/01/2014;25.7;33.5;20.3;0.0
20/01/2014;27.3;34.4;20.1;0.0
21/01/2014;27.6;33.2;21.8;0.0
22/01/2014;27.2;33.3;20.9;0.0
23/01/2014;26.8;32.5;22.6;0.0
24/01/2014;26.3;32.8;22.3;0.0
25/01/2014;23.0;27.0;18.8;61.6
26/01/2014;24.9;32.4;18.5;0.0
27/01/2014;25.4;32.5;18.6;0.2
28/01/2014;26.1;33.4;20.2;0.0
29/01/2014;26.3;34.0;19.5;0.0
30/01/2014;26.9;34.1;19.7;0.0
31/01/2014;26.2;35.6;20.5;0.0
01/02/2014;28.4;36.2;19.9;0.0
02/02/2014;29.2;36.3;21.1;0.0
03/02/2014;28.5;36.1;20.4;0.0
04/02/2014;27.9;35.2;22.4;0.8
05/02/2014;28.2;35.8;21.0;0.0
06/02/2014;29.4;37.9;21.1;0.0
07/02/2014;29.4;37.4;22.9;0.2
08/02/2014;29.4;37.9;21.3;0.0
09/02/2014;26.3;35.5;20.6;6.8
10/02/2014;27.6;35.7;21.2;0.0
11/02/2014;28.0;35.7;21.6;0.0
12/02/2014;24.6;32.9;19.6;31.6
13/02/2014;24.0;32.2;21.6;3.6
14/02/2014;22.6;27.9;20.5;3.8
15/02/2014;23.9;28.6;20.4;0.0
16/02/2014;24.1;28.9;19.5;0.0
17/02/2014;26.8;30.4;23.4;0.0
18/02/2014;26.4;31.7;21.4;0.0
19/02/2014;26.9;32.6;21.9;0.0
20/02/2014;24.3;31.4;21.1;44.4
21/02/2014;22.8;26.4;20.7;17.6
22/02/2014;23.6;29.7;21.2;3.6
23/02/2014;23.7;29.7;20.4;0.2
24/02/2014;23.5;30.1;20.5;5.0
25/02/2014;22.1;28.5;19.7;28.2
26/02/2014;21.7;28.9;19.5;20.2
27/02/2014;21.3;26.3;17.5;0.2
28/02/2014;22.2;29.7;16.0;0.0
01/03/2014;24.2;31.4;16.0;0.0
02/03/2014;23.6;33.0;18.5;13.2
03/03/2014;19.7;21.9;18.1;2.8
04/03/2014;23.5;29.9;18.6;0.0
05/03/2014;25.2;32.1;19.9;0.0
06/03/2014;24.1;32.3;20.1;1.8
07/03/2014;24.0;29.8;19.5;0.0
08/03/2014;24.8;31.6;17.9;0.0
09/03/2014;26.0;33.7;18.0;0.0
10/03/2014;20.5;23.3;17.7;17.0
11/03/2014;20.0;25.1;17.2;5.6
12/03/2014;23.2;30.2;18.5;0.6
13/03/2014;24.3;31.5;19.9;0.0
14/03/2014;23.7;32.0;18.3;20.2
15/03/2014;26.1;33.6;20.7;0.2
16/03/2014;26.2;33.3;19.9;0.6
17/03/2014;26.4;33.0;21.1;0.8
18/03/2014;25.9;32.5;19.4;0.0
19/03/2014;25.2;31.8;22.1;7.0
20/03/2014;23.8;28.8;20.7;11.2
21/03/2014;24.1;30.3;21.2;12.6
22/03/2014;22.1;26.3;17.7;0.0
23/03/2014;21.1;28.3;14.0;0.0
24/03/2014;23.2;29.1;18.2;0.0
25/03/2014;24.1;30.4;18.8;0.0
26/03/2014;23.8;30.2;18.4;0.0
27/03/2014;23.9;30.8;17.9;0.0
28/03/2014;24.3;30.9;19.5;0.2
29/03/2014;23.7;27.4;21.0;1.6
30/03/2014;24.6;29.7;21.1;0.2
31/03/2014;24.0;30.1;20.7;0.4
01/04/2014;23.6;30.5;18.7;7.4
02/04/2014;24.8;31.8;19.2;0.0
03/04/2014;25.0;31.5;19.5;0.0
04/04/2014;25.1;31.4;19.4;0.0
05/04/2014;25.9;32.3;20.7;0.0
06/04/2014;27.0;33.6;21.5;0.0
07/04/2014;27.7;34.5;21.4;0.0
08/04/2014;28.4;34.7;23.6;0.0
09/04/2014;26.1;34.5;19.9;0.0
10/04/2014;23.2;28.9;20.1;17.2
11/04/2014;23.7;27.6;20.5;1.4
12/04/2014;21.8;27.2;19.3;11.6
13/04/2014;18.2;21.3;14.4;4.2
14/04/2014;17.1;21.3;11.5;0.2
15/04/2014;17.2;19.3;14.6;1.0
16/04/2014;19.3;22.3;16.6;0.0
17/04/2014;23.0;30.9;15.6;0.0
18/04/2014;19.9;27.4;16.7;2.8
19/04/2014;20.7;29.9;16.1;0.4
20/04/2014;21.1;27.2;16.7;0.2
21/04/2014;22.9;29.3;17.7;12.8
22/04/2014;19.5;21.4;17.2;7.0
23/04/2014;20.6;27.0;16.0;0.2
24/04/2014;21.3;27.3;16.1;0.0
25/04/2014;19.8;27.2;13.6;0.0
26/04/2014;20.4;27.6;13.8;0.0
27/04/2014;20.9;27.0;17.1;0.0
28/04/2014;19.6;25.6;14.6;0.0
29/04/2014;21.8;28.4;15.4;0.0
30/04/2014;23.6;30.3;16.4;45.2
01/05/2014;16.6;19.7;13.5;9.4
02/05/2014;18.5;24.0;12.3;0.2
03/05/2014;22.1;28.7;15.8;0.0
04/05/2014;22.8;28.9;17.8;0.0
05/05/2014;21.4;24.8;18.0;0.0
06/05/2014;21.7;27.2;17.0;0.0
07/05/2014;21.5;29.1;14.5;0.0
08/05/2014;22.3;28.9;16.9;0.0
09/05/2014;19.7;26.6;13.7;0.0
10/05/2014;17.4;25.0;10.4;0.2
11/05/2014;18.7;25.2;13.7;0.0
12/05/2014;20.4;27.9;13.5;0.0
13/05/2014;20.8;25.9;16.5;0.0
14/05/2014;22.3;28.6;18.1;0.0
15/05/2014;19.1;26.8;16.3;14.0
16/05/2014;18.7;25.0;16.0;0.4
17/05/2014;18.9;26.3;12.9;1.8
18/05/2014;19.9;26.6;13.7;0.2
19/05/2014;21.0;28.8;14.1;0.0
20/05/2014;21.9;28.6;15.2;0.0
21/05/2014;24.1;30.5;17.8;0.0
22/05/2014;23.8;30.7;18.3;27.4
23/05/2014;13.3;18.7;10.9;7.6
24/05/2014;12.1;14.0;10.4;7.6
25/05/2014;12.5;15.2;8.9;10.6
26/05/2014;10.1;12.5;8.3;0.2
27/05/2014;12.2;17.6;8.0;0.0
28/05/2014;13.1;21.3;4.9;0.0
29/05/2014;15.5;23.1;8.0;0.0
30/05/2014;18.6;25.3;12.8;0.0
31/05/2014;20.4;29.0;15.8;5.2
01/06/2014;17.3;22.2;10.4;0.0
02/06/2014;13.0;20.8;7.5;0.0
03/06/2014;14.7;22.7;6.2;0.0
04/06/2014;20.1;26.6;14.8;0.0
05/06/2014;24.8;30.3;20.7;0.0
06/06/2014;24.9;29.8;21.9;0.0
07/06/2014;25.2;30.4;21.9;0.0
08/06/2014;20.3;25.9;14.9;27.6
09/06/2014;15.6;20.0;12.3;0.0
10/06/2014;17.0;21.3;13.8;0.0
11/06/2014;20.1;26.7;14.6;0.0
12/06/2014;22.3;28.2;16.9;0.0
13/06/2014;23.6;29.9;17.8;0.0
14/06/2014;20.6;24.3;17.6;0.0
15/06/2014;20.8;27.6;17.0;0.0
16/06/2014;22.0;29.1;16.8;0.0
17/06/2014;21.5;28.3;16.1;0.0
18/06/2014;18.9;25.7;15.2;0.0
19/06/2014;17.4;23.4;12.3;0.0
20/06/2014;16.1;23.2;9.8;0.0
21/06/2014;17.3;24.8;11.3;0.0
22/06/2014;18.4;24.7;11.7;0.0
23/06/2014;21.8;30.1;14.0;0.0
24/06/2014;23.1;30.2;17.4;0.0
25/06/2014;22.1;29.6;15.0;0.0
26/06/2014;23.3;30.7;17.4;0.0
27/06/2014;21.3;28.0;13.8;0.0
28/06/2014;13.6;14.7;12.5;7.6
29/06/2014;14.2;20.2;9.3;0.0
30/06/2014;13.0;21.2;7.2;0.0
01/07/2014;16.1;25.0;8.7;0.0
02/07/2014;21.1;29.1;14.3;0.0
03/07/2014;22.3;30.4;15.2;0.0
04/07/2014;23.2;31.5;16.6;0.0
05/07/2014;22.4;30.8;15.0;0.0
06/07/2014;16.7;22.1;13.4;10.8
07/07/2014;14.5;17.1;12.7;5.8
08/07/2014;15.1;18.1;12.7;8.6
09/07/2014;15.4;16.8;14.3;13.8
10/07/2014;16.4;20.3;13.8;2.0
11/07/2014;16.4;22.4;12.5;0.0
12/07/2014;18.1;25.3;12.1;0.0
13/07/2014;19.5;26.4;13.3;0.0
14/07/2014;20.0;27.1;14.1;0.0
15/07/2014;20.9;28.3;14.5;0.0
16/07/2014;22.8;30.7;15.8;0.0
17/07/2014;23.1;30.9;15.5;20.0
18/07/2014;16.2;21.2;9.5;3.0
19/07/2014;13.3;21.5;6.2;0.0
20/07/2014;14.7;23.9;5.9;0.0
21/07/2014;17.9;26.4;10.0;0.0
22/07/2014;21.6;29.6;13.8;0.0
23/07/2014;19.0;22.6;17.0;26.2
24/07/2014;12.6;18.5;6.4;15.2
25/07/2014;11.1;16.9;6.3;0.0
26/07/2014;13.4;17.1;11.1;2.2
27/07/2014;14.3;17.5;11.0;0.4
28/07/2014;16.8;20.6;15.1;3.0
29/07/2014;18.4;24.9;13.4;0.0
30/07/2014;20.6;28.0;14.4;0.0
31/07/2014;21.6;29.3;14.6;0.0
01/08/2014;22.0;31.1;12.8;0.0
02/08/2014;23.6;31.9;16.0;0.0
03/08/2014;23.9;32.5;16.0;0.0
04/08/2014;23.8;32.6;13.7;0.0
05/08/2014;22.4;30.5;16.0;0.0
06/08/2014;20.8;27.6;15.1;0.0
07/08/2014;22.7;31.1;15.0;0.0
08/08/2014;20.7;29.1;14.6;0.0
09/08/2014;19.9;27.5;13.3;0.0
10/08/2014;21.3;28.4;14.3;0.0
11/08/2014;22.8;30.8;14.3;0.0
12/08/2014;24.3;33.0;15.9;0.0
13/08/2014;15.0;22.2;10.5;5.2
14/08/2014;14.5;22.6;6.4;0.0
15/08/2014;17.1;23.1;13.0;0.0
16/08/2014;21.9;29.7;14.3;0.0
17/08/2014;20.6;25.6;16.5;0.2
18/08/2014;21.7;29.7;15.0;0.0
19/08/2014;23.0;31.4;15.1;0.0
20/08/2014;21.6;29.5;14.5;0.0
21/08/2014;22.8;32.6;13.2;0.0
22/08/2014;24.6;33.8;14.3;0.0
23/08/2014;26.0;34.6;17.0;0.0
24/08/2014;26.6;34.6;18.5;0.0
25/08/2014;23.7;33.0;14.4;1.0
26/08/2014;15.8;22.2;10.6;0.0
27/08/2014;16.0;21.9;10.0;0.0
28/08/2014;18.8;27.7;10.4;0.0
29/08/2014;22.2;31.3;13.1;0.0
30/08/2014;25.1;33.5;16.2;0.0
31/08/2014;25.4;35.8;18.5;15.6
01/09/2014;24.9;33.8;17.8;0.2
02/09/2014;27.6;34.7;22.1;0.0
03/09/2014;26.2;34.4;20.5;0.0
04/09/2014;24.8;31.1;18.5;0.0
05/09/2014;22.3;28.8;16.0;0.0
06/09/2014;25.9;35.8;17.5;0.0
07/09/2014;19.7;24.8;17.7;9.2
08/09/2014;22.5;30.6;16.0;0.0
09/09/2014;26.5;34.4;20.2;0.0
10/09/2014;27.0;35.4;18.4;0.0
11/09/2014;26.4;35.9;18.0;0.0
12/09/2014;25.7;35.5;17.2;0.0
13/09/2014;26.7;35.4;18.3;0.0
14/09/2014;27.5;36.3;19.5;0.0
15/09/2014;21.0;26.8;14.0;1.0
16/09/2014;19.6;28.1;11.7;0.0
17/09/2014;24.6;34.0;14.9;0.0
18/09/2014;27.8;36.7;20.3;0.0
19/09/2014;22.3;28.9;19.1;20.8
20/09/2014;20.4;23.9;16.6;2.2
21/09/2014;19.5;26.9;13.0;0.0
22/09/2014;21.3;29.7;10.8;0.0
23/09/2014;25.1;33.7;16.5;0.0
24/09/2014;21.5;26.2;17.6;29.8
25/09/2014;23.9;31.1;17.6;0.0
26/09/2014;23.2;33.8;18.8;4.2
27/09/2014;19.9;22.4;18.5;14.2
28/09/2014;24.9;32.0;18.5;0.0
29/09/2014;27.4;35.0;20.6;0.0
30/09/2014;27.2;35.0;19.9;0.0
01/10/2014;27.4;33.0;21.5;0.0
02/10/2014;24.3;31.0;19.2;0.0
03/10/2014;22.2;29.7;14.8;0.0
04/10/2014;21.6;28.8;14.3;0.0
05/10/2014;21.8;29.0;14.0;0.0
06/10/2014;23.1;30.8;16.4;5.2
07/10/2014;23.4;31.8;16.1;1.2
08/10/2014;26.6;35.4;18.5;0.0
09/10/2014;27.6;35.5;19.9;0.0
10/10/2014;28.5;37.1;17.4;0.0
11/10/2014;29.1;38.2;20.5;0.0
12/10/2014;29.3;38.2;21.9;0.0
13/10/2014;30.6;39.4;21.8;0.0
14/10/2014;30.2;39.0;23.0;0.0
15/10/2014;31.0;39.2;22.8;0.0
16/10/2014;31.5;39.7;22.4;0.0
17/10/2014;32.6;40.8;23.4;0.0
18/10/2014;31.1;38.6;24.1;0.0
19/10/2014;28.4;37.7;21.6;0.0
20/10/2014;20.8;23.2;18.3;32.2
21/10/2014;22.6;29.5;16.8;0.2
22/10/2014;23.6;31.0;17.8;0.0
23/10/2014;25.2;33.1;18.0;0.0
24/10/2014;22.6;30.6;18.9;35.4
25/10/2014;21.5;27.4;18.7;3.0
26/10/2014;24.5;30.8;19.7;0.0
27/10/2014;26.3;33.0;19.3;0.0
28/10/2014;28.1;33.7;21.4;0.0
29/10/2014;26.8;33.6;22.0;27.0
30/10/2014;26.4;33.9;20.4;9.2
31/10/2014;26.2;32.5;20.1;0.0
01/11/2014;24.6;29.5;20.9;3.4
02/11/2014;24.3;31.7;19.6;0.0
03/11/2014;26.3;32.6;21.2;0.0
04/11/2014;24.8;31.5;20.5;6.2
05/11/2014;25.1;31.8;19.8;0.0
06/11/2014;26.1;32.9;22.3;3.8
07/11/2014;25.2;32.7;19.8;0.0
08/11/2014;21.8;26.6;18.8;32.4
09/11/2014;24.4;31.2;17.7;0.0
10/11/2014;26.6;33.4;19.0;0.0
11/11/2014;23.7;32.0;18.3;27.4
12/11/2014;21.2;26.8;18.1;1.4
13/11/2014;23.3;30.1;17.9;0.0
14/11/2014;22.1;28.8;16.8;0.0
15/11/2014;22.2;29.7;14.6;0.0
16/11/2014;23.2;30.3;15.6;0.0
17/11/2014;24.1;31.1;16.5;0.0
18/11/2014;25.1;33.6;15.8;0.0
19/11/2014;26.1;33.5;20.6;0.0
20/11/2014;24.4;29.6;19.9;0.0
21/11/2014;24.5;32.9;21.1;24.2
22/11/2014;19.6;22.2;17.7;50.8
23/11/2014;23.0;29.4;16.4;0.0
24/11/2014;26.3;32.3;20.7;0.4
25/11/2014;23.6;30.0;20.8;21.2
26/11/2014;22.8;26.1;20.3;0.0
27/11/2014;25.5;31.6;21.1;0.0
28/11/2014;24.9;31.0;20.4;0.0
29/11/2014;25.1;30.4;20.7;0.0
30/11/2014;26.3;32.5;21.6;6.4
01/12/2014;23.5;30.3;21.1;12.4
02/12/2014;22.3;26.4;19.5;0.6
03/12/2014;21.8;25.4;19.3;0.0
04/12/2014;25.0;30.3;19.3;0.0
05/12/2014;24.1;29.6;20.7;0.0
06/12/2014;25.3;31.1;20.2;0.0
07/12/2014;24.4;32.0;18.6;9.2
08/12/2014;23.2;30.3;18.8;9.4
09/12/2014;23.1;29.9;19.9;2.4
10/12/2014;25.2;31.9;20.5;1.8
11/12/2014;24.9;30.5;20.9;1.8
12/12/2014;24.2;30.8;21.0;22.0
13/12/2014;25.1;31.1;19.9;5.0
14/12/2014;26.9;32.9;21.1;0.0
15/12/2014;26.5;31.9;21.2;0.0
16/12/2014;26.3;31.8;21.0;0.0
17/12/2014;24.1;30.3;19.6;17.6
18/12/2014;24.3;29.2;19.3;0.0
19/12/2014;26.5;32.8;21.2;0.0
20/12/2014;25.9;32.9;22.0;0.8
21/12/2014;25.9;31.9;22.3;14.2
22/12/2014;21.9;24.0;19.8;10.2
23/12/2014;23.0;29.5;18.1;5.8
24/12/2014;23.2;26.7;19.9;0.0
25/12/2014;26.1;32.2;21.2;0.0
26/12/2014;27.4;32.5;22.6;2.2
27/12/2014;27.7;34.0;21.6;0.0
28/12/2014;28.7;34.8;22.7;0.0
29/12/2014;27.3;34.9;21.7;0.0
30/12/2014;27.0;33.2;21.2;2.8
31/12/2014;27.6;32.5;22.8;0.0
01/01/2015;28.4;33.6;24.1;0.0
02/01/2015;26.7;31.5;22.5;0.6
03/01/2015;25.3;33.4;20.5;2.2
04/01/2015;22.9;29.7;19.9;3.0
05/01/2015;25.3;32.3;19.6;0.0
06/01/2015;25.5;32.5;21.0;0.0
07/01/2015;26.8;35.0;22.1;0.0
08/01/2015;26.5;34.8;22.2;0.0
09/01/2015;25.4;34.7;21.0;0.0
10/01/2015;27.9;34.8;21.1;0.0
11/01/2015;27.2;35.9;21.3;0.2
12/01/2015;28.0;36.2;20.7;0.0
13/01/2015;27.8;34.9;20.6;1.6
14/01/2015;24.5;27.9;21.1;6.8
15/01/2015;27.0;34.8;20.9;0.0
16/01/2015;27.7;34.5;19.8;0.0
17/01/2015;29.1;36.6;21.8;0.0
18/01/2015;26.6;36.1;21.5;0.0
19/01/2015;27.4;36.7;19.5;0.0
20/01/2015;25.5;36.3;21.1;12.2
21/01/2015;25.6;32.5;20.0;0.0
22/01/2015;25.9;33.2;19.9;0.2
23/01/2015;26.3;32.6;20.0;0.0
24/01/2015;27.5;34.3;22.0;0.0
25/01/2015;25.8;33.2;20.3;0.0
26/01/2015;25.3;33.8;19.7;0.0
27/01/2015;21.9;25.1;20.2;18.6
28/01/2015;21.5;25.7;19.3;14.8
29/01/2015;23.2;30.5;20.5;8.8
30/01/2015;23.6;32.2;19.2;12.8
31/01/2015;25.7;32.6;19.6;0.2
01/02/2015;27.5;34.8;20.0;0.0
02/02/2015;27.7;36.7;21.4;6.4
03/02/2015;24.7;33.9;19.1;39.8
04/02/2015;23.6;30.9;19.7;3.2
05/02/2015;24.4;32.9;20.0;4.6
06/02/2015;24.9;32.1;18.7;0.0
07/02/2015;26.4;33.6;19.2;0.0
08/02/2015;27.9;34.6;20.7;0.0
09/02/2015;26.3;33.6;22.8;0.0
10/02/2015;27.7;33.8;22.3;0.0
11/02/2015;27.2;33.8;23.4;0.0
12/02/2015;26.8;33.9;22.2;0.0
13/02/2015;24.4;33.9;19.9;30.8
14/02/2015;23.7;28.2;19.8;2.6
15/02/2015;24.2;31.3;20.9;5.0
16/02/2015;21.9;29.5;20.1;18.2
17/02/2015;23.9;30.9;20.3;11.8
18/02/2015;23.4;29.0;20.2;15.8
19/02/2015;22.7;27.7;19.5;9.2
20/02/2015;22.1;26.3;18.9;4.4
21/02/2015;25.1;31.5;20.9;0.0
22/02/2015;27.4;34.1;20.6;0.0
23/02/2015;27.3;34.8;21.5;0.0
24/02/2015;25.7;32.9;20.3;0.2
25/02/2015;26.0;33.9;20.7;17.6
26/02/2015;25.4;33.5;20.8;2.0
27/02/2015;23.2;32.3;20.6;13.6
28/02/2015;25.4;31.8;20.0;0.0
01/03/2015;26.4;32.5;21.9;0.0
02/03/2015;26.8;32.1;21.9;0.0
03/03/2015;26.7;32.4;22.6;0.0
04/03/2015;24.5;31.7;21.3;6.0
05/03/2015;25.1;33.0;19.9;0.0
06/03/2015;24.1;32.3;21.3;2.6
07/03/2015;24.8;31.8;20.3;20.2
08/03/2015;22.8;29.4;20.1;42.0
09/03/2015;24.9;30.5;20.5;0.0
10/03/2015;25.6;32.1;19.7;0.0
11/03/2015;26.1;32.8;20.3;0.0
12/03/2015;23.6;33.4;19.0;17.0
13/03/2015;22.5;31.4;17.6;0.0
14/03/2015;23.3;32.6;17.4;0.6
15/03/2015;24.6;32.8;20.2;3.4
16/03/2015;26.1;33.5;19.7;0.0
17/03/2015;25.1;33.4;20.1;0.0
18/03/2015;25.2;32.1;19.4;0.0
19/03/2015;24.7;30.3;20.4;0.0
20/03/2015;23.9;29.6;19.4;0.0
21/03/2015;23.5;29.6;19.2;0.6
22/03/2015;23.7;31.5;18.3;0.0
23/03/2015;21.9;30.5;14.4;0.0
24/03/2015;24.1;32.1;15.7;0.0
25/03/2015;25.1;30.0;19.8;0.0
26/03/2015;23.8;32.1;20.1;39.8
27/03/2015;22.4;28.5;19.4;0.8
28/03/2015;23.4;29.9;20.1;19.8
29/03/2015;22.6;28.0;20.3;4.0
30/03/2015;23.7;30.1;19.3;0.0
31/03/2015;21.2;29.5;17.8;21.4
01/04/2015;22.2;28.8;17.0;0.0
02/04/2015;24.1;30.7;18.4;0.0
03/04/2015;24.1;29.8;20.5;0.0
04/04/2015;23.7;30.8;19.4;17.8
05/04/2015;22.8;28.1;18.8;12.0
06/04/2015;20.4;25.1;17.8;0.0
07/04/2015;20.6;26.4;15.2;0.0
08/04/2015;22.0;28.0;17.6;0.0
09/04/2015;23.1;29.8;17.6;0.0
10/04/2015;23.5;29.6;17.8;0.0
11/04/2015;24.2;30.5;17.4;0.0
12/04/2015;24.6;30.7;19.1;0.0
13/04/2015;24.6;29.0;19.7;0.0
14/04/2015;24.6;31.7;19.8;0.0
15/04/2015;22.5;29.3;19.0;8.8
16/04/2015;23.6;30.1;17.9;0.2
17/04/2015;23.8;30.7;20.5;6.0
18/04/2015;20.2;23.1;18.2;51.2
19/04/2015;23.8;29.4;19.7;0.0
20/04/2015;25.4;31.7;20.1;0.6
21/04/2015;23.9;31.1;21.3;2.8
22/04/2015;22.9;28.1;19.3;0.2
23/04/2015;21.2;27.6;16.4;0.0
24/04/2015;22.5;29.9;15.7;0.0
25/04/2015;22.0;29.2;16.8;0.0
26/04/2015;21.4;27.5;16.2;0.0
27/04/2015;21.4;27.9;15.7;0.0
28/04/2015;21.6;29.0;15.6;0.0
29/04/2015;21.9;28.5;16.1;0.0
30/04/2015;21.2;27.2;16.8;0.0
01/05/2015;20.5;27.1;15.3;0.0
02/05/2015;22.6;30.7;15.4;0.0
03/05/2015;22.5;29.4;16.6;62.0
04/05/2015;18.8;23.7;15.0;0.4
05/05/2015;18.9;26.1;12.1;0.0
06/05/2015;20.2;26.8;14.6;0.0
07/05/2015;20.0;26.4;13.9;0.0
08/05/2015;19.7;24.7;15.7;0.0
09/05/2015;20.2;26.2;16.2;0.2
10/05/2015;18.4;21.2;16.8;32.6
11/05/2015;17.4;22.4;12.8;0.2
12/05/2015;15.8;23.2;10.2;0.2
13/05/2015;17.1;24.4;9.9;0.0
14/05/2015;18.4;23.9;13.9;0.0
15/05/2015;20.5;27.6;13.8;0.0
16/05/2015;20.4;25.8;17.9;1.4
17/05/2015;20.0;25.5;16.3;3.2
18/05/2015;18.7;23.1;15.4;11.6
19/05/2015;18.8;24.5;15.6;0.2
20/05/2015;19.6;26.1;14.1;0.0
21/05/2015;20.8;26.4;16.8;0.0
22/05/2015;22.9;29.3;17.0;0.0
23/05/2015;24.6;30.9;18.9;0.0
24/05/2015;24.0;30.1;21.3;18.4
25/05/2015;23.9;30.2;19.7;0.0
26/05/2015;23.4;30.5;18.8;0.0
27/05/2015;18.6;20.8;17.1;12.6
28/05/2015;16.8;20.2;13.8;0.4
29/05/2015;14.6;21.0;8.4;0.0
30/05/2015;14.6;16.8;13.4;65.8
31/05/2015;16.0;19.0;13.7;0.2
01/06/2015;18.2;22.2;15.7;4.6
02/06/2015;18.9;22.0;16.9;0.4
03/06/2015;19.0;22.0;16.6;0.0
04/06/2015;20.5;27.6;14.9;0.0
05/06/2015;20.8;27.2;15.3;0.0
06/06/2015;21.2;29.1;15.8;0.0
07/06/2015;21.1;29.3;12.9;0.0
08/06/2015;21.7;29.5;14.3;0.0
09/06/2015;22.0;29.8;14.8;0.0
10/06/2015;22.2;29.8;15.1;0.0
11/06/2015;23.8;30.7;17.8;0.0
12/06/2015;22.0;27.5;19.2;7.2
13/06/2015;22.4;28.7;16.9;0.0
14/06/2015;23.2;29.6;15.4;12.8
15/06/2015;14.0;17.6;8.3;10.4
16/06/2015;13.7;21.0;6.0;0.0
17/06/2015;20.5;28.9;13.1;0.0
18/06/2015;17.3;21.7;12.7;0.0
19/06/2015;14.0;20.5;8.3;0.0
20/06/2015;17.6;24.1;12.3;0.0
21/06/2015;21.0;27.9;15.8;0.0
22/06/2015;20.8;27.8;15.2;0.0
23/06/2015;20.0;28.2;13.1;0.0
24/06/2015;19.1;25.6;13.3;0.0
25/06/2015;18.0;24.6;12.1;0.0
26/06/2015;18.3;24.1;14.7;0.0
27/06/2015;18.6;25.3;12.9;0.0
28/06/2015;19.0;26.2;12.9;0.0
29/06/2015;19.9;26.5;15.0;0.0
30/06/2015;18.5;23.6;16.2;33.0
01/07/2015;17.9;20.1;15.8;2.0
02/07/2015;17.8;18.5;17.1;26.0
03/07/2015;17.2;19.3;13.4;14.0
04/07/2015;11.1;13.7;7.9;0.0
05/07/2015;13.1;20.4;6.3;0.0
06/07/2015;16.3;19.1;13.5;0.0
07/07/2015;16.9;18.9;14.7;13.4
08/07/2015;15.7;20.4;12.4;0.2
09/07/2015;15.4;21.6;8.7;0.2
10/07/2015;21.0;28.0;15.1;0.0
11/07/2015;18.3;22.6;15.6;13.4
12/07/2015;22.9;30.1;17.4;0.0
13/07/2015;25.1;31.3;19.1;0.0
14/07/2015;21.5;26.4;17.7;16.6
15/07/2015;17.9;18.9;16.9;5.8
16/07/2015;18.1;22.6;15.4;0.0
17/07/2015;18.2;24.3;15.0;0.6
18/07/2015;20.8;28.6;13.8;0.2
19/07/2015;21.5;30.0;13.9;0.0
20/07/2015;21.4;29.8;13.6;5.4
21/07/2015;14.7;19.9;9.3;0.0
22/07/2015;15.1;22.8;6.9;0.0
23/07/2015;19.3;26.8;12.9;0.0
24/07/2015;18.1;24.3;14.7;10.0
25/07/2015;15.9;23.3;11.5;0.0
26/07/2015;17.0;25.6;9.4;0.2
27/07/2015;20.3;28.3;12.6;0.0
28/07/2015;21.8;29.1;15.8;0.0
29/07/2015;21.4;29.6;12.7;0.0
30/07/2015;22.2;29.2;15.4;0.0
31/07/2015;22.9;31.6;15.6;0.0
01/08/2015;23.1;31.1;16.4;0.0
02/08/2015;22.7;31.6;13.7;0.0
03/08/2015;22.8;32.0;13.3;0.0
04/08/2015;22.9;31.8;14.1;0.0
05/08/2015;23.8;32.6;15.7;0.0
06/08/2015;25.2;33.4;17.3;0.0
07/08/2015;25.6;33.3;18.2;0.0
08/08/2015;25.8;34.4;17.3;0.0
09/08/2015;25.3;33.2;19.0;0.0
10/08/2015;25.4;34.2;17.3;0.0
11/08/2015;24.2;32.0;18.4;0.0
12/08/2015;24.6;32.1;18.1;0.0
13/08/2015;23.2;32.0;15.3;0.0
14/08/2015;22.9;30.4;16.0;0.0
15/08/2015;22.4;31.0;15.4;0.0
16/08/2015;23.2;31.7;13.9;0.0
17/08/2015;24.5;31.8;18.3;0.0
18/08/2015;20.1;25.0;12.4;0.0
19/08/2015;15.7;23.0;9.2;0.0
20/08/2015;18.1;27.5;9.3;0.0
21/08/2015;20.4;28.6;12.5;0.0
22/08/2015;23.7;32.5;16.4;0.0
23/08/2015;25.1;34.9;16.5;0.0
24/08/2015;22.8;28.7;17.9;0.0
25/08/2015;22.5;30.0;16.3;0.0
26/08/2015;23.9;32.5;17.2;0.0
27/08/2015;18.1;24.1;14.5;15.8
28/08/2015;18.2;27.6;10.6;0.4
29/08/2015;21.1;30.5;11.2;0.0
30/08/2015;23.4;32.8;12.0;0.0
31/08/2015;26.4;36.1;16.5;0.0
01/09/2015;27.3;36.2;18.2;0.0
02/09/2015;25.8;34.4;19.3;0.0
03/09/2015;25.5;35.8;17.2;0.0
04/09/2015;22.4;27.4;18.7;0.0
05/09/2015;21.1;26.9;16.8;0.0
06/09/2015;21.1;26.5;17.0;0.0
07/09/2015;26.5;35.1;17.8;0.0
08/09/2015;18.9;26.4;14.7;35.6
09/09/2015;20.0;27.2;11.3;0.2
10/09/2015;18.6;21.3;16.7;84.8
11/09/2015;14.8;18.5;9.0;0.2
12/09/2015;11.8;16.9;7.5;0.0
13/09/2015;15.9;25.2;5.7;0.0
14/09/2015;20.4;28.0;11.0;0.0
15/09/2015;25.4;34.0;16.2;0.0
16/09/2015;29.2;36.7;21.4;0.0
17/09/2015;29.5;36.9;23.4;0.0
18/09/2015;29.5;37.4;20.5;0.0
19/09/2015;29.3;37.0;21.9;0.0
20/09/2015;29.4;38.2;19.8;0.0
21/09/2015;29.7;37.9;19.9;0.0
22/09/2015;29.0;37.9;19.1;0.0
23/09/2015;29.8;38.1;20.9;0.0
24/09/2015;30.0;36.7;23.9;0.0
25/09/2015;26.5;36.3;20.3;13.8
26/09/2015;21.5;25.1;18.4;20.6
27/09/2015;21.6;28.7;16.0;34.0
28/09/2015;19.3;26.0;14.2;0.0
29/09/2015;24.6;33.0;16.5;0.0
30/09/2015;20.3;26.0;17.2;43.0
01/10/2015;23.8;30.9;16.2;0.2
02/10/2015;27.7;34.7;21.9;0.6
03/10/2015;19.3;22.1;18.1;55.8
04/10/2015;21.4;27.3;17.3;0.0
05/10/2015;25.2;32.3;17.3;0.0
06/10/2015;27.3;33.6;21.7;0.0
07/10/2015;28.9;36.2;21.3;0.0
08/10/2015;28.8;34.8;24.1;0.0
09/10/2015;25.5;33.4;19.9;2.2
10/10/2015;18.5;21.3;15.2;12.0
11/10/2015;14.6;17.0;13.0;36.2
12/10/2015;13.6;14.2;12.8;29.8
13/10/2015;18.3;24.3;13.1;0.0
14/10/2015;27.0;35.0;18.0;0.0
15/10/2015;29.5;36.6;21.9;0.0
16/10/2015;29.3;36.9;21.9;0.0
17/10/2015;25.9;31.7;21.4;0.0
18/10/2015;25.6;32.9;20.3;0.0
19/10/2015;26.9;34.1;19.1;0.0
20/10/2015;30.9;37.5;24.4;0.0
21/10/2015;30.6;36.9;23.3;0.0
22/10/2015;31.6;37.8;26.2;0.0
23/10/2015;22.0;26.9;19.7;19.0
24/10/2015;24.6;31.1;19.1;0.2
25/10/2015;25.6;34.0;20.5;0.6
26/10/2015;23.4;27.1;21.3;0.0
27/10/2015;21.0;23.0;19.1;23.4
28/10/2015;24.4;31.2;18.5;0.2
29/10/2015;25.9;32.1;20.7;0.0
30/10/2015;25.4;32.9;20.7;3.8
31/10/2015;23.4;28.1;20.5;0.4
01/11/2015;24.9;32.2;18.5;0.0
02/11/2015;23.1;28.7;19.5;76.2
03/11/2015;23.1;29.7;20.3;8.0
04/11/2015;23.1;27.9;20.0;7.2
05/11/2015;22.9;27.7;18.5;0.0
06/11/2015;21.9;29.1;16.1;0.0
07/11/2015;24.6;31.1;17.4;2.4
08/11/2015;22.9;26.5;20.2;17.8
09/11/2015;26.8;34.1;20.4;0.0
10/11/2015;29.1;35.5;22.8;0.0
11/11/2015;26.8;35.4;22.2;2.4
12/11/2015;27.7;35.7;21.2;0.0
13/11/2015;28.3;36.5;21.1;3.4
14/11/2015;28.3;36.1;23.1;5.8
15/11/2015;25.8;33.8;21.4;0.0
16/11/2015;25.5;32.2;21.2;0.0
17/11/2015;24.4;30.0;19.0;19.2
18/11/2015;21.3;26.1;18.0;33.4
19/11/2015;26.6;33.9;19.6;40.8
20/11/2015;19.8;22.2;15.4;12.0
21/11/2015;21.9;28.8;13.1;0.0
22/11/2015;26.7;32.9;20.9;0.0
23/11/2015;25.1;28.6;21.8;4.6
24/11/2015;24.4;29.3;20.3;0.2
25/11/2015;22.6;29.5;18.4;59.2
26/11/2015;22.0;26.0;18.3;0.0
27/11/2015;27.5;34.1;21.1;0.0
28/11/2015;21.4;25.9;18.9;21.4
29/11/2015;20.4;22.6;18.7;9.8
30/11/2015;22.8;29.3;19.5;2.6
01/12/2015;24.2;30.3;20.9;0.6
02/12/2015;24.8;30.4;21.3;4.0
03/12/2015;24.0;30.7;20.1;5.2
04/12/2015;21.3;25.7;17.9;25.6
05/12/2015;19.1;20.4;17.2;30.0
06/12/2015;21.8;27.8;18.5;0.0
07/12/2015;25.0;30.6;19.5;0.0
08/12/2015;27.1;32.9;19.9;0.0
09/12/2015;28.2;32.7;24.0;0.0
10/12/2015;20.9;26.6;18.8;90.6
11/12/2015;24.5;29.6;20.7;2.6
12/12/2015;19.3;24.2;17.6;65.8
13/12/2015;25.0;33.0;17.7;0.0
14/12/2015;27.5;33.6;20.8;0.0
15/12/2015;23.0;27.6;18.9;15.4
16/12/2015;25.9;31.9;19.5;0.0
17/12/2015;27.5;33.7;21.7;0.0
18/12/2015;28.7;34.2;22.9;0.0
19/12/2015;25.4;32.5;21.1;18.0
20/12/2015;24.7;30.6;21.1;33.8
21/12/2015;26.6;32.6;21.3;0.0
22/12/2015;27.9;33.5;22.8;0.0
23/12/2015;28.6;33.8;24.6;0.0
24/12/2015;26.0;33.6;22.4;6.8
25/12/2015;25.4;32.1;21.6;5.8
26/12/2015;25.3;32.6;22.4;0.0
27/12/2015;25.1;33.2;21.5;10.8
28/12/2015;25.8;31.9;21.0;0.4
29/12/2015;24.1;30.5;21.9;17.0
30/12/2015;22.9;26.0;20.7;10.8
31/12/2015;26.4;32.9;21.3;0.0
01/01/2016;23.9;27.8;20.4;33.0
02/01/2016;24.6;30.9;21.9;2.2
03/01/2016;25.2;30.9;21.5;0.4
04/01/2016;24.6;29.9;22.3;0.2
05/01/2016;25.5;29.7;21.6;0.0
06/01/2016;24.7;29.7;20.8;0.8
07/01/2016;24.9;31.7;22.0;6.0
08/01/2016;25.5;33.3;22.3;0.2
09/01/2016;23.6;28.8;21.3;4.0
10/01/2016;24.4;28.6;21.9;1.8
11/01/2016;24.3;28.8;22.6;16.2
12/01/2016;24.6;29.8;22.1;7.4
13/01/2016;24.1;29.4;21.8;17.0
14/01/2016;22.7;26.7;21.0;45.6
15/01/2016;23.5;28.6;20.3;22.4
16/01/2016;25.3;31.3;20.9;0.0
17/01/2016;24.8;31.2;19.9;0.0
18/01/2016;24.4;31.5;17.7;0.0
19/01/2016;24.7;31.7;17.8;0.0
20/01/2016;24.8;31.9;18.5;0.0
21/01/2016;25.3;32.5;17.9;0.0
22/01/2016;25.2;32.0;20.1;0.0
23/01/2016;25.7;33.4;18.5;0.0
24/01/2016;28.2;36.0;19.1;0.0
25/01/2016;29.9;36.8;24.5;0.0
26/01/2016;27.0;36.1;19.4;25.4
27/01/2016;24.3;30.3;19.4;0.4
28/01/2016;27.8;33.8;22.3;0.0
29/01/2016;27.7;34.0;22.9;1.2
30/01/2016;23.9;28.4;21.6;7.8
31/01/2016;21.9;26.3;20.6;32.4
01/02/2016;23.5;30.5;20.4;6.8
02/02/2016;23.4;29.5;19.8;19.0
03/02/2016;24.4;31.2;19.9;19.6
04/02/2016;22.4;29.9;20.1;17.4
05/02/2016;22.8;32.3;18.9;15.2
06/02/2016;25.7;33.1;20.9;0.0
07/02/2016;26.7;33.3;21.9;0.0
08/02/2016;29.3;35.1;23.4;0.0
09/02/2016;27.5;35.4;23.7;0.0
10/02/2016;26.5;33.8;22.6;0.0
11/02/2016;26.5;35.0;21.5;0.0
12/02/2016;26.3;35.7;22.1;14.6
13/02/2016;29.1;35.6;22.6;0.0
14/02/2016;29.1;36.3;23.2;0.0
15/02/2016;27.3;35.7;23.4;0.0
16/02/2016;26.3;32.9;22.9;0.8
17/02/2016;27.9;34.5;22.8;5.0
18/02/2016;27.5;35.0;21.8;7.8
19/02/2016;27.4;34.3;20.5;0.0
20/02/2016;27.7;32.9;23.6;2.0
21/02/2016;25.4;32.1;22.0;1.6
22/02/2016;22.2;26.6;20.3;33.4
23/02/2016;20.9;21.9;20.1;31.6
24/02/2016;22.1;25.1;19.8;29.8
25/02/2016;25.1;32.3;20.1;0.0
26/02/2016;25.2;31.5;21.9;0.8
27/02/2016;24.8;30.2;21.6;12.8
28/02/2016;21.7;22.5;20.9;25.8
29/02/2016;22.3;27.1;19.5;6.4
01/03/2016;23.7;28.8;19.8;10.6
02/03/2016;23.6;30.3;20.1;11.4
03/03/2016;23.6;29.9;18.8;0.0
04/03/2016;23.1;30.6;17.2;0.0
05/03/2016;22.3;29.1;16.0;0.0
06/03/2016;24.1;30.9;17.6;0.0
07/03/2016;25.1;32.3;18.9;0.0
08/03/2016;26.3;33.1;19.7;0.6
09/03/2016;23.8;27.3;20.3;26.8
10/03/2016;22.5;27.6;19.1;1.0
11/03/2016;22.0;28.6;16.6;0.0
12/03/2016;20.5;27.3;13.7;0.0
13/03/2016;22.0;30.7;14.1;0.0
14/03/2016;24.6;32.0;16.6;0.0
15/03/2016;26.8;33.2;20.5;0.0
16/03/2016;26.5;32.6;20.7;0.0
17/03/2016;26.6;33.3;20.4;0.0
18/03/2016;28.4;34.8;21.9;0.0
19/03/2016;26.8;33.4;21.6;0.0
20/03/2016;27.3;35.1;20.3;0.0
21/03/2016;28.2;35.6;20.5;0.0
22/03/2016;27.1;34.5;22.0;2.0
23/03/2016;24.7;32.2;20.6;3.0
24/03/2016;20.4;23.6;18.2;103.0
25/03/2016;21.1;27.2;17.4;5.8
26/03/2016;20.3;27.2;15.2;0.2
27/03/2016;20.5;27.2;16.0;0.0
28/03/2016;22.2;28.1;17.6;0.0
29/03/2016;24.1;31.9;17.0;0.0
30/03/2016;25.8;33.8;18.8;0.0
31/03/2016;26.1;33.3;18.6;0.0
01/04/2016;27.6;35.2;21.3;0.0
02/04/2016;28.4;34.6;22.0;0.0
03/04/2016;28.5;35.4;22.7;0.0
04/04/2016;28.3;35.2;21.3;0.0
05/04/2016;28.0;34.5;21.4;0.0
06/04/2016;28.3;35.0;22.5;0.0
07/04/2016;28.4;35.0;22.1;0.0
08/04/2016;28.8;35.2;22.8;0.0
09/04/2016;28.3;35.1;21.5;0.0
10/04/2016;27.1;35.0;22.1;0.0
11/04/2016;26.1;32.7;21.0;0.0
12/04/2016;26.4;33.7;20.9;0.0
13/04/2016;27.0;34.4;20.0;0.0
14/04/2016;27.6;34.8;21.7;0.0
15/04/2016;25.8;31.5;21.4;0.0
16/04/2016;27.4;34.9;20.8;0.0
17/04/2016;27.5;35.2;20.5;0.0
18/04/2016;27.2;34.3;19.0;0.0
19/04/2016;27.0;35.1;18.9;0.0
20/04/2016;27.5;34.4;21.3;0.0
21/04/2016;27.4;34.3;20.1;0.0
22/04/2016;26.9;33.5;22.2;0.0
23/04/2016;27.7;34.6;21.4;0.0
24/04/2016;27.8;33.7;22.0;0.0
25/04/2016;25.5;33.2;18.1;26.2
26/04/2016;15.5;19.2;10.2;21.6
27/04/2016;11.2;16.8;6.6;0.0
28/04/2016;10.3;16.5;4.9;0.0
29/04/2016;13.6;21.9;7.0;0.0
30/04/2016;13.6;21.8;6.3;0.0
01/05/2016;14.3;23.8;5.6;0.0
02/05/2016;18.7;27.4;10.3;0.0
03/05/2016;20.7;28.1;12.6;0.0
04/05/2016;21.3;29.0;14.7;0.0
05/05/2016;22.8;30.6;14.8;0.0
06/05/2016;19.0;22.0;16.6;17.2
07/05/2016;19.8;25.8;16.5;2.2
08/05/2016;21.5;27.2;18.8;10.4
09/05/2016;19.2;22.0;16.7;27.8
10/05/2016;18.8;23.6;15.8;16.4
11/05/2016;20.4;25.5;17.6;2.4
12/05/2016;19.4;21.2;18.5;11.4
13/05/2016;19.3;23.7;16.8;0.0
14/05/2016;20.0;25.9;14.8;0.2
15/05/2016;23.8;30.9;16.9;7.8
16/05/2016;16.7;20.2;11.7;3.6
17/05/2016;14.3;19.8;9.2;5.2
18/05/2016;13.8;16.1;12.5;9.4
19/05/2016;15.3;18.3;11.6;0.2
20/05/2016;20.4;28.0;16.4;0.2
21/05/2016;18.2;22.5;15.1;0.0
22/05/2016;14.6;17.0;10.8;2.0
23/05/2016;12.3;18.4;7.3;0.0
24/05/2016;13.6;21.5;5.9;0.0
25/05/2016;16.6;22.6;13.3;0.0
26/05/2016;19.1;24.9;15.2;1.0
27/05/2016;19.3;24.3;16.0;4.4
28/05/2016;16.6;18.7;15.4;47.0
29/05/2016;16.8;20.7;13.6;0.2
30/05/2016;17.8;20.1;16.4;1.8
31/05/2016;15.4;17.2;13.5;0.4
01/06/2016;16.9;22.2;14.6;4.6
02/06/2016;15.7;18.9;13.1;0.0
03/06/2016;15.3;19.7;11.9;0.0
04/06/2016;15.4;17.8;13.7;13.4
05/06/2016;16.4;18.9;14.5;12.6
06/06/2016;13.9;15.5;11.7;12.4
07/06/2016;13.8;19.1;9.2;0.2
08/06/2016;11.5;18.6;5.7;0.0
09/06/2016;12.1;19.4;5.5;0.0
10/06/2016;13.8;20.5;8.8;0.0
11/06/2016;10.8;17.9;4.2;0.0
12/06/2016;9.5;18.3;2.3;0.0
13/06/2016;11.8;20.3;2.0;0.0
14/06/2016;14.7;23.8;6.1;0.0
15/06/2016;18.1;27.2;9.2;0.0
16/06/2016;20.2;29.1;12.1;0.0
17/06/2016;19.1;27.2;13.5;0.0
18/06/2016;17.1;22.6;14.4;0.0
19/06/2016;16.6;21.8;13.9;0.2
20/06/2016;18.3;23.8;14.6;0.2
21/06/2016;15.8;18.9;13.7;0.6
22/06/2016;15.9;21.8;12.9;0.0
23/06/2016;16.6;24.7;9.9;0.2
24/06/2016;20.1;28.0;13.2;0.0
25/06/2016;21.3;28.4;15.8;0.0
26/06/2016;21.8;29.7;15.4;0.0
27/06/2016;19.2;27.0;11.9;0.0
28/06/2016;19.1;27.5;11.3;0.0
29/06/2016;19.2;26.5;12.5;0.0
30/06/2016;20.5;28.8;13.7;0.0
01/07/2016;20.2;28.4;12.3;0.0
02/07/2016;21.5;29.6;13.6;0.0
03/07/2016;22.0;29.8;13.0;0.0
04/07/2016;22.3;30.5;14.6;0.0
05/07/2016;22.8;30.4;16.2;0.0
06/07/2016;14.6;19.2;7.8;3.0
07/07/2016;11.3;20.0;4.7;0.2
08/07/2016;14.7;23.2;6.7;0.0
09/07/2016;20.9;29.5;11.9;0.0
10/07/2016;23.2;31.9;14.6;0.0
11/07/2016;24.6;31.9;18.5;0.0
12/07/2016;25.2;32.5;16.8;0.0
13/07/2016;25.6;32.8;19.1;0.0
14/07/2016;25.1;33.2;16.4;0.0
15/07/2016;24.7;31.6;19.3;12.6
16/07/2016;14.0;19.5;6.9;27.4
17/07/2016;9.4;16.8;4.0;0.0
18/07/2016;10.4;16.4;3.3;0.0
19/07/2016;13.5;19.9;9.0;0.0
20/07/2016;15.6;24.3;8.9;0.0
21/07/2016;16.5;24.9;9.3;0.0
22/07/2016;16.9;25.4;9.0;0.0
23/07/2016;18.8;27.4;11.4;0.0
24/07/2016;21.4;30.8;12.9;0.0
25/07/2016;24.1;32.2;15.1;0.0
26/07/2016;23.5;31.2;15.5;0.0
27/07/2016;15.4;22.1;10.0;0.0
28/07/2016;15.7;24.0;8.8;0.0
29/07/2016;19.6;29.0;11.6;0.0
30/07/2016;21.2;29.2;13.8;0.0
31/07/2016;22.9;30.6;15.1;0.0
01/08/2016;22.1;31.3;13.2;0.0
02/08/2016;22.8;30.9;15.5;0.0
03/08/2016;20.9;29.3;13.6;0.0
04/08/2016;21.8;30.4;13.8;0.0
05/08/2016;23.4;32.6;13.4;0.0
06/08/2016;24.6;33.6;14.1;0.0
07/08/2016;23.7;32.0;18.4;0.0
08/08/2016;18.9;23.1;15.2;0.0
09/08/2016;18.6;24.5;13.7;8.4
10/08/2016;16.3;23.6;10.5;0.0
11/08/2016;15.4;24.6;6.7;0.0
12/08/2016;17.1;25.3;11.2;0.0
13/08/2016;20.1;29.6;10.8;0.0
14/08/2016;23.4;33.7;13.3;0.0
15/08/2016;21.6;28.8;16.0;2.6
16/08/2016;22.8;30.1;16.4;0.2
17/08/2016;25.9;33.5;16.8;0.0
18/08/2016;24.0;33.9;18.2;7.6
19/08/2016;19.4;23.0;17.6;19.6
20/08/2016;20.7;31.8;14.3;19.8
21/08/2016;13.6;18.6;7.7;0.0
22/08/2016;12.4;20.2;4.9;0.0
23/08/2016;14.9;23.7;6.3;0.0
24/08/2016;18.9;28.8;8.7;0.0
25/08/2016;23.5;33.4;14.8;0.0
26/08/2016;26.8;34.3;20.6;0.0
27/08/2016;25.5;33.3;17.8;0.0
28/08/2016;25.9;33.5;17.8;0.0
29/08/2016;18.4;22.7;13.4;35.4
30/08/2016;13.8;15.8;11.1;11.2
31/08/2016;15.3;22.6;8.4;0.0
01/09/2016;18.7;27.4;10.9;0.0
02/09/2016;20.4;28.3;11.9;0.0
03/09/2016;17.4;19.8;14.8;1.7
04/09/2016;16.7;22.1;13.0;0.0
05/09/2016;13.6;16.6;10.7;1.1
06/09/2016;11.9;16.0;8.9;0.1
07/09/2016;13.0;20.8;5.1;0.0
08/09/2016;18.1;22.5;13.1;0.0
09/09/2016;19.4;29.0;9.3;0.0
10/09/2016;22.9;31.6;13.7;0.0
11/09/2016;25.1;34.3;15.7;0.0
12/09/2016;27.1;35.9;18.6;0.0
13/09/2016;26.1;35.3;18.4;0.0
14/09/2016;19.8;25.7;14.2;0.0
15/09/2016;18.3;26.7;10.2;0.0
16/09/2016;22.6;30.8;13.6;0.0
17/09/2016;26.8;35.6;17.4;0.0
18/09/2016;28.2;36.4;20.4;0.0
19/09/2016;19.4;22.1;17.2;14.8
20/09/2016;19.2;27.1;12.8;0.0
21/09/2016;22.1;27.8;14.7;0.0
22/09/2016;20.5;28.9;13.7;0.0
23/09/2016;22.1;30.9;12.8;0.0
24/09/2016;23.4;32.2;15.4;0.0
25/09/2016;21.7;29.4;16.0;0.0
26/09/2016;21.7;31.1;12.8;0.0
27/09/2016;23.9;32.6;14.4;0.0
28/09/2016;23.9;32.6;15.1;0.0
29/09/2016;25.3;34.7;15.0;0.0
30/09/2016;23.8;33.3;14.8;0.0
01/10/2016;24.0;31.2;16.9;0.0
02/10/2016;24.0;31.1;17.7;0.0
03/10/2016;19.0;22.5;16.4;3.9
04/10/2016;20.6;26.8;16.4;0.0
05/10/2016;20.6;26.5;17.4;9.5
06/10/2016;17.3;22.9;12.5;0.0
07/10/2016;19.3;27.9;10.6;0.0
08/10/2016;22.2;31.0;14.2;0.0
09/10/2016;23.9;32.7;15.0;0.0
10/10/2016;25.3;34.4;15.7;0.0
11/10/2016;23.8;29.9;19.1;0.5
12/10/2016;26.8;34.9;17.5;0.0
13/10/2016;22.3;26.1;17.1;18.3
14/10/2016;20.5;24.7;18.0;34.6
15/10/2016;26.8;34.4;19.7;0.0
16/10/2016;30.0;37.0;22.7;0.0
17/10/2016;29.4;36.6;24.9;0.0
18/10/2016;30.2;35.8;26.5;0.0
19/10/2016;30.9;37.5;24.1;0.0
20/10/2016;27.6;34.4;22.6;0.5
21/10/2016;24.2;30.1;20.1;0.0
22/10/2016;25.5;33.3;17.0;0.0
23/10/2016;27.5;34.4;21.6;0.0
24/10/2016;27.9;33.0;24.0;0.0
25/10/2016;27.8;34.2;23.3;0.0
26/10/2016;22.6;26.0;19.7;41.1
27/10/2016;19.8;25.2;14.5;0.6
28/10/2016;16.6;23.8;10.2;0.0
29/10/2016;19.3;28.5;9.8;0.0
30/10/2016;23.3;31.2;16.1;0.0
31/10/2016;25.2;33.4;21.1;0.5
01/11/2016;27.0;34.4;19.8;0.5
02/11/2016;21.1;26.0;17.9;15.8
03/11/2016;21.3;26.7;16.2;0.0
04/11/2016;22.2;30.9;12.8;0.0
05/11/2016;25.3;32.7;18.0;0.0
06/11/2016;26.4;33.8;20.2;0.0
07/11/2016;30.6;35.4;24.5;0.0
08/11/2016;25.4;29.4;21.7;0.0
09/11/2016;25.7;29.6;21.7;0.0
10/11/2016;28.3;35.4;21.2;0.0
11/11/2016;23.0;25.4;20.5;0.0
12/11/2016;23.8;31.1;19.3;0.0
13/11/2016;22.6;26.2;20.2;0.0
14/11/2016;24.8;30.9;18.6;0.0
15/11/2016;25.7;31.3;19.0;0.0
16/11/2016;26.5;34.0;20.0;0.0
17/11/2016;24.7;33.2;18.6;0.0
18/11/2016;20.1;27.9;13.2;0.0
19/11/2016;20.6;30.0;10.5;0.0
20/11/2016;23.1;31.0;14.2;0.0
21/11/2016;26.6;34.4;17.2;0.0
22/11/2016;26.3;33.1;19.7;0.0
23/11/2016;25.8;33.8;18.5;0.0
24/11/2016;28.4;36.0;19.6;0.0
25/11/2016;27.7;35.6;21.7;2.1
26/11/2016;27.0;34.1;21.1;0.0
27/11/2016;25.5;33.3;22.0;0.3
28/11/2016;26.2;34.0;21.7;30.1
29/11/2016;24.4;28.9;21.7;2.2
30/11/2016;24.7;30.2;20.6;0.0
01/12/2016;25.0;30.9;18.9;0.0
02/12/2016;25.0;32.2;21.7;16.4
03/12/2016;24.8;29.6;21.8;1.8
04/12/2016;25.6;32.0;19.7;0.0
05/12/2016;27.3;34.7;19.2;0.0
06/12/2016;27.0;35.6;21.4;0.0
07/12/2016;22.2;26.1;19.7;0.2
08/12/2016;23.2;26.9;20.0;0.0
09/12/2016;23.4;28.1;21.1;40.9
10/12/2016;24.9;31.9;21.9;6.6
11/12/2016;24.8;29.9;22.1;1.6
12/12/2016;25.7;32.0;20.4;0.0
13/12/2016;24.9;32.2;21.4;31.5
14/12/2016;24.2;30.4;17.5;0.1
15/12/2016;23.7;31.4;15.5;0.0
16/12/2016;23.6;27.8;18.1;0.1
17/12/2016;25.0;31.4;21.1;9.8
18/12/2016;26.5;32.4;20.6;2.0
19/12/2016;24.4;31.5;21.0;8.8
20/12/2016;22.2;25.9;20.3;15.4
21/12/2016;22.7;27.2;20.1;11.6
22/12/2016;23.3;30.1;20.7;2.9
23/12/2016;22.9;29.9;19.9;6.8
24/12/2016;25.5;32.1;20.8;0.1
25/12/2016;26.6;34.0;21.5;0.0
26/12/2016;28.1;33.6;22.4;0.0
27/12/2016;27.6;33.1;23.3;0.0
28/12/2016;27.7;33.8;22.7;0.0
29/12/2016;26.3;33.5;22.2;4.2
30/12/2016;24.5;31.0;21.9;2.5
31/12/2016;25.3;31.9;21.7;0.1
01/01/2017;26.9;33.1;20.9;0.0
02/01/2017;26.0;34.2;20.1;31.1
03/01/2017;24.9;32.2;20.4;1.1
04/01/2017;27.2;33.9;22.6;0.7
05/01/2017;26.3;32.2;21.2;0.1
06/01/2017;25.6;33.4;21.3;0.0
07/01/2017;27.2;33.8;20.4;0.0
08/01/2017;29.3;35.0;23.6;0.0
09/01/2017;28.7;35.1;23.0;0.0
10/01/2017;28.9;35.3;22.8;0.0
11/01/2017;27.7;35.5;23.3;3.0
12/01/2017;25.8;33.8;22.2;0.0
13/01/2017;26.4;32.8;21.6;0.0
14/01/2017;28.0;35.4;21.4;0.0
15/01/2017;27.5;34.3;22.1;13.7
16/01/2017;25.1;33.4;22.2;0.0
17/01/2017;26.5;32.2;21.1;7.0
18/01/2017;26.8;33.4;21.5;0.0
19/01/2017;26.7;33.9;20.8;0.0
20/01/2017;25.1;31.6;21.8;0.0
21/01/2017;25.6;33.2;20.9;5.5
22/01/2017;24.7;32.9;19.8;5.1
23/01/2017;24.1;31.8;19.6;9.9
24/01/2017;25.9;32.9;21.1;4.4
25/01/2017;23.5;28.7;21.2;7.9
26/01/2017;24.9;33.1;19.2;0.1
27/01/2017;23.2;31.3;16.0;0.0
28/01/2017;23.4;32.4;16.8;9.0
29/01/2017;24.6;31.5;20.0;1.4
30/01/2017;25.3;29.9;21.6;0.1
31/01/2017;23.8;30.8;20.0;13.8
01/02/2017;22.5;26.9;19.6;1.6
02/02/2017;22.1;26.4;18.6;3.5
03/02/2017;26.6;32.7;21.6;0.0
04/02/2017;28.8;34.7;23.2;0.0
05/02/2017;25.8;34.5;20.0;15.0
06/02/2017;25.0;32.0;19.8;0.0
07/02/2017;27.0;35.0;19.3;0.0
08/02/2017;27.1;36.1;21.5;57.9
09/02/2017;26.5;35.0;20.5;35.3
10/02/2017;25.1;32.6;20.5;6.6
11/02/2017;24.9;30.7;21.0;2.5
12/02/2017;24.8;31.7;22.2;65.4
13/02/2017;25.7;31.1;22.3;7.1
14/02/2017;25.6;32.1;22.3;8.5
15/02/2017;27.4;33.9;22.3;0.1
16/02/2017;28.1;34.1;20.9;0.0
17/02/2017;27.6;33.7;20.7;0.0
18/02/2017;27.8;33.7;22.1;0.0
19/02/2017;28.1;34.9;23.0;0.6
20/02/2017;27.5;34.8;20.3;4.1
21/02/2017;28.7;36.5;23.0;0.0
22/02/2017;28.7;35.4;22.3;0.0
23/02/2017;25.0;34.7;21.0;17.7
24/02/2017;23.6;29.8;20.9;0.5
25/02/2017;25.9;32.9;20.7;0.0
26/02/2017;26.1;32.5;21.7;2.1
27/02/2017;26.6;33.8;21.3;0.1
28/02/2017;27.3;34.4;21.7;0.0
01/03/2017;27.4;34.3;22.4;5.1
02/03/2017;25.8;31.6;23.2;2.9
03/03/2017;25.9;32.3;23.1;0.8
04/03/2017;26.1;32.8;23.0;6.2
05/03/2017;24.8;31.5;22.3;1.7
06/03/2017;25.8;31.4;21.9;0.0
07/03/2017;27.6;33.8;21.9;0.0
08/03/2017;28.8;34.8;22.6;0.0
09/03/2017;29.7;36.1;22.3;0.0
10/03/2017;28.6;36.6;22.5;16.5
11/03/2017;27.5;33.9;21.4;0.1
12/03/2017;26.9;35.4;21.3;24.6
13/03/2017;24.2;30.5;21.1;0.1
14/03/2017;25.6;33.4;18.6;0.0
15/03/2017;27.6;34.1;21.6;0.0
16/03/2017;25.3;33.3;20.9;17.0
17/03/2017;22.1;25.9;20.5;0.0
18/03/2017;22.2;29.1;19.3;13.3
19/03/2017;22.6;26.3;19.9;0.0
20/03/2017;23.1;29.3;18.3;0.1
21/03/2017;23.6;30.5;18.9;0.0
22/03/2017;24.6;31.6;18.2;0.0
23/03/2017;26.1;31.3;22.1;0.1
24/03/2017;26.9;33.0;20.7;0.0
25/03/2017;27.3;34.7;22.2;0.0
26/03/2017;24.0;30.1;20.6;10.3
27/03/2017;23.9;28.7;20.9;0.1
28/03/2017;23.9;30.3;18.4;0.0
29/03/2017;23.9;30.4;18.8;0.0
30/03/2017;23.6;29.9;18.8;0.0
31/03/2017;23.2;30.0;17.4;0.0
01/04/2017;21.7;28.3;16.9;0.0
02/04/2017;21.9;28.3;16.5;0.0
03/04/2017;23.6;30.6;17.0;0.0
04/04/2017;23.4;26.6;21.4;3.7
05/04/2017;24.9;30.1;20.6;4.8
06/04/2017;25.1;30.2;21.5;28.2
07/04/2017;25.1;31.0;19.9;0.0
08/04/2017;25.4;32.1;22.8;0.3
09/04/2017;25.6;31.4;21.9;1.7
10/04/2017;25.0;32.1;21.6;0.2
11/04/2017;23.2;27.8;20.0;0.0
12/04/2017;22.2;29.3;17.0;0.0
13/04/2017;21.9;29.1;15.9;0.0
14/04/2017;24.8;31.3;20.1;0.0
15/04/2017;25.6;32.4;21.3;0.0
16/04/2017;20.4;22.9;18.6;37.6
17/04/2017;20.8;25.2;17.9;0.1
18/04/2017;22.4;26.7;17.7;0.1
19/04/2017;22.9;26.9;19.5;2.3
20/04/2017;19.2;21.6;15.8;29.6
21/04/2017;18.7;25.2;15.1;0.1
22/04/2017;18.9;24.8;14.1;0.1
23/04/2017;20.8;27.2;14.5;0.0
24/04/2017;22.7;28.5;17.0;0.0
25/04/2017;24.8;30.7;19.9;0.0
26/04/2017;18.1;24.9;13.5;47.7
27/04/2017;14.2;20.8;8.4;0.0
28/04/2017;15.4;25.1;7.4;0.0
29/04/2017;17.2;25.9;9.5;0.0
30/04/2017;17.6;25.6;10.5;0.0
01/05/2017;19.7;24.6;16.7;0.3
02/05/2017;22.0;29.5;14.3;0.0
03/05/2017;24.1;30.6;18.8;16.1
04/05/2017;21.4;26.1;18.3;8.1
05/05/2017;22.2;28.9;18.6;2.6
06/05/2017;22.1;28.1;17.1;0.0
07/05/2017;22.0;27.7;17.5;0.0
08/05/2017;22.9;29.0;16.9;0.0
09/05/2017;22.1;27.4;19.4;0.8
10/05/2017;22.9;28.9;19.1;1.1
11/05/2017;22.9;28.3;18.7;0.0
12/05/2017;22.9;28.8;18.8;0.0
13/05/2017;24.3;31.2;17.5;15.0
14/05/2017;20.6;24.7;15.3;0.8
15/05/2017;19.5;23.1;17.6;6.5
16/05/2017;20.5;24.6;17.8;0.0
17/05/2017;21.6;24.8;19.6;0.4
18/05/2017;24.3;29.9;20.6;0.0
19/05/2017;24.0;30.4;18.7;5.1
20/05/2017;19.3;21.2;17.9;29.5
21/05/2017;18.0;19.6;16.8;55.6
22/05/2017;20.0;24.7;16.5;0.0
23/05/2017;22.9;27.8;19.1;0.0
24/05/2017;24.2;29.6;20.1;0.0
25/05/2017;26.4;33.2;22.6;0.0
26/05/2017;26.3;32.2;21.3;0.0
27/05/2017;23.6;29.5;20.1;1.2
28/05/2017;20.5;24.6;18.3;0.2
29/05/2017;20.7;25.1;18.8;0.0
30/05/2017;22.2;27.8;19.0;0.2
31/05/2017;16.3;20.0;11.9;0.5
01/06/2017;14.2;20.3;8.8;0.2
02/06/2017;13.4;19.7;10.0;0.0
03/06/2017;18.4;26.7;8.4;0.1
04/06/2017;23.7;30.7;17.2;0.0
05/06/2017;25.6;30.5;22.8;0.0
06/06/2017;22.5;28.8;20.5;16.5
07/06/2017;24.2;30.1;19.7;0.1
08/06/2017;21.7;29.8;15.7;12.3
09/06/2017;12.8;17.0;6.5;0.0
10/06/2017;11.1;19.5;4.2;0.0
11/06/2017;13.7;22.3;5.5;10.8
12/06/2017;17.6;19.0;12.7;1.6
13/06/2017;21.0;23.3;19.1;4.4
14/06/2017;20.1;25.4;17.2;0.0
15/06/2017;20.0;25.9;16.1;0.0
16/06/2017;21.1;28.4;15.5;0.0
17/06/2017;23.0;30.4;15.8;0.0
18/06/2017;23.0;29.9;15.4;0.0
19/06/2017;12.0;21.4;9.4;11.2
20/06/2017;13.0;20.8;6.4;0.0
21/06/2017;17.9;24.8;12.6;0.0
22/06/2017;19.6;26.6;14.0;0.0
23/06/2017;20.9;27.6;15.8;0.0
24/06/2017;20.7;26.7;15.0;0.0
25/06/2017;20.5;27.2;14.8;0.0
26/06/2017;20.4;27.4;14.7;0.0
27/06/2017;20.7;28.2;15.2;0.0
28/06/2017;21.0;27.5;15.7;0.0
29/06/2017;21.2;26.3;18.2;0.0
30/06/2017;21.4;29.4;14.5;0.0
01/07/2017;18.2;25.7;13.7;0.0
02/07/2017;18.1;25.3;12.0;0.0
03/07/2017;15.8;20.3;14.0;0.0
04/07/2017;17.8;22.5;15.4;0.0
05/07/2017;19.4;24.8;16.0;0.0
06/07/2017;18.9;26.0;14.8;0.0
07/07/2017;18.9;25.8;14.9;0.0
08/07/2017;20.1;25.2;18.4;0.0
09/07/2017;19.5;25.1;15.2;0.0
10/07/2017;21.1;27.6;18.7;0.0
11/07/2017;20.8;28.6;14.2;0.0
12/07/2017;20.8;28.9;15.0;0.0
13/07/2017;21.5;29.4;14.2;0.0
14/07/2017;22.3;30.5;15.5;0.0
15/07/2017;22.2;30.4;13.8;0.0
16/07/2017;22.1;30.8;13.2;0.0
17/07/2017;7.9;13.2;3.9;0.0
18/07/2017;6.8;14.8;0.3;0.0
19/07/2017;9.8;19.0;1.1;0.0
20/07/2017;13.9;24.0;4.8;0.0
21/07/2017;18.4;29.5;7.8;0.0
22/07/2017;19.9;29.9;9.7;0.0
23/07/2017;22.0;31.2;12.9;0.0
24/07/2017;22.9;32.4;14.7;0.0
25/07/2017;21.3;30.6;13.0;0.0
26/07/2017;20.9;30.4;12.2;0.0
27/07/2017;20.6;29.2;13.9;0.0
28/07/2017;21.0;28.8;15.2;0.0
29/07/2017;21.8;29.9;16.1;0.0
30/07/2017;22.0;30.1;15.1;0.0
31/07/2017;22.1;30.1;16.8;0.0
01/08/2017;21.0;29.1;14.4;0.0
02/08/2017;21.8;30.6;13.4;1.3
03/08/2017;15.6;18.2;11.9;0.0
04/08/2017;15.3;23.4;9.5;0.1
05/08/2017;17.4;25.6;9.2;0.0
06/08/2017;18.8;26.9;12.1;0.0
07/08/2017;21.8;33.5;14.0;0.0
08/08/2017;26.3;34.8;18.7;0.0
09/08/2017;26.8;35.5;17.0;0.0
10/08/2017;26.2;35.7;17.7;0.0
11/08/2017;26.3;35.6;18.3;0.0
12/08/2017;27.4;35.3;20.2;0.0
13/08/2017;19.3;26.2;12.3;3.2
14/08/2017;16.2;25.7;9.4;10.4
15/08/2017;16.1;18.3;13.7;31.0
16/08/2017;18.0;20.7;16.7;9.0
17/08/2017;18.6;20.0;17.4;8.2
18/08/2017;19.9;23.9;17.8;1.0
19/08/2017;24.4;31.2;19.2;0.0
20/08/2017;19.9;25.2;10.8;0.0
21/08/2017;15.2;24.2;7.6;0.0
22/08/2017;18.2;25.6;10.5;0.0
23/08/2017;23.6;31.8;17.9;0.0
24/08/2017;26.0;33.7;19.5;0.0
25/08/2017;24.7;31.9;19.0;0.0
26/08/2017;25.8;35.1;15.4;0.0
27/08/2017;26.8;34.8;19.2;0.0
28/08/2017;26.5;35.2;17.3;0.0
29/08/2017;26.1;34.9;17.6;0.0
30/08/2017;26.2;36.7;16.8;0.0
31/08/2017;28.8;34.9;21.0;0.0
01/09/2017;23.5;31.2;17.1;0.0
02/09/2017;25.4;33.6;17.1;0.0
03/09/2017;26.2;34.3;18.2;0.0
04/09/2017;28.9;34.7;22.5;0.0
05/09/2017;24.1;32.8;15.6;0.0
06/09/2017;24.5;34.2;15.5;0.0
07/09/2017;25.0;33.9;15.9;0.0
08/09/2017;26.9;35.5;16.6;0.0
09/09/2017;28.5;36.5;20.2;0.0
10/09/2017;29.4;37.3;22.1;0.0
11/09/2017;26.8;31.7;19.6;0.0
12/09/2017;26.1;36.0;17.8;0.0
13/09/2017;29.1;37.1;22.9;0.0
14/09/2017;31.8;37.6;22.6;0.0
15/09/2017;26.3;37.3;18.1;0.0
16/09/2017;21.0;29.3;16.0;0.0
17/09/2017;20.9;29.5;14.5;0.0
18/09/2017;23.6;33.9;14.9;0.0
19/09/2017;26.7;36.1;17.3;0.0
20/09/2017;27.9;36.3;20.9;0.0
21/09/2017;27.8;36.3;20.1;0.0
22/09/2017;28.6;36.9;21.4;0.0
23/09/2017;25.9;36.8;17.4;0.0
24/09/2017;25.7;33.5;18.7;0.0
25/09/2017;21.8;26.1;18.4;4.8
26/09/2017;25.2;33.6;18.1;0.0
27/09/2017;27.0;36.5;17.2;0.0
28/09/2017;25.1;35.8;19.2;4.9
29/09/2017;19.6;20.8;18.7;2.5
30/09/2017;23.1;29.7;18.9;0.1
01/10/2017;23.4;34.6;17.2;31.3
02/10/2017;17.5;22.7;11.9;0.1
03/10/2017;17.6;25.9;9.5;0.0
04/10/2017;20.5;29.5;10.3;0.0
05/10/2017;26.5;35.5;16.4;0.0
06/10/2017;31.4;37.0;25.7;0.1
07/10/2017;23.9;30.9;19.1;0.0
08/10/2017;22.1;27.6;17.1;6.0
09/10/2017;25.5;31.6;19.2;0.0
10/10/2017;28.7;37.4;22.7;0.4
11/10/2017;27.7;36.8;21.7;7.0
12/10/2017;29.1;36.6;23.9;0.1
13/10/2017;24.8;34.7;18.1;0.0
14/10/2017;20.1;27.6;15.9;0.0
15/10/2017;23.5;33.2;14.6;0.0
16/10/2017;25.8;32.8;20.3;0.0
17/10/2017;28.2;36.6;20.8;0.0
18/10/2017;31.0;38.2;24.7;0.0
19/10/2017;24.7;37.0;19.8;7.9
20/10/2017;24.5;30.1;19.8;2.4
21/10/2017;25.5;32.0;19.4;10.2
22/10/2017;20.6;23.8;16.2;38.3
23/10/2017;22.0;29.2;17.0;0.0
24/10/2017;25.6;32.3;19.4;0.0
25/10/2017;24.6;32.9;18.9;4.3
26/10/2017;21.8;27.5;18.9;3.1
27/10/2017;24.1;35.0;18.9;17.1
28/10/2017;23.2;28.5;19.9;8.3
29/10/2017;25.6;30.8;21.6;0.0
30/10/2017;18.8;20.6;17.4;25.2
31/10/2017;22.2;29.4;16.9;0.2
01/11/2017;23.5;30.7;17.2;0.0
02/11/2017;25.4;32.2;19.0;0.0
03/11/2017;26.6;36.1;20.9;1.8
04/11/2017;22.7;34.9;19.4;14.2
05/11/2017;22.4;24.9;20.2;1.1
06/11/2017;22.8;27.5;20.7;0.1
07/11/2017;24.0;28.9;21.5;0.0
08/11/2017;21.4;24.4;18.4;3.8
09/11/2017;24.6;32.0;18.1;0.0
10/11/2017;23.2;31.5;18.3;1.9
11/11/2017;22.0;28.6;16.0;0.0
12/11/2017;22.7;30.6;15.0;0.0
13/11/2017;23.4;32.0;14.0;0.0
14/11/2017;24.8;33.0;15.3;0.0
15/11/2017;27.7;35.7;17.4;0.0
16/11/2017;26.9;36.2;19.9;8.3
17/11/2017;25.6;32.1;19.6;0.1
18/11/2017;21.2;24.5;18.8;43.3
19/11/2017;23.5;29.4;19.7;0.0
20/11/2017;25.8;32.9;17.1;0.0
21/11/2017;24.7;32.0;20.1;4.4
22/11/2017;22.8;29.0;17.2;0.0
23/11/2017;24.0;31.5;15.6;0.0
24/11/2017;24.4;30.7;21.7;0.0
25/11/2017;25.6;32.2;21.2;1.5
26/11/2017;23.0;26.2;20.9;2.9
27/11/2017;24.9;30.3;21.4;1.3
28/11/2017;25.9;31.2;21.4;0.0
29/11/2017;26.5;32.6;21.6;0.0
30/11/2017;21.4;25.4;18.4;59.3
01/12/2017;22.4;27.6;17.4;0.0
02/12/2017;24.6;30.1;20.2;0.0
03/12/2017;25.4;31.3;20.8;2.4
04/12/2017;25.1;28.6;22.8;0.0
05/12/2017;26.2;31.4;22.5;1.0
06/12/2017;23.8;28.4;21.7;40.9
07/12/2017;24.6;28.9;22.3;7.1
08/12/2017;26.2;31.9;21.4;0.1
09/12/2017;27.6;33.3;21.7;0.0
10/12/2017;26.6;32.4;21.5;0.0
11/12/2017;26.1;33.0;19.6;0.0
12/12/2017;25.1;31.6;17.2;0.0
13/12/2017;26.8;33.0;21.2;0.0
14/12/2017;28.5;34.1;22.8;0.0
15/12/2017;28.6;34.5;22.0;0.0
16/12/2017;28.6;34.5;22.2;0.0
17/12/2017;27.5;34.5;22.7;0.0
18/12/2017;26.0;31.3;21.8;0.0
19/12/2017;26.9;34.4;22.1;5.7
20/12/2017;23.8;28.7;22.4;2.2
21/12/2017;23.1;27.5;21.2;42.1
22/12/2017;23.9;28.2;22.5;11.9
23/12/2017;24.5;29.8;22.0;3.3
24/12/2017;23.7;27.1;21.4;7.8
25/12/2017;23.6;27.6;21.4;12.5
26/12/2017;23.6;26.9;21.9;17.8
27/12/2017;25.5;29.8;22.1;16.5
28/12/2017;24.3;31.2;22.1;9.5
29/12/2017;24.4;29.0;22.1;18.5
30/12/2017;25.4;30.2;20.9;2.0
31/12/2017;26.2;32.4;21.9;4.1
01/01/2018;27.3;32.4;23.8;0.1
02/01/2018;22.4;25.5;20.3;118.2
03/01/2018;24.2;30.3;19.5;0.0
04/01/2018;25.1;31.4;17.9;0.0
05/01/2018;25.7;32.9;20.5;3.3
06/01/2018;22.6;27.1;20.2;29.5
07/01/2018;22.8;30.1;19.0;6.3
08/01/2018;24.7;29.8;20.6;0.0
09/01/2018;22.2;25.4;20.3;43.0
10/01/2018;22.5;25.8;21.1;41.5
11/01/2018;23.0;27.7;19.5;1.0
12/01/2018;24.5;30.2;21.7;3.7
13/01/2018;24.9;31.2;20.8;0.8
14/01/2018;24.2;30.1;22.3;1.0
15/01/2018;25.1;30.5;22.2;7.3
16/01/2018;24.5;31.4;22.2;0.7
17/01/2018;24.8;31.0;21.2;6.9
18/01/2018;24.9;33.0;21.9;14.2
19/01/2018;24.6;31.4;21.6;0.4
20/01/2018;24.7;31.4;20.2;0.6
21/01/2018;27.4;33.9;21.9;0.0
22/01/2018;28.3;34.2;22.6;0.0
23/01/2018;27.9;34.7;22.4;0.0
24/01/2018;28.3;34.9;22.2;0.0
25/01/2018;25.7;34.6;21.8;1.0
26/01/2018;26.5;32.1;21.9;0.0
27/01/2018;26.2;31.4;22.8;0.1
28/01/2018;25.7;31.6;23.2;0.2
29/01/2018;25.7;30.4;23.5;3.2
30/01/2018;25.4;30.4;23.0;2.5
31/01/2018;26.1;30.4;23.9;16.8
01/02/2018;25.6;30.6;21.5;0.0
02/02/2018;25.5;31.8;19.9;0.0
03/02/2018;26.6;33.1;21.3;0.0
04/02/2018;25.1;32.4;19.1;0.0
05/02/2018;27.1;32.5;19.9;0.0
06/02/2018;26.3;33.4;18.8;0.0
07/02/2018;24.8;29.7;22.2;0.0
08/02/2018;26.7;34.2;22.5;3.4
09/02/2018;25.3;28.1;23.9;0.0
10/02/2018;23.6;30.1;20.9;101.9
11/02/2018;25.3;30.7;22.7;22.0
12/02/2018;25.1;28.6;21.4;0.4
13/02/2018;24.9;32.1;19.1;0.0
14/02/2018;26.1;30.4;22.6;0.0
15/02/2018;24.8;31.6;21.0;0.0
16/02/2018;25.0;33.4;20.6;2.9
17/02/2018;22.1;24.4;19.6;6.6
18/02/2018;23.0;27.6;20.9;8.3
19/02/2018;22.5;28.4;18.6;51.8
20/02/2018;22.2;28.2;19.1;9.3
21/02/2018;25.4;32.6;19.7;0.0
22/02/2018;24.6;31.6;17.8;0.0
23/02/2018;26.4;32.7;15.7;0.0
24/02/2018;25.3;32.5;16.8;0.0
25/02/2018;24.4;30.7;20.6;13.1
26/02/2018;24.5;30.8;22.3;0.5
27/02/2018;24.0;28.5;21.4;4.0
28/02/2018;24.4;32.2;21.4;59.6
01/03/2018;24.2;32.4;20.8;8.8
02/03/2018;24.8;34.6;21.4;2.2
03/03/2018;26.5;33.0;22.1;0.2
04/03/2018;26.6;35.4;21.2;0.0
05/03/2018;24.7;33.8;20.5;5.8
06/03/2018;25.3;32.9;20.7;0.0
07/03/2018;25.9;31.8;20.7;0.0
08/03/2018;26.9;33.0;21.1;0.6
09/03/2018;25.1;29.8;21.9;0.3
10/03/2018;26.3;33.5;21.2;0.0
11/03/2018;27.7;34.5;22.1;0.0
12/03/2018;27.2;33.4;24.8;3.8
13/03/2018;27.7;34.5;23.5;1.5
14/03/2018;28.8;34.7;23.9;0.0
15/03/2018;27.2;35.0;21.8;3.3
16/03/2018;27.6;33.7;22.0;0.0
17/03/2018;28.7;35.6;22.3;18.2
18/03/2018;29.2;34.6;24.2;0.0
19/03/2018;27.9;36.0;23.6;5.7
20/03/2018;26.6;34.7;22.6;3.9
21/03/2018;25.6;32.6;22.2;0.1
22/03/2018;28.8;32.8;24.6;0.0
23/03/2018;27.4;33.9;22.9;0.3
24/03/2018;27.3;35.1;20.7;44.7
25/03/2018;21.7;24.6;16.0;12.0
26/03/2018;19.2;26.0;13.6;0.0
27/03/2018;21.5;22.0;21.2;2.9
28/03/2018;23.5;28.6;21.1;0.1
29/03/2018;24.4;30.7;21.1;25.8
30/03/2018;24.2;30.5;20.0;10.0
31/03/2018;23.8;28.5;21.2;1.9
01/04/2018;24.6;30.0;21.1;0.0
02/04/2018;25.8;30.0;21.5;0.0
03/04/2018;23.4;29.6;18.6;0.0
04/04/2018;23.2;30.3;17.7;0.0
05/04/2018;24.0;31.5;17.4;0.0
06/04/2018;24.5;32.2;17.9;0.0
07/04/2018;24.8;32.1;17.9;0.0
08/04/2018;24.6;32.1;18.1;0.0
09/04/2018;24.7;32.2;17.5;0.0
10/04/2018;26.3;33.7;20.1;0.0
11/04/2018;26.7;33.7;20.8;0.0
12/04/2018;26.0;33.0;20.6;0.0
13/04/2018;25.0;32.0;18.1;0.0
14/04/2018;25.1;31.9;18.9;0.0
15/04/2018;23.7;29.6;19.8;0.0
16/04/2018;22.8;29.0;18.8;0.0
17/04/2018;22.8;29.1;18.4;0.0
18/04/2018;24.1;28.3;20.9;0.0
19/04/2018;25.2;31.6;20.0;0.0
20/04/2018;23.6;30.1;20.6;2.8
21/04/2018;24.2;30.9;20.0;0.0
22/04/2018;24.6;31.1;18.7;0.0
23/04/2018;23.7;31.2;17.6;0.0
24/04/2018;24.1;31.4;17.6;0.0
25/04/2018;24.0;31.1;17.8;0.0
26/04/2018;23.9;31.4;17.5;0.0
27/04/2018;24.5;31.5;18.3;0.0
28/04/2018;25.5;32.9;19.0;0.0
29/04/2018;27.6;32.4;21.2;0.0
30/04/2018;25.7;32.8;19.6;0.0
01/05/2018;25.4;33.3;17.9;0.0
02/05/2018;25.2;32.9;18.7;0.0
03/05/2018;24.5;31.8;17.1;0.0
04/05/2018;25.0;32.3;16.4;0.0
05/05/2018;24.6;31.3;19.5;0.0
06/05/2018;24.6;31.9;20.4;0.0
07/05/2018;24.2;31.0;19.3;0.0
08/05/2018;23.4;30.4;18.1;0.0
09/05/2018;23.7;30.2;18.9;0.0
10/05/2018;24.1;31.5;17.8;0.0
11/05/2018;19.4;21.8;16.1;36.1
12/05/2018;17.4;23.6;13.4;0.0
13/05/2018;18.3;26.2;11.7;0.0
14/05/2018;21.9;29.2;14.9;0.0
15/05/2018;24.5;32.0;18.7;0.0
16/05/2018;20.2;25.7;18.1;7.9
17/05/2018;21.4;28.4;15.8;0.0
18/05/2018;22.7;23.6;18.0;6.1
19/05/2018;15.6;20.5;9.4;23.9
20/05/2018;13.1;20.2;7.2;0.0
21/05/2018;13.9;21.7;7.3;0.0
22/05/2018;15.1;23.3;8.7;0.0
23/05/2018;16.2;24.0;10.0;0.0
24/05/2018;17.7;25.5;12.3;0.0
25/05/2018;19.6;26.2;14.8;0.0
26/05/2018;21.2;28.5;15.5;0.0
27/05/2018;21.7;29.4;16.9;0.0
28/05/2018;21.1;28.6;15.2;0.0
29/05/2018;21.7;28.8;15.1;0.0
30/05/2018;22.2;28.9;16.2;0.0
31/05/2018;22.7;29.0;17.2;0.0
01/06/2018;21.4;25.3;17.7;0.4
02/06/2018;14.9;17.7;13.3;5.1
03/06/2018;13.8;16.1;12.4;0.4
04/06/2018;14.9;18.2;12.7;0.9
05/06/2018;15.1;18.7;11.4;0.4
06/06/2018;15.0;19.2;10.7;0.0
07/06/2018;13.0;15.1;9.6;1.5
08/06/2018;13.6;20.7;6.0;0.1
09/06/2018;19.5;25.5;14.3;0.0
10/06/2018;22.6;28.1;17.4;0.0
11/06/2018;24.3;28.3;20.2;0.0
12/06/2018;22.5;28.4;16.2;2.0
13/06/2018;13.7;16.3;11.2;0.0
14/06/2018;11.9;14.5;9.5;0.0
15/06/2018;12.3;17.2;9.7;0.0
16/06/2018;13.2;20.1;8.9;0.0
17/06/2018;14.6;23.0;8.1;0.0
18/06/2018;17.4;25.9;11.3;0.0
19/06/2018;18.6;26.7;12.4;0.0
20/06/2018;22.9;28.4;13.6;0.0
21/06/2018;21.2;29.6;12.8;0.0
22/06/2018;21.8;29.9;13.8;0.0
23/06/2018;22.5;31.0;13.9;0.0
24/06/2018;21.8;29.5;14.8;0.6
25/06/2018;20.9;30.2;15.1;0.0
26/06/2018;21.2;28.2;16.6;0.0
27/06/2018;23.1;30.0;17.4;0.0
28/06/2018;22.5;29.0;18.2;0.0
29/06/2018;22.2;30.4;15.1;0.0
30/06/2018;21.7;29.9;14.7;0.0
01/07/2018;22.6;30.7;14.4;0.0
02/07/2018;22.5;30.9;14.9;0.0
03/07/2018;22.3;30.5;14.6;0.0
04/07/2018;21.7;30.4;13.9;0.0
05/07/2018;22.6;31.2;15.0;0.0
06/07/2018;22.4;30.6;14.3;0.0
07/07/2018;22.2;30.8;14.6;0.0
08/07/2018;19.3;28.9;12.4;0.0
09/07/2018;12.8;14.9;10.1;0.0
10/07/2018;11.4;18.6;5.6;0.0
11/07/2018;12.0;21.2;4.3;0.0
12/07/2018;19.0;23.6;8.5;0.0
13/07/2018;19.5;28.4;11.2;0.0
14/07/2018;22.3;31.5;14.1;0.0
15/07/2018;24.8;33.3;15.7;0.0
16/07/2018;25.1;33.3;17.5;0.0
17/07/2018;24.2;32.3;17.0;0.0
18/07/2018;26.2;33.5;14.4;0.0
19/07/2018;24.6;32.5;16.0;0.0
20/07/2018;20.8;33.2;11.5;0.0
21/07/2018;14.1;20.0;9.3;0.0
22/07/2018;18.8;29.0;8.3;0.0
23/07/2018;22.1;31.3;14.0;0.0
24/07/2018;18.8;28.7;12.9;0.0
25/07/2018;22.0;27.7;14.5;0.0
26/07/2018;18.1;27.1;13.6;0.0
27/07/2018;19.0;28.2;13.0;0.0
28/07/2018;27.1;33.0;13.8;0.0
29/07/2018;20.0;26.3;13.9;0.0
30/07/2018;17.7;25.2;12.0;1.6
31/07/2018;17.0;24.0;11.5;0.0
01/08/2018;19.1;26.5;13.0;0.0
02/08/2018;19.8;26.0;15.2;0.5
03/08/2018;18.0;20.1;17.1;2.6
04/08/2018;17.6;18.8;16.5;1.8
05/08/2018;15.9;17.3;14.3;18.1
06/08/2018;16.8;22.4;13.7;0.0
07/08/2018;18.7;24.1;15.4;0.4
08/08/2018;18.4;20.4;14.3;31.2
09/08/2018;13.9;20.4;7.8;0.0
10/08/2018;12.2;22.4;4.4;0.0
11/08/2018;18.7;25.1;6.3;0.0
12/08/2018;17.7;28.4;7.7;0.0
13/08/2018;19.2;28.7;10.9;0.0
14/08/2018;19.7;30.5;9.7;0.0
15/08/2018;17.1;19.5;14.9;0.4
16/08/2018;18.2;25.4;14.7;0.1
17/08/2018;19.0;23.4;12.6;0.0
18/08/2018;24.2;29.9;14.9;0.0
19/08/2018;23.4;32.7;15.7;0.0
20/08/2018;14.7;21.5;9.6;0.0
21/08/2018;11.2;16.8;8.6;8.3
22/08/2018;12.7;14.0;9.6;4.1
23/08/2018;20.2;28.8;13.6;0.1
24/08/2018;24.3;33.7;14.9;1.3
25/08/2018;15.4;21.2;10.3;0.0
26/08/2018;13.8;22.2;7.1;0.0
27/08/2018;16.1;26.3;5.3;0.0
28/08/2018;25.6;31.6;14.2;0.0
29/08/2018;28.1;33.8;19.6;0.0
30/08/2018;26.9;35.7;16.6;0.0
31/08/2018;27.2;34.2;19.1;0.0
01/09/2018;19.1;24.6;13.2;1.7
02/09/2018;11.2;13.2;10.1;23.7
03/09/2018;13.7;18.2;9.8;0.3
04/09/2018;17.9;23.9;11.3;0.0
05/09/2018;17.0;25.5;8.4;0.0
06/09/2018;18.9;27.3;12.3;0.0
07/09/2018;21.6;31.7;12.3;0.0
08/09/2018;22.7;32.1;11.7;0.0
09/09/2018;23.9;33.3;14.0;0.0
10/09/2018;24.6;34.5;16.2;0.0
11/09/2018;23.3;32.5;15.5;0.0
12/09/2018;24.6;29.8;18.9;0.0
13/09/2018;20.6;26.6;16.7;0.7
14/09/2018;18.1;19.3;16.4;22.2
15/09/2018;20.4;27.2;15.3;0.1
16/09/2018;19.3;21.5;16.7;52.1
17/09/2018;21.7;27.0;18.1;14.2
18/09/2018;22.4;28.9;16.1;0.0
19/09/2018;26.9;34.5;20.5;0.0
20/09/2018;18.2;21.3;15.9;45.5
21/09/2018;22.6;30.8;16.1;0.0
22/09/2018;27.9;35.4;20.2;0.0
23/09/2018;27.9;36.5;22.2;10.8
24/09/2018;26.6;36.4;20.7;2.5
25/09/2018;22.5;25.8;19.6;0.0
26/09/2018;24.4;32.4;19.2;0.0
27/09/2018;18.5;23.2;17.5;33.3
28/09/2018;22.3;27.9;16.8;0.0
29/09/2018;24.7;29.8;21.2;0.0
30/09/2018;22.1;24.5;19.6;4.0
01/10/2018;26.2;34.3;19.8;0.0
02/10/2018;25.8;32.0;20.3;11.9
03/10/2018;24.1;32.2;20.6;4.2
04/10/2018;23.6;31.3;19.3;0.0
05/10/2018;24.4;30.6;18.1;0.0
06/10/2018;24.3;30.1;19.9;0.0
07/10/2018;24.8;32.9;19.6;1.8
08/10/2018;21.5;24.3;19.8;85.8
09/10/2018;22.0;26.8;19.7;3.3
10/10/2018;20.1;21.6;19.4;70.9
11/10/2018;23.5;28.6;20.2;0.1
12/10/2018;24.5;29.8;19.6;0.0
13/10/2018;27.2;32.9;22.8;0.0
14/10/2018;24.9;30.8;21.6;0.2
15/10/2018;24.3;30.7;20.2;0.0
16/10/2018;26.6;33.7;19.2;0.0
17/10/2018;27.4;34.5;22.6;6.7
18/10/2018;25.3;36.0;19.9;7.1
19/10/2018;24.3;30.0;20.1;0.1
20/10/2018;23.7;29.5;19.4;0.0
21/10/2018;22.8;29.7;17.4;0.0
22/10/2018;25.1;34.3;17.3;0.0
23/10/2018;24.1;33.0;20.6;43.8
24/10/2018;22.7;25.0;20.8;18.5
25/10/2018;24.5;28.2;22.0;13.4
26/10/2018;23.6;29.6;21.5;33.9
27/10/2018;22.2;26.7;16.9;0.0
28/10/2018;22.1;30.1;14.2;0.0
29/10/2018;24.6;30.6;18.7;0.0
30/10/2018;28.1;34.8;21.4;0.0
31/10/2018;25.6;35.5;18.6;4.6
01/11/2018;19.9;22.1;18.6;49.5
02/11/2018;24.8;31.3;18.9;0.1
03/11/2018;26.2;34.1;20.7;6.6
04/11/2018;24.0;28.9;20.3;0.0
05/11/2018;25.1;30.5;21.0;0.0
06/11/2018;25.2;31.2;20.7;0.0
07/11/2018;25.3;31.5;21.7;0.0
08/11/2018;24.7;30.1;19.9;0.0
09/11/2018;23.1;26.6;19.9;0.0
10/11/2018;23.0;28.5;18.7;0.0
11/11/2018;27.6;35.6;20.6;0.0
12/11/2018;29.1;34.5;22.7;0.0
13/11/2018;29.4;36.1;22.9;0.0
14/11/2018;25.4;27.9;22.6;7.5
15/11/2018;25.4;31.8;22.3;10.9
16/11/2018;24.4;31.7;21.3;23.7
17/11/2018;26.0;30.6;21.2;0.0
18/11/2018;23.0;31.9;18.3;20.8
19/11/2018;24.5;28.4;20.1;0.0
20/11/2018;23.2;29.4;18.0;0.0
21/11/2018;24.4;31.0;19.5;0.0
22/11/2018;25.7;32.2;19.5;0.0
23/11/2018;22.8;26.4;19.5;29.0
24/11/2018;23.3;28.1;18.8;0.1
25/11/2018;23.6;30.6;17.1;0.0
26/11/2018;26.1;32.7;19.8;0.0
27/11/2018;26.2;31.0;21.6;0.0
28/11/2018;26.0;32.7;20.2;15.5
29/11/2018;23.7;29.6;20.9;12.8
30/11/2018;24.8;29.0;21.4;0.0
01/12/2018;25.0;31.4;19.7;0.0
02/12/2018;22.4;28.9;16.9;0.0
03/12/2018;22.6;30.2;14.9;0.0
04/12/2018;23.9;30.6;16.9;0.0
05/12/2018;25.5;32.1;17.8;0.0
06/12/2018;26.1;33.9;19.1;0.0
07/12/2018;24.3;30.3;19.3;0.0
08/12/2018;23.3;30.6;14.7;0.0
09/12/2018;24.4;31.4;18.1;0.0
10/12/2018;27.6;35.2;18.6;0.0
11/12/2018;28.9;34.8;23.2;0.0
12/12/2018;27.3;36.1;22.1;0.0
13/12/2018;27.9;33.9;21.9;0.0
14/12/2018;29.2;34.8;23.7;0.0
15/12/2018;27.7;34.9;21.6;28.2
16/12/2018;26.9;33.7;20.8;0.0
17/12/2018;29.0;35.4;22.9;0.0
18/12/2018;27.8;34.2;22.7;1.3
19/12/2018;28.3;34.2;22.0;0.0
20/12/2018;29.5;35.2;22.7;0.0
21/12/2018;27.2;35.3;23.8;0.0
22/12/2018;25.6;32.3;22.1;10.1
23/12/2018;24.4;30.8;21.9;8.1
24/12/2018;24.3;29.2;22.5;3.0
25/12/2018;25.6;31.2;21.9;0.0
26/12/2018;26.0;31.5;21.6;0.0
27/12/2018;27.6;33.3;22.2;0.0
28/12/2018;25.3;31.9;21.5;14.0
29/12/2018;24.8;29.6;22.8;2.6
30/12/2018;25.1;30.4;22.2;1.1
31/12/2018;27.5;33.2;22.0;0.4
01/01/2019;27.7;33.5;24.3;0.0
02/01/2019;27.7;32.6;23.6;0.3
03/01/2019;29.0;34.1;24.5;0.0
04/01/2019;29.2;35.2;24.5;0.0
05/01/2019;23.6;27.8;20.7;95.2
06/01/2019;26.8;32.9;23.1;0.1
07/01/2019;24.9;30.0;23.0;11.6
08/01/2019;26.0;31.6;22.8;0.0
09/01/2019;27.2;33.8;22.9;1.1
10/01/2019;26.9;33.3;21.1;0.0
11/01/2019;26.3;33.9;21.0;9.7
12/01/2019;24.8;31.3;20.9;1.6
13/01/2019;26.5;33.2;22.2;2.7
14/01/2019;27.9;34.3;22.2;0.0
15/01/2019;27.8;33.5;22.8;2.7
16/01/2019;29.3;34.8;23.5;0.0
17/01/2019;30.1;35.6;24.3;0.0
18/01/2019;25.9;33.6;21.4;14.4
19/01/2019;24.4;29.2;21.5;0.0
20/01/2019;25.1;31.8;21.4;6.3
21/01/2019;27.4;33.7;21.6;0.0
22/01/2019;29.6;36.0;22.6;0.0
23/01/2019;30.7;37.5;23.7;0.0
24/01/2019;27.9;32.5;24.2;0.0
25/01/2019;28.4;35.2;21.6;0.0
26/01/2019;27.4;34.8;22.8;2.5
27/01/2019;25.8;32.9;21.4;0.1
28/01/2019;25.3;31.0;21.1;1.5
29/01/2019;26.1;33.7;20.5;5.6
30/01/2019;27.2;34.7;21.8;11.3
31/01/2019;28.5;36.4;21.6;0.0
01/02/2019;30.1;37.1;22.6;0.0
02/02/2019;28.4;31.6;21.9;0.0
03/02/2019;26.8;34.0;20.7;0.0
04/02/2019;25.4;32.9;21.0;14.9
05/02/2019;24.5;31.7;20.7;11.3
06/02/2019;26.1;33.5;20.3;0.0
07/02/2019;27.1;35.0;20.8;0.0
08/02/2019;27.2;34.5;22.1;0.0
09/02/2019;28.6;37.0;20.8;0.0
10/02/2019;25.0;32.5;21.3;29.7
11/02/2019;30.1;35.4;22.9;0.1
12/02/2019;22.7;23.8;21.6;32.2
13/02/2019;25.3;32.2;20.6;0.0
14/02/2019;23.9;29.1;21.8;50.9
15/02/2019;24.9;29.3;20.8;0.1
16/02/2019;24.1;30.7;18.5;0.0
17/02/2019;23.8;30.6;20.0;0.2
18/02/2019;21.9;29.5;17.4;40.9
19/02/2019;22.7;27.7;19.2;0.9
20/02/2019;24.9;31.7;20.0;0.1
21/02/2019;26.9;33.6;21.1;0.0
22/02/2019;27.9;34.6;21.6;0.0
23/02/2019;28.5;34.5;22.9;0.0
24/02/2019;29.0;35.5;22.2;0.0
25/02/2019;28.6;35.0;21.0;3.7
26/02/2019;20.7;22.6;19.4;68.5
27/02/2019;22.4;26.2;20.5;6.7
28/02/2019;26.4;32.0;19.9;0.0
01/03/2019;25.2;33.5;18.0;0.0
02/03/2019;25.6;34.3;19.5;0.0
03/03/2019;27.3;34.4;19.2;0.0
04/03/2019;27.9;34.3;22.2;0.0
05/03/2019;26.4;35.6;22.2;2.2
06/03/2019;26.5;34.3;22.4;0.0
07/03/2019;27.5;34.4;22.9;0.4
08/03/2019;28.1;34.4;22.9;0.0
09/03/2019;25.1;30.6;21.6;0.0
10/03/2019;24.4;31.5;20.7;12.1
11/03/2019;24.4;29.4;20.9;2.9
12/03/2019;24.2;29.0;21.1;34.5
13/03/2019;24.2;29.4;21.2;4.2
14/03/2019;24.7;31.0;21.2;47.9
15/03/2019;24.4;29.3;21.7;8.6
16/03/2019;23.5;25.7;21.7;0.0
17/03/2019;23.6;25.8;21.2;7.3
18/03/2019;23.5;27.7;21.1;29.4
19/03/2019;25.1;30.1;22.0;16.1
20/03/2019;20.9;23.1;18.9;30.2
21/03/2019;21.9;27.3;19.5;0.0
22/03/2019;23.7;29.4;19.5;0.0
23/03/2019;24.4;31.4;18.5;0.0
24/03/2019;25.0;32.6;18.1;0.0
25/03/2019;27.8;33.0;21.3;0.0
26/03/2019;25.8;33.9;19.7;0.0
27/03/2019;25.3;32.4;18.4;0.0
28/03/2019;25.4;32.2;19.6;0.0
29/03/2019;25.2;31.5;20.5;0.1
30/03/2019;25.2;32.1;19.7;0.0
31/03/2019;25.3;30.8;21.4;0.0
01/04/2019;24.0;27.8;19.7;0.4
02/04/2019;23.2;27.2;21.6;3.6
03/04/2019;25.0;30.3;21.2;0.0
04/04/2019;26.3;31.3;22.4;0.0
05/04/2019;24.2;31.2;19.7;5.7
06/04/2019;19.2;22.4;17.3;1.2
07/04/2019;20.4;25.9;16.5;0.0
08/04/2019;20.3;27.4;14.3;0.0
09/04/2019;21.8;29.2;15.2;0.0
10/04/2019;22.9;29.8;18.0;0.0
11/04/2019;23.1;30.4;17.4;0.0
12/04/2019;23.6;30.8;17.7;0.0
13/04/2019;23.9;29.7;18.2;0.3
14/04/2019;24.5;30.5;21.5;0.0
15/04/2019;25.6;32.4;20.8;0.0
16/04/2019;25.2;32.2;21.1;0.0
17/04/2019;24.7;31.7;19.8;0.0
18/04/2019;24.6;31.9;17.8;0.0
19/04/2019;26.7;32.9;21.3;0.0
20/04/2019;27.6;33.8;22.6;0.0
21/04/2019;22.5;29.4;19.5;27.7
22/04/2019;21.9;26.0;19.4;0.5
23/04/2019;24.6;30.7;20.3;0.0
24/04/2019;25.4;31.3;20.8;0.0
25/04/2019;25.9;32.9;20.4;0.0
26/04/2019;26.2;33.2;21.4;3.3
27/04/2019;25.1;32.2;21.0;0.7
28/04/2019;23.3;27.9;18.8;0.8
29/04/2019;22.3;28.4;17.4;0.0
30/04/2019;23.9;30.9;19.0;5.4
01/05/2019;22.2;24.4;20.4;1.4
02/05/2019;23.1;28.3;19.0;0.0
03/05/2019;22.2;26.0;19.9;3.5
04/05/2019;24.4;29.9;19.8;0.0
05/05/2019;25.2;31.1;20.5;0.0
06/05/2019;24.6;31.3;20.4;0.0
07/05/2019;24.6;31.5;18.9;0.0
08/05/2019;25.3;30.5;21.2;0.0
09/05/2019;25.0;30.4;20.7;0.0
10/05/2019;26.2;32.1;21.5;0.0
11/05/2019;24.6;31.4;19.7;1.5
12/05/2019;21.2;27.0;17.3;0.0
13/05/2019;16.6;19.8;14.0;0.0
14/05/2019;15.4;22.3;10.9;0.1
15/05/2019;17.1;23.7;11.1;0.0
16/05/2019;18.6;23.6;14.4;0.0
17/05/2019;20.3;27.1;15.2;0.0
18/05/2019;21.0;27.4;16.1;0.0
19/05/2019;21.2;28.2;15.6;0.0
20/05/2019;22.4;29.3;17.2;0.0
21/05/2019;24.2;29.0;22.1;0.0
22/05/2019;23.3;28.0;19.2;3.8
23/05/2019;18.4;21.1;15.3;15.5
24/05/2019;15.7;19.9;10.5;0.0
25/05/2019;15.3;22.3;9.5;0.0
26/05/2019;19.3;26.5;12.4;0.0
27/05/2019;23.5;31.1;17.0;0.0
28/05/2019;24.5;30.3;20.6;3.6
29/05/2019;23.8;30.7;20.0;1.1
30/05/2019;25.6;32.0;19.5;0.1
31/05/2019;24.9;30.4;21.2;5.5
01/06/2019;22.2;27.1;19.6;6.7
02/06/2019;19.0;21.4;17.3;15.4
03/06/2019;17.9;22.2;13.4;0.1
04/06/2019;17.6;23.9;12.9;0.0
05/06/2019;16.5;22.7;12.5;0.0
06/06/2019;17.2;25.2;10.1;0.0
07/06/2019;20.1;29.0;11.5;0.0
08/06/2019;21.1;28.6;14.9;0.0
09/06/2019;21.5;28.0;17.2;0.0
10/06/2019;19.4;27.0;12.7;0.0
11/06/2019;21.9;30.4;15.3;0.0
12/06/2019;23.3;31.0;16.6;0.0
13/06/2019;22.9;31.5;15.9;0.0
14/06/2019;22.8;30.8;16.8;0.0
15/06/2019;24.2;30.8;18.5;0.0
16/06/2019;24.0;30.7;19.5;0.0
17/06/2019;22.0;29.7;15.6;0.0
18/06/2019;22.0;29.7;15.3;0.0
19/06/2019;22.1;29.4;14.9;0.0
20/06/2019;21.2;28.4;17.0;0.0
21/06/2019;22.2;30.1;16.1;0.0
22/06/2019;21.8;30.1;16.1;0.0
23/06/2019;21.3;29.7;12.8;0.0
24/06/2019;22.1;29.8;14.1;0.0
25/06/2019;23.6;30.1;16.4;0.0
26/06/2019;15.0;21.2;12.8;1.3
27/06/2019;17.6;22.7;12.9;1.6
28/06/2019;23.6;31.8;17.9;0.0
29/06/2019;24.5;32.3;18.0;0.0
30/06/2019;24.9;32.9;18.1;0.0
01/07/2019;24.2;32.2;17.7;0.0
02/07/2019;20.0;24.4;17.8;0.2
03/07/2019;20.0;27.0;16.1;25.3
04/07/2019;15.8;17.8;13.1;12.2
05/07/2019;10.9;18.0;5.5;0.0
06/07/2019;7.7;15.7;0.9;0.0
07/07/2019;10.0;19.9;0.9;0.0
08/07/2019;16.5;22.4;10.2;0.0
09/07/2019;16.8;27.5;7.2;0.0
10/07/2019;18.8;30.1;9.7;0.0
11/07/2019;20.5;30.4;10.7;0.0
12/07/2019;20.7;30.2;11.5;0.0
13/07/2019;23.3;31.9;16.7;0.0
14/07/2019;23.5;32.7;14.7;0.0
15/07/2019;18.2;21.3;16.5;8.1
16/07/2019;17.4;23.8;9.9;0.0
17/07/2019;15.1;23.4;8.1;0.0
18/07/2019;16.1;21.3;11.4;0.0
19/07/2019;17.9;25.8;13.2;0.0
20/07/2019;21.6;30.6;13.0;0.0
21/07/2019;22.9;30.3;16.6;0.0
22/07/2019;22.1;29.7;16.9;0.0
23/07/2019;23.5;32.7;15.5;0.0
24/07/2019;17.5;25.4;12.2;0.0
25/07/2019;15.4;24.1;11.3;0.0
26/07/2019;13.6;18.9;10.8;0.0
27/07/2019;15.1;23.7;9.6;0.0
28/07/2019;18.3;28.5;8.9;0.0
29/07/2019;21.6;30.2;14.0;0.0
30/07/2019;22.5;31.1;13.8;0.0
31/07/2019;22.4;30.7;14.6;0.0
01/08/2019;24.8;31.9;17.7;0.0
02/08/2019;17.0;24.6;9.8;0.0
03/08/2019;11.2;18.9;5.5;0.0
04/08/2019;12.1;22.0;2.7;0.0
05/08/2019;15.2;25.1;6.8;0.0
06/08/2019;20.7;29.8;13.6;0.0
07/08/2019;20.6;31.1;14.3;6.0
08/08/2019;23.6;33.8;17.6;1.2
09/08/2019;27.7;34.0;16.4;0.0
10/08/2019;16.1;22.0;12.3;0.0
11/08/2019;21.2;33.0;10.1;0.0
12/08/2019;26.1;35.6;15.8;0.1
13/08/2019;19.4;24.7;13.3;0.0
14/08/2019;16.3;25.7;8.5;0.0
15/08/2019;19.1;27.9;10.8;0.0
16/08/2019;23.7;31.6;16.4;0.0
17/08/2019;25.6;34.6;17.6;0.0
18/08/2019;26.3;33.5;20.0;0.0
19/08/2019;22.0;28.8;17.2;0.0
20/08/2019;20.9;29.1;13.5;0.0
21/08/2019;21.7;29.4;15.1;0.0
22/08/2019;22.4;30.3;15.3;0.0
23/08/2019;21.2;28.6;14.9;0.0
24/08/2019;21.3;30.7;11.9;0.0
25/08/2019;21.2;30.2;14.0;0.0
26/08/2019;20.0;29.4;15.1;1.8
27/08/2019;19.7;24.0;16.4;0.1
28/08/2019;23.4;32.9;12.7;0.0
29/08/2019;26.0;34.3;17.6;0.0
30/08/2019;27.8;36.2;18.9;0.0
31/08/2019;23.3;28.2;19.7;1.6
01/09/2019;17.5;19.9;14.4;7.1
02/09/2019;18.1;24.6;11.8;0.0
03/09/2019;24.2;29.4;18.5;0.0
04/09/2019;23.4;29.3;19.8;0.0
05/09/2019;23.7;31.5;17.4;0.0
06/09/2019;23.5;31.5;16.4;0.0
07/09/2019;28.2;37.9;20.1;0.0
08/09/2019;28.8;38.1;19.3;0.0
09/09/2019;30.4;38.3;22.2;0.0
10/09/2019;29.7;37.7;20.2;0.0
11/09/2019;28.8;37.8;19.8;0.0
12/09/2019;19.1;23.6;15.2;0.0
13/09/2019;22.1;31.0;14.6;0.0
14/09/2019;26.5;35.8;17.5;0.0
15/09/2019;30.9;39.7;22.5;0.0
16/09/2019;31.8;39.9;24.3;0.0
17/09/2019;27.5;36.2;20.2;0.0
18/09/2019;22.0;29.7;17.1;0.0
19/09/2019;27.7;37.0;18.8;1.0
20/09/2019;26.0;33.9;20.8;6.4
21/09/2019;24.0;31.2;18.6;0.0
22/09/2019;23.6;30.9;18.2;0.0
23/09/2019;22.4;29.8;16.5;0.0
24/09/2019;21.7;28.4;16.7;0.0
25/09/2019;19.6;22.2;18.1;13.3
26/09/2019;21.8;28.8;17.5;0.0
27/09/2019;23.9;31.9;14.8;0.0
28/09/2019;24.8;32.5;18.4;0.0
29/09/2019;26.4;34.5;16.6;0.0
30/09/2019;31.1;35.7;24.8;0.0
01/10/2019;29.9;38.1;22.1;0.0
02/10/2019;29.3;36.6;24.0;0.0
03/10/2019;26.5;36.8;21.7;5.5
04/10/2019;26.1;36.7;21.5;4.4
05/10/2019;23.2;29.0;18.8;1.7
06/10/2019;19.1;19.7;18.2;0.0
07/10/2019;21.0;26.8;17.5;0.3
08/10/2019;23.2;29.8;17.8;0.0
09/10/2019;25.9;33.6;16.1;0.0
10/10/2019;27.8;35.3;19.2;0.0
11/10/2019;29.6;37.8;21.8;0.8
12/10/2019;30.3;37.9;22.9;0.0
13/10/2019;29.3;38.5;22.7;2.4
14/10/2019;24.5;33.2;21.2;11.2
15/10/2019;24.6;30.3;21.4;0.0
16/10/2019;26.8;34.0;20.9;0.0
17/10/2019;26.8;31.5;21.9;0.0
18/10/2019;27.2;37.0;20.7;0.0
19/10/2019;25.9;32.2;21.2;0.3
20/10/2019;26.3;34.4;20.8;0.2
21/10/2019;21.3;27.4;14.3;4.6
22/10/2019;19.4;27.6;12.7;0.0
23/10/2019;23.6;33.1;14.1;0.0
24/10/2019;27.0;35.7;17.2;0.0
25/10/2019;27.8;37.2;20.4;0.1
26/10/2019;28.4;38.0;22.1;0.3
27/10/2019;30.1;37.7;22.6;0.0
28/10/2019;28.4;37.0;22.8;0.0
29/10/2019;30.7;38.3;21.2;0.0
30/10/2019;32.8;39.2;26.4;0.0
31/10/2019;29.2;39.5;21.2;0.3
01/11/2019;28.2;37.4;19.7;0.0
02/11/2019;30.8;38.5;23.3;7.0
03/11/2019;27.7;36.4;23.9;7.1
04/11/2019;30.6;37.1;23.8;0.0
05/11/2019;29.4;39.2;21.4;0.0
06/11/2019;25.5;33.1;20.8;0.0
07/11/2019;24.9;30.8;21.4;4.6
08/11/2019;26.4;33.4;24.6;0.0
09/11/2019;25.5;34.0;20.9;12.9
10/11/2019;24.6;29.4;20.8;6.1
11/11/2019;26.8;34.3;21.8;0.0
12/11/2019;27.9;33.9;23.1;0.0
13/11/2019;25.3;31.3;22.1;11.4
14/11/2019;23.4;28.6;20.6;4.3
15/11/2019;25.5;32.5;20.2;0.0
16/11/2019;25.9;34.3;17.7;0.0
17/11/2019;27.3;34.8;18.8;0.0
18/11/2019;27.8;35.0;20.4;0.0
19/11/2019;28.3;35.6;20.8;0.0
20/11/2019;29.0;36.2;20.1;0.0
21/11/2019;29.3;36.9;22.4;0.0
22/11/2019;27.6;36.4;21.3;0.0
23/11/2019;28.0;35.8;23.1;0.0
24/11/2019;27.9;34.5;21.7;0.0
25/11/2019;27.2;33.6;20.5;10.6
26/11/2019;27.2;32.6;23.7;4.5
27/11/2019;23.2;25.9;21.5;40.0
28/11/2019;25.1;30.5;20.4;0.1
29/11/2019;26.6;32.3;22.1;0.0
30/11/2019;28.6;35.6;22.8;0.0
01/12/2019;26.2;32.6;22.7;0.0
02/12/2019;25.4;32.0;21.3;2.8
03/12/2019;25.5;31.2;21.7;0.1
04/12/2019;24.5;31.3;21.7;13.6
05/12/2019;23.3;25.1;20.5;15.3
06/12/2019;23.4;30.4;17.4;0.0
07/12/2019;24.2;31.5;16.3;0.0
08/12/2019;25.2;31.8;18.4;0.0
09/12/2019;22.7;27.3;19.3;13.8
10/12/2019;25.5;31.4;20.7;8.4
11/12/2019;25.2;32.8;22.0;2.2
12/12/2019;25.2;33.8;20.3;27.7
13/12/2019;25.7;31.5;19.8;0.0
14/12/2019;24.7;31.4;21.8;1.1
15/12/2019;26.2;32.7;20.9;0.1
16/12/2019;21.8;24.3;20.5;54.8
17/12/2019;21.3;24.1;19.9;26.8
18/12/2019;22.8;28.2;19.9;19.2
19/12/2019;25.2;31.3;22.0;2.0
20/12/2019;26.4;33.2;21.8;0.0
21/12/2019;22.8;26.5;19.2;7.8
22/12/2019;24.2;30.3;20.0;0.0
23/12/2019;24.2;31.4;17.5;0.0
24/12/2019;26.1;33.4;17.6;0.0
25/12/2019;26.8;34.4;22.4;15.1
26/12/2019;27.9;35.0;20.9;0.0
27/12/2019;28.5;34.7;22.4;0.0
28/12/2019;27.9;34.6;21.3;0.0
29/12/2019;28.0;34.1;23.4;0.0
30/12/2019;28.7;35.7;22.7;6.0
31/12/2019;26.8;35.8;22.5;0.0
01/01/2020;26.2;33.3;21.6;18.0
02/01/2020;26.8;32.8;21.1;0.0
03/01/2020;25.3;33.5;21.3;4.5
04/01/2020;24.7;29.2;22.6;3.5
05/01/2020;26.1;32.3;23.9;1.7
06/01/2020;27.9;33.4;21.5;0.0
07/01/2020;23.2;26.0;20.9;19.2
08/01/2020;25.0;29.9;20.6;1.6
09/01/2020;27.4;32.3;24.0;0.1
10/01/2020;28.5;33.7;23.9;0.0
11/01/2020;27.6;34.3;22.5;8.7
12/01/2020;27.5;35.2;22.7;20.2
13/01/2020;25.1;30.7;22.5;7.6
14/01/2020;26.1;32.8;22.8;0.1
15/01/2020;28.5;34.2;23.3;0.0
16/01/2020;29.1;35.9;23.8;0.0
17/01/2020;27.4;33.0;22.8;0.0
18/01/2020;26.7;32.1;22.1;0.0
19/01/2020;27.2;33.3;23.3;0.0
20/01/2020;27.6;32.9;21.7;0.0
21/01/2020;28.2;34.0;22.0;0.0
22/01/2020;24.6;29.7;22.8;50.4
23/01/2020;23.0;26.4;22.7;13.8
24/01/2020;24.6;30.5;20.6;0.0
25/01/2020;25.6;32.6;19.1;0.0
26/01/2020;26.9;33.5;20.2;0.0
27/01/2020;26.9;34.6;21.6;1.8
28/01/2020;27.6;32.5;24.5;0.0
29/01/2020;25.4;33.5;21.9;4.3
30/01/2020;22.7;30.2;21.0;14.1
31/01/2020;24.3;28.3;21.2;2.8
01/02/2020;26.0;31.8;22.9;3.0
02/02/2020;24.7;30.6;20.8;25.3
03/02/2020;23.9;30.0;20.8;0.1
04/02/2020;24.5;30.6;21.7;15.8
05/02/2020;25.4;31.9;22.0;0.1
06/02/2020;27.1;33.5;21.2;0.0
07/02/2020;27.3;33.3;22.6;0.5
08/02/2020;26.0;31.7;22.3;0.0
09/02/2020;26.8;31.8;22.3;0.0
10/02/2020;26.8;34.2;22.8;47.3
11/02/2020;25.3;29.9;22.8;0.1
12/02/2020;25.3;30.6;21.2;0.0
13/02/2020;26.2;32.3;21.3;0.0
14/02/2020;27.1;33.5;21.4;0.0
15/02/2020;28.1;34.4;24.3;0.0
16/02/2020;29.3;34.8;23.3;0.0
17/02/2020;30.3;35.9;24.5;0.0
18/02/2020;29.0;36.6;24.7;0.2
19/02/2020;26.4;34.3;23.2;24.9
20/02/2020;25.5;33.5;23.5;9.6
21/02/2020;28.3;33.5;21.6;0.0
22/02/2020;22.6;29.8;16.9;0.0
23/02/2020;23.9;31.3;15.2;0.0
24/02/2020;26.4;31.4;22.2;1.3
25/02/2020;27.7;34.0;24.3;0.6
26/02/2020;23.2;27.9;19.2;18.4
27/02/2020;23.7;30.5;17.6;0.0
28/02/2020;26.4;31.8;21.7;0.0
29/02/2020;25.2;32.4;19.1;0.0
01/03/2020;24.9;31.4;19.3;0.0
02/03/2020;24.1;30.5;18.3;0.0
03/03/2020;24.0;31.3;17.4;0.0
04/03/2020;25.6;33.0;18.0;0.0
05/03/2020;26.4;34.4;19.3;0.0
06/03/2020;26.2;33.3;17.9;0.0
07/03/2020;26.2;34.1;19.6;0.6
08/03/2020;26.4;33.7;19.8;0.0
09/03/2020;27.3;35.3;20.1;0.0
10/03/2020;26.8;34.5;19.2;0.0
11/03/2020;27.8;35.5;20.1;0.0
12/03/2020;28.9;36.1;21.0;0.0
13/03/2020;29.6;36.8;22.6;0.0
14/03/2020;29.0;36.6;21.1;0.0
15/03/2020;28.8;36.9;20.5;0.0
16/03/2020;27.4;35.7;23.1;2.0
17/03/2020;27.5;35.6;21.9;0.0
18/03/2020;28.5;35.7;22.9;0.0
19/03/2020;23.1;26.0;20.9;61.6
20/03/2020;23.6;28.3;19.8;0.8
21/03/2020;24.0;31.9;16.8;0.0
22/03/2020;25.8;32.9;18.8;0.0
23/03/2020;24.8;31.6;18.7;0.0
24/03/2020;24.3;32.0;17.1;0.0
25/03/2020;25.7;32.4;20.3;0.0
26/03/2020;25.7;32.1;20.3;0.0
27/03/2020;25.6;33.3;18.8;0.0
28/03/2020;26.4;32.7;22.3;34.5
29/03/2020;25.8;32.3;21.8;1.3
30/03/2020;25.6;31.2;21.3;0.0
31/03/2020;26.7;33.3;20.4;0.0
01/04/2020;27.1;33.8;20.8;0.0
02/04/2020;27.3;34.7;20.8;0.0
03/04/2020;22.0;28.0;15.5;0.0
04/04/2020;21.4;30.1;12.8;0.0
05/04/2020;26.2;33.9;17.5;0.0
06/04/2020;25.5;34.5;18.9;35.3
07/04/2020;21.5;27.2;16.9;2.7
08/04/2020;20.4;28.0;13.3;0.0
09/04/2020;19.8;28.7;11.7;0.0
10/04/2020;20.0;28.2;12.6;0.0
11/04/2020;20.7;29.5;13.3;0.0
12/04/2020;21.8;30.5;14.1;0.0
13/04/2020;24.9;32.3;18.3;16.7
14/04/2020;19.7;25.1;12.3;1.6
15/04/2020;15.6;22.2;9.8;0.0
16/04/2020;16.7;24.6;9.0;0.0
17/04/2020;18.8;27.9;9.5;0.0
18/04/2020;20.3;28.0;12.8;0.0
19/04/2020;21.4;29.0;15.3;0.0
20/04/2020;22.3;29.8;15.7;0.0
21/04/2020;23.2;30.7;16.0;0.0
22/04/2020;22.9;30.5;15.9;0.0
23/04/2020;22.5;29.6;15.3;0.0
24/04/2020;23.2;30.5;16.7;0.0
25/04/2020;26.3;32.7;21.0;0.0
26/04/2020;26.3;32.4;21.4;0.0
27/04/2020;23.5;30.4;18.4;0.0
28/04/2020;23.8;30.9;17.8;0.0
29/04/2020;24.0;31.5;17.3;0.0
30/04/2020;23.9;31.5;16.6;0.0
01/05/2020;23.9;31.5;16.8;0.0
02/05/2020;23.1;30.2;17.0;0.0
03/05/2020;22.9;30.3;16.4;0.0
04/05/2020;23.6;30.8;17.5;0.0
05/05/2020;24.2;31.2;18.6;0.0
06/05/2020;17.6;21.5;10.4;4.0
07/05/2020;12.6;20.1;6.0;0.0
08/05/2020;14.8;24.3;5.8;0.0
09/05/2020;18.0;26.6;8.5;0.0
10/05/2020;21.8;30.7;13.8;0.0
11/05/2020;24.2;32.2;15.2;0.0
12/05/2020;20.8;24.6;19.4;81.5
13/05/2020;21.7;26.9;18.7;12.4
14/05/2020;18.4;21.4;13.4;0.0
15/05/2020;16.4;24.6;10.1;0.0
16/05/2020;16.1;24.8;8.6;0.0
17/05/2020;18.1;26.5;9.6;0.0
18/05/2020;19.9;28.2;12.5;0.0
19/05/2020;20.8;29.2;13.6;0.0
20/05/2020;23.0;30.3;15.5;0.0
21/05/2020;24.8;31.3;19.5;0.0
22/05/2020;20.3;28.2;13.8;26.3
23/05/2020;13.8;18.5;10.3;0.0
24/05/2020;13.5;20.4;7.7;0.0
25/05/2020;13.5;23.5;5.2;0.1
26/05/2020;14.2;22.3;7.6;0.0
27/05/2020;14.8;24.5;7.2;0.0
28/05/2020;16.7;25.8;8.8;0.0
29/05/2020;17.9;26.4;10.7;0.0
30/05/2020;19.4;28.3;9.6;0.0
31/05/2020;20.9;29.4;13.9;0.0
01/06/2020;17.5;23.9;12.9;0.4
02/06/2020;13.6;14.6;12.4;15.3
03/06/2020;16.9;19.4;13.9;0.1
04/06/2020;19.0;20.3;17.8;5.3
05/06/2020;18.5;26.2;14.1;3.5
06/06/2020;15.1;20.0;12.4;0.1
07/06/2020;18.4;24.5;12.4;0.0
08/06/2020;23.0;30.0;16.7;0.0
09/06/2020;25.1;30.8;20.3;0.0
10/06/2020;25.4;30.8;21.7;0.0
11/06/2020;24.5;30.9;17.8;0.0
12/06/2020;23.9;31.2;16.7;0.0
13/06/2020;22.7;31.5;16.5;0.0
14/06/2020;20.2;26.5;14.9;0.0
15/06/2020;20.2;26.0;16.1;0.0
16/06/2020;21.5;28.6;16.8;0.0
17/06/2020;23.0;29.7;17.4;0.0
18/06/2020;22.6;29.6;16.1;0.0
19/06/2020;23.4;30.9;17.1;0.0
20/06/2020;23.3;31.0;17.5;0.0
21/06/2020;22.4;31.0;15.3;0.0
22/06/2020;22.6;30.7;14.8;0.0
23/06/2020;23.0;30.7;16.4;0.0
24/06/2020;22.2;29.9;14.2;0.0
25/06/2020;20.8;26.9;15.0;6.1
26/06/2020;14.2;16.1;12.1;35.6
27/06/2020;14.1;16.2;11.5;32.2
28/06/2020;16.3;19.2;11.9;0.0
29/06/2020;19.4;24.5;16.0;0.0
30/06/2020;21.7;29.1;15.3;0.0
01/07/2020;14.1;19.4;7.7;0.0
02/07/2020;11.4;19.7;5.4;0.0
03/07/2020;12.3;20.8;5.2;0.0
04/07/2020;18.5;26.9;9.7;0.0
05/07/2020;22.1;29.0;15.6;0.0
06/07/2020;22.4;28.6;18.9;9.8
07/07/2020;23.9;31.6;17.4;0.0
08/07/2020;14.1;18.9;10.8;2.4
09/07/2020;12.1;16.6;9.0;0.0
10/07/2020;17.1;26.8;8.1;0.0
11/07/2020;21.6;29.9;14.4;0.0
12/07/2020;23.7;31.0;16.7;0.0
13/07/2020;23.5;31.3;16.2;0.0
14/07/2020;20.8;26.3;15.8;0.0
15/07/2020;20.7;28.7;13.1;0.0
16/07/2020;21.8;28.3;17.9;0.0
17/07/2020;23.3;31.6;15.4;0.0
18/07/2020;23.5;30.8;17.5;0.0
19/07/2020;23.0;30.2;17.4;0.0
20/07/2020;22.3;30.4;13.7;0.0
21/07/2020;22.1;30.3;13.9;0.0
22/07/2020;21.9;30.2;14.3;0.0
23/07/2020;22.0;30.8;12.9;0.0
24/07/2020;23.2;32.2;13.7;0.0
25/07/2020;12.1;15.5;10.0;0.0
26/07/2020;16.8;26.0;9.0;0.0
27/07/2020;18.9;28.5;11.3;0.0
28/07/2020;21.1;31.1;13.6;0.0
29/07/2020;13.4;17.2;10.8;0.8
30/07/2020;16.2;22.7;9.9;0.0
31/07/2020;20.4;27.4;15.6;0.0
01/08/2020;20.8;28.9;14.3;0.0
02/08/2020;21.4;29.6;15.0;0.0
03/08/2020;21.6;29.8;14.3;0.0
04/08/2020;21.3;29.2;13.7;0.0
05/08/2020;21.1;29.6;13.5;0.0
06/08/2020;21.3;30.3;13.2;0.0
07/08/2020;21.5;30.4;13.8;0.0
08/08/2020;21.7;30.7;12.6;0.0
09/08/2020;22.1;30.8;12.6;0.0
10/08/2020;23.3;32.2;12.7;0.0
11/08/2020;24.3;33.5;14.2;0.0
12/08/2020;23.2;32.1;17.9;0.0
13/08/2020;20.5;27.2;15.6;1.2
14/08/2020;24.9;33.7;15.7;0.0
15/08/2020;23.9;29.8;19.3;16.1
16/08/2020;19.4;20.8;18.4;18.8
17/08/2020;19.1;20.8;18.2;10.7
18/08/2020;19.0;21.7;18.1;36.2
19/08/2020;16.4;19.1;14.7;8.7
20/08/2020;11.2;14.9;7.8;25.5
21/08/2020;9.2;15.5;5.3;0.0
22/08/2020;11.9;20.5;3.1;0.0
23/08/2020;17.1;25.1;8.9;0.0
24/08/2020;20.4;28.2;13.7;0.0
25/08/2020;22.3;29.5;16.0;0.0
26/08/2020;22.7;30.6;15.4;0.0
27/08/2020;24.2;32.5;15.1;0.0
28/08/2020;25.5;34.4;16.5;0.0
29/08/2020;25.8;36.1;15.8;0.0
30/08/2020;26.2;36.7;15.1;0.0
31/08/2020;25.5;35.4;16.0;0.0
01/09/2020;25.2;33.9;17.0;0.0
02/09/2020;24.1;33.2;18.5;1.3
03/09/2020;22.1;31.6;15.2;0.0
04/09/2020;23.2;32.4;15.6;0.0
05/09/2020;26.7;35.8;17.6;0.0
06/09/2020;27.3;36.6;18.6;0.0
07/09/2020;24.7;35.6;17.3;0.0
08/09/2020;26.2;32.9;16.6;0.0
09/09/2020;30.6;37.4;22.8;0.0
10/09/2020;28.5;37.8;19.5;0.0
11/09/2020;29.1;38.2;19.9;0.0
12/09/2020;27.8;37.6;18.0;0.0
13/09/2020;27.8;37.8;16.9;0.0
14/09/2020;25.7;34.1;18.4;0.0
15/09/2020;23.3;32.6;16.1;0.0
16/09/2020;26.7;36.7;16.8;0.0
17/09/2020;23.4;28.1;18.5;0.0
18/09/2020;22.2;28.7;18.3;0.0
19/09/2020;23.5;31.8;16.9;17.5
20/09/2020;22.6;30.0;17.9;0.0
21/09/2020;16.9;19.9;14.4;23.8
22/09/2020;18.2;24.6;13.5;0.0
23/09/2020;21.5;29.4;14.7;0.0
24/09/2020;24.5;33.0;16.7;0.0
25/09/2020;27.6;35.9;17.9;0.0
26/09/2020;29.8;38.8;18.7;0.0
27/09/2020;30.5;36.6;26.5;0.0
28/09/2020;23.6;29.3;18.7;0.0
29/09/2020;27.4;36.6;17.6;0.0
30/09/2020;30.5;39.3;21.3;0.0
01/10/2020;31.3;39.1;23.9;0.0
02/10/2020;31.0;39.5;23.5;0.0
03/10/2020;30.6;39.6;22.4;0.0
04/10/2020;27.5;35.5;20.2;0.0
05/10/2020;28.3;37.0;21.0;0.0
06/10/2020;29.0;38.8;19.7;0.0
07/10/2020;29.8;39.6;23.5;0.3
08/10/2020;30.4;38.9;22.4;0.0
09/10/2020;30.8;38.1;21.9;0.0
10/10/2020;23.8;31.4;18.8;0.0
11/10/2020;25.0;33.6;17.4;0.0
12/10/2020;25.9;35.2;19.2;2.1
13/10/2020;26.0;35.7;20.6;8.8
14/10/2020;25.7;36.2;20.3;6.6
15/10/2020;20.3;21.5;18.8;24.2
16/10/2020;22.6;28.8;18.4;0.1
17/10/2020;23.9;31.0;18.0;0.0
18/10/2020;24.0;30.0;19.1;0.0
19/10/2020;26.6;33.7;19.1;0.0
20/10/2020;27.7;33.3;24.4;1.5
21/10/2020;25.9;34.2;21.3;12.4
22/10/2020;25.6;32.1;20.6;0.0
23/10/2020;24.7;30.0;21.6;0.0
24/10/2020;23.9;30.0;20.3;2.8
25/10/2020;26.8;34.9;18.2;0.0
26/10/2020;21.5;25.8;18.7;32.2
27/10/2020;22.9;30.0;17.9;0.0
28/10/2020;25.7;33.6;15.8;0.0
29/10/2020;21.3;26.5;18.4;42.4
30/10/2020;22.0;28.8;17.2;0.2
31/10/2020;22.3;28.7;17.3;0.0
01/11/2020;22.9;29.2;17.8;0.0
02/11/2020;22.7;29.8;16.8;0.0
03/11/2020;24.0;31.4;16.2;0.0
04/11/2020;24.9;32.8;16.8;0.0
05/11/2020;24.5;32.9;16.7;0.0
06/11/2020;26.1;34.1;16.5;0.0
07/11/2020;28.1;36.6;20.1;0.0
08/11/2020;28.2;38.8;21.2;0.5
09/11/2020;21.9;27.6;19.3;13.4
10/11/2020;21.1;24.4;19.6;7.6
11/11/2020;24.0;28.4;20.2;0.0
12/11/2020;24.2;32.0;20.5;0.0
13/11/2020;24.7;32.5;20.6;0.0
14/11/2020;27.1;34.0;18.6;0.0
15/11/2020;22.5;26.4;19.6;7.6
16/11/2020;24.4;32.4;18.6;0.2
17/11/2020;24.4;32.3;20.8;12.6
18/11/2020;21.3;27.4;16.8;2.0
19/11/2020;21.6;28.8;14.6;0.0
20/11/2020;23.3;30.8;16.1;0.0
21/11/2020;24.9;31.9;16.7;0.0
22/11/2020;26.5;33.2;17.9;0.0
23/11/2020;28.3;33.9;22.3;0.0
24/11/2020;27.7;35.0;20.2;0.0
25/11/2020;29.9;36.4;23.9;0.0
26/11/2020;28.6;35.9;23.0;0.0
27/11/2020;27.4;36.1;21.3;0.0
28/11/2020;29.6;36.8;23.0;0.6
29/11/2020;31.1;37.9;23.3;0.0
30/11/2020;25.0;29.7;21.7;4.2
01/12/2020;27.1;34.6;20.7;0.0
02/12/2020;29.4;35.5;22.8;0.0
03/12/2020;24.3;33.9;20.5;16.2
04/12/2020;24.7;29.9;20.7;0.1
05/12/2020;24.4;28.7;21.7;21.5
06/12/2020;23.1;28.3;21.7;29.0
07/12/2020;23.5;27.7;21.2;5.0
08/12/2020;25.3;32.2;19.6;0.1
09/12/2020;26.0;33.4;17.5;0.0
10/12/2020;26.9;34.0;18.0;0.0
11/12/2020;26.6;32.4;19.8;0.0
12/12/2020;27.6;33.0;22.3;0.0
13/12/2020;28.0;33.4;22.4;0.2
14/12/2020;23.0;26.7;19.7;29.3
15/12/2020;26.3;32.6;20.6;0.0
16/12/2020;25.5;32.5;21.2;3.1
17/12/2020;23.3;31.3;20.2;19.8
18/12/2020;24.8;33.4;19.1;5.5
19/12/2020;28.8;34.7;22.6;0.0
20/12/2020;27.8;35.1;23.0;0.0
21/12/2020;24.4;30.7;21.7;0.5
22/12/2020;26.2;32.0;21.0;0.1
23/12/2020;26.4;33.2;19.9;0.0
24/12/2020;27.3;33.1;22.5;0.0
25/12/2020;25.7;31.7;21.1;0.0
26/12/2020;25.5;32.3;18.3;0.0
27/12/2020;26.9;34.7;20.0;0.0
28/12/2020;26.9;33.4;22.9;0.3
29/12/2020;26.2;31.9;22.9;0.0
30/12/2020;27.0;33.9;21.7;0.0
31/12/2020;25.4;30.7;21.9;0.0
01/01/2021;26.7;33.5;20.4;0.0
02/01/2021;28.1;34.0;23.3;0.0
03/01/2021;28.0;35.1;20.7;0.0
04/01/2021;24.3;30.2;20.7;9.1
05/01/2021;23.5;29.0;21.1;10.7
06/01/2021;24.8;29.9;21.9;21.0
07/01/2021;24.4;31.8;22.1;12.1
08/01/2021;24.2;30.2;21.9;11.5
09/01/2021;27.3;34.1;19.4;0.1
10/01/2021;28.0;34.3;24.2;0.0
11/01/2021;28.7;33.8;22.5;0.0
12/01/2021;27.2;33.1;23.2;0.0
13/01/2021;25.1;33.6;22.0;38.9
14/01/2021;25.1;31.0;22.2;6.1
15/01/2021;25.7;30.7;22.3;5.4
16/01/2021;25.9;31.4;23.0;1.4
17/01/2021;23.5;26.4;20.9;38.2
18/01/2021;23.4;28.1;21.1;7.1
19/01/2021;23.2;27.0;21.0;18.9
20/01/2021;23.2;28.9;20.8;18.6
21/01/2021;23.3;26.7;21.4;3.4
22/01/2021;24.3;29.6;20.9;10.6
23/01/2021;24.1;31.2;19.8;13.3
24/01/2021;24.7;29.1;20.4;6.3
25/01/2021;23.8;30.1;20.3;74.7
26/01/2021;24.6;31.2;20.5;1.6
27/01/2021;23.3;27.7;20.4;19.0
28/01/2021;23.9;26.9;22.1;4.0
29/01/2021;25.4;30.5;22.2;0.9
30/01/2021;26.2;31.3;23.1;3.4
31/01/2021;23.1;26.4;21.4;8.9
01/02/2021;24.6;30.8;22.0;4.0
02/02/2021;26.3;31.9;21.7;0.0
03/02/2021;27.1;33.8;22.5;0.0
04/02/2021;24.6;30.5;20.3;0.7
05/02/2021;22.5;28.9;17.9;0.0
06/02/2021;22.3;29.6;16.1;0.0
07/02/2021;23.3;30.9;15.3;0.0
08/02/2021;24.4;31.9;17.8;0.0
09/02/2021;24.0;31.2;17.1;0.0
10/02/2021;24.8;31.2;18.2;0.0
11/02/2021;24.8;31.6;20.2;0.0
12/02/2021;23.8;28.7;20.5;5.6
13/02/2021;23.3;31.5;19.2;0.0
14/02/2021;22.9;28.5;19.3;5.8
15/02/2021;24.7;33.2;19.6;0.9
16/02/2021;25.7;30.6;22.1;0.0
17/02/2021;25.7;32.2;20.4;0.0
18/02/2021;24.5;32.0;17.1;0.0
19/02/2021;24.3;32.7;16.0;0.0
20/02/2021;25.5;34.3;17.1;0.0
21/02/2021;26.8;34.8;18.4;0.0
22/02/2021;28.1;35.5;20.7;0.0
23/02/2021;29.0;36.9;23.1;0.0
24/02/2021;28.0;37.5;21.1;29.8
25/02/2021;26.0;33.4;21.0;0.0
26/02/2021;26.2;32.6;20.8;0.0
27/02/2021;26.1;33.1;21.0;0.0
28/02/2021;25.7;32.0;20.5;0.0
01/03/2021;25.4;32.3;20.9;0.0
02/03/2021;26.4;32.6;22.1;1.0
03/03/2021;24.7;31.2;21.3;1.4
04/03/2021;24.0;28.9;20.4;12.6
05/03/2021;23.7;28.8;21.8;2.1
06/03/2021;24.9;32.0;19.9;0.0
07/03/2021;25.9;32.6;19.8;0.0
08/03/2021;26.8;35.0;20.6;0.0
09/03/2021;26.3;34.6;19.1;0.0
10/03/2021;26.0;34.8;18.1;0.0
11/03/2021;26.5;35.4;17.7;0.0
12/03/2021;27.5;35.4;19.6;0.0
13/03/2021;27.7;35.6;20.2;0.5
14/03/2021;26.4;34.4;21.1;1.7
15/03/2021;27.6;35.0;20.3;0.0
16/03/2021;25.8;34.3;22.3;3.5
17/03/2021;22.6;25.3;20.5;13.5
18/03/2021;24.4;31.4;20.4;0.0
19/03/2021;26.3;33.0;19.9;0.0
20/03/2021;25.9;32.8;21.7;0.7
21/03/2021;26.9;34.2;21.2;0.0
22/03/2021;25.7;32.9;21.4;0.4
23/03/2021;26.0;35.0;20.6;2.1
24/03/2021;26.5;34.0;20.9;0.0
25/03/2021;28.2;35.1;21.9;0.0
26/03/2021;28.7;35.4;22.3;0.0
27/03/2021;27.4;34.4;20.8;0.0
28/03/2021;25.9;34.8;20.0;0.0
29/03/2021;25.7;32.4;21.1;0.0
30/03/2021;23.0;29.5;18.7;0.0
31/03/2021;22.4;29.6;16.4;0.0
01/04/2021;22.6;30.1;16.1;0.0
02/04/2021;24.0;32.3;16.6;0.0
03/04/2021;25.5;33.1;18.7;0.0
04/04/2021;25.6;32.3;19.6;0.0
05/04/2021;25.7;32.5;19.7;0.0
06/04/2021;25.9;33.3;20.4;0.0
07/04/2021;25.1;32.7;19.3;0.0
08/04/2021;26.4;34.0;20.7;0.0
09/04/2021;27.2;33.9;22.1;0.0
10/04/2021;27.0;34.8;21.4;0.0
11/04/2021;27.5;35.1;20.8;0.0
12/04/2021;25.5;32.2;20.5;0.0
13/04/2021;24.8;32.3;18.5;0.0
14/04/2021;25.5;32.3;19.7;0.0
15/04/2021;25.9;32.2;21.8;0.0
16/04/2021;21.1;25.2;18.3;10.9
17/04/2021;22.7;29.9;18.4;2.0
18/04/2021;23.4;30.8;17.8;0.0
19/04/2021;23.2;30.8;16.7;0.0
20/04/2021;23.0;30.2;17.1;0.0
21/04/2021;22.4;29.7;17.3;0.0
22/04/2021;22.7;30.2;16.1;0.0
23/04/2021;23.1;29.6;17.9;0.0
24/04/2021;23.4;32.0;17.9;22.1
25/04/2021;19.8;25.0;16.8;2.0
26/04/2021;18.7;25.7;13.8;0.0
27/04/2021;17.6;25.7;11.0;0.0
28/04/2021;18.1;26.7;11.0;0.0
29/04/2021;19.3;28.1;10.5;0.0
30/04/2021;20.1;28.0;13.5;0.0
01/05/2021;21.8;30.4;13.4;0.0
02/05/2021;24.3;32.1;17.3;0.0
03/05/2021;25.4;32.3;19.7;0.0
04/05/2021;24.5;32.5;17.0;0.0
05/05/2021;23.7;32.4;15.9;0.0
06/05/2021;16.7;20.0;14.3;0.0
07/05/2021;16.7;23.9;12.7;0.0
08/05/2021;19.2;27.1;12.4;0.0
09/05/2021;21.2;28.1;15.5;0.0
10/05/2021;22.0;30.3;14.0;0.0
11/05/2021;21.9;30.8;14.3;0.0
12/05/2021;17.4;18.8;15.3;1.5
13/05/2021;17.5;22.1;14.5;0.1
14/05/2021;18.3;22.7;14.7;0.0
15/05/2021;20.6;28.3;15.2;0.0
16/05/2021;21.4;30.2;14.6;0.0
17/05/2021;22.1;30.0;15.3;0.0
18/05/2021;20.9;28.5;14.6;0.0
19/05/2021;21.4;30.6;12.8;0.0
20/05/2021;23.5;31.4;15.7;0.0
21/05/2021;24.7;32.2;17.0;2.0
22/05/2021;22.5;26.5;17.2;0.2
23/05/2021;15.7;21.8;8.7;0.0
24/05/2021;13.7;22.4;5.7;0.0
25/05/2021;19.2;26.8;11.9;0.0
26/05/2021;22.4;30.6;14.1;0.0
27/05/2021;24.0;31.9;16.8;0.0
28/05/2021;25.8;31.5;20.2;0.0
29/05/2021;25.7;31.7;20.3;0.2
30/05/2021;20.0;23.3;16.4;9.0
31/05/2021;18.4;25.7;14.6;22.6
01/06/2021;19.7;26.2;13.3;0.2
02/06/2021;22.9;30.4;17.4;0.0
03/06/2021;22.9;31.6;15.2;0.0
04/06/2021;24.2;31.9;18.2;0.0
05/06/2021;24.3;32.5;17.7;0.0
06/06/2021;21.5;26.6;18.2;4.6
07/06/2021;20.0;24.7;17.3;33.6
08/06/2021;19.9;23.6;17.7;1.3
09/06/2021;18.5;20.4;16.8;65.5
10/06/2021;19.3;22.7;17.4;25.4
11/06/2021;18.2;22.9;13.9;0.0
12/06/2021;16.2;24.0;10.5;0.1
13/06/2021;16.1;24.5;7.7;0.0
14/06/2021;18.3;25.9;11.9;0.1
15/06/2021;18.3;26.8;11.7;0.0
16/06/2021;16.9;23.0;13.1;0.0
17/06/2021;14.8;17.6;11.2;0.2
18/06/2021;14.6;17.5;12.5;0.0
19/06/2021;15.1;18.8;11.5;0.1
20/06/2021;13.2;17.6;10.9;0.0
21/06/2021;16.7;20.1;14.0;0.0
22/06/2021;19.2;25.5;14.8;0.0
23/06/2021;22.1;28.2;17.1;0.0
24/06/2021;22.5;29.7;18.1;0.3
25/06/2021;22.9;30.0;17.4;0.0
26/06/2021;23.8;31.5;17.5;0.0
27/06/2021;15.6;23.2;10.1;0.2
28/06/2021;7.4;10.3;3.7;0.9
29/06/2021;6.7;14.6;0.9;0.0
30/06/2021;8.6;18.4;0.3;0.0
01/07/2021;11.9;21.8;3.1;0.0
02/07/2021;15.8;26.7;5.4;0.0
03/07/2021;18.0;28.3;7.7;0.0
04/07/2021;18.4;27.7;10.3;0.0
05/07/2021;18.4;28.0;9.5;0.0
06/07/2021;18.9;28.1;11.1;0.0
07/07/2021;18.1;26.8;10.3;0.0
08/07/2021;18.5;27.2;9.9;0.0
09/07/2021;19.0;27.6;11.0;0.0
10/07/2021;20.4;30.7;11.0;0.0
11/07/2021;20.9;29.6;12.3;0.0
12/07/2021;20.9;30.6;11.1;0.0
13/07/2021;22.1;31.7;13.2;0.0
14/07/2021;23.2;32.0;13.8;0.0
15/07/2021;23.6;31.9;17.8;0.0
16/07/2021;16.5;18.5;14.7;0.4
17/07/2021;17.4;20.9;14.6;0.0
18/07/2021;12.5;18.3;3.8;0.0
19/07/2021;8.7;17.9;1.1;0.0
20/07/2021;12.2;22.2;3.1;0.0
21/07/2021;17.2;27.1;8.4;0.0
22/07/2021;19.3;29.7;9.8;0.0
23/07/2021;21.0;31.4;9.4;0.0
24/07/2021;23.0;32.2;14.0;0.0
25/07/2021;24.1;33.7;14.0;0.0
26/07/2021;25.5;33.7;17.4;0.0
27/07/2021;16.7;25.7;9.8;0.7
28/07/2021;10.3;17.2;5.9;0.0
29/07/2021;7.6;15.0;0.2;0.0
30/07/2021;10.3;20.1;0.5;0.0
31/07/2021;13.7;20.7;7.6;0.0
01/08/2021;16.6;22.3;12.7;0.0
02/08/2021;17.5;26.5;9.6;0.0
03/08/2021;16.8;27.0;8.1;0.0
04/08/2021;16.4;24.4;10.1;0.0
05/08/2021;18.6;27.1;10.8;0.0
06/08/2021;22.0;30.7;14.0;0.0
07/08/2021;22.9;31.7;14.4;0.0
08/08/2021;23.5;32.4;14.9;0.0
09/08/2021;25.1;34.4;15.5;0.0
10/08/2021;19.2;28.8;12.9;0.0
11/08/2021;16.0;23.0;13.1;0.0
12/08/2021;17.8;27.8;12.7;0.0
13/08/2021;18.4;28.3;10.5;0.0
14/08/2021;20.9;30.4;13.0;0.0
15/08/2021;22.7;32.6;14.3;0.0
16/08/2021;25.8;35.0;17.0;0.0
17/08/2021;26.8;36.0;16.9;0.0
18/08/2021;28.2;37.1;17.4;0.0
19/08/2021;28.5;37.2;20.5;0.0
20/08/2021;26.6;36.0;16.6;0.0
21/08/2021;26.3;35.6;15.7;0.0
22/08/2021;27.2;35.7;17.5;0.0
23/08/2021;27.9;36.8;19.1;0.0
24/08/2021;29.2;36.3;22.0;0.0
25/08/2021;28.0;35.7;17.6;0.0
26/08/2021;15.2;17.7;13.1;2.5
27/08/2021;14.3;15.9;13.3;40.1
28/08/2021;17.8;22.2;14.4;2.2
29/08/2021;21.7;28.7;15.5;1.1
30/08/2021;21.5;29.3;15.9;0.0
31/08/2021;23.2;31.1;16.8;0.0
01/09/2021;24.4;32.4;17.1;0.0
02/09/2021;26.1;34.6;18.7;0.0
03/09/2021;26.5;36.5;16.3;0.0
04/09/2021;28.1;37.3;17.9;0.0
05/09/2021;24.4;30.3;20.7;3.1
06/09/2021;28.0;36.2;19.5;0.0
07/09/2021;30.4;38.6;22.0;0.0
08/09/2021;27.9;35.4;18.3;0.0
09/09/2021;18.2;22.1;14.9;2.5
10/09/2021;17.5;22.1;13.8;0.3
11/09/2021;21.8;29.7;14.8;1.9
12/09/2021;27.2;35.5;19.5;0.0
13/09/2021;29.8;36.8;22.8;0.0
14/09/2021;27.4;36.7;20.0;1.6
15/09/2021;23.4;30.8;17.3;0.0
16/09/2021;24.1;33.7;18.3;39.5
17/09/2021;24.7;32.3;18.8;0.1
18/09/2021;28.2;36.9;20.6;0.0
19/09/2021;30.2;38.7;22.4;0.0
20/09/2021;30.5;39.2;21.5;0.0
21/09/2021;28.0;37.0;21.2;0.0
22/09/2021;23.8;31.2;16.9;0.0
23/09/2021;23.1;30.9;16.7;0.0
24/09/2021;23.8;30.5;17.1;0.0
25/09/2021;25.6;33.4;18.8;0.0
26/09/2021;24.2;30.9;20.0;0.4
27/09/2021;26.3;35.0;17.6;0.0
28/09/2021;28.7;37.1;20.9;0.0
29/09/2021;28.1;37.5;20.5;0.0
30/09/2021;29.0;37.7;20.1;0.0
01/10/2021;25.2;37.5;19.8;15.3
02/10/2021;23.0;28.9;19.5;7.6
03/10/2021;23.7;31.2;20.9;0.7
04/10/2021;21.0;24.1;18.8;9.3
05/10/2021;24.2;31.2;17.6;0.0
06/10/2021;27.6;34.2;21.4;0.0
07/10/2021;22.6;26.4;20.5;27.5
08/10/2021;24.5;30.3;19.8;0.1
09/10/2021;20.7;23.6;18.8;40.2
10/10/2021;19.9;21.9;18.4;49.3
11/10/2021;22.6;29.1;18.4;0.0
12/10/2021;24.6;32.0;17.2;0.0
13/10/2021;28.3;34.8;20.7;0.0
14/10/2021;22.8;27.6;18.4;36.8
15/10/2021;22.1;31.5;18.3;26.0
16/10/2021;21.4;25.6;18.1;0.3
17/10/2021;21.9;28.0;18.3;0.9
18/10/2021;22.9;29.1;19.3;1.0
19/10/2021;22.9;30.2;17.1;0.0
20/10/2021;22.0;28.9;16.3;0.0
21/10/2021;23.2;31.1;17.1;0.0
22/10/2021;25.5;33.9;16.3;0.0
23/10/2021;27.7;35.3;19.4;27.4
24/10/2021;20.8;25.0;16.3;10.3
25/10/2021;22.1;29.6;13.3;0.0
26/10/2021;24.2;30.2;17.3;0.0
27/10/2021;25.4;32.0;18.4;0.0
28/10/2021;26.7;34.1;21.6;0.2
29/10/2021;27.3;34.4;21.0;0.0
30/10/2021;23.3;31.5;19.5;8.5
31/10/2021;23.0;29.1;19.9;0.0
01/11/2021;24.3;31.0;18.6;0.0
02/11/2021;25.7;32.7;18.6;0.0
03/11/2021;27.3;34.3;19.7;0.0
04/11/2021;29.1;36.6;21.5;0.0
05/11/2021;27.4;35.9;21.4;4.0
06/11/2021;24.3;31.0;20.5;0.1
07/11/2021;25.7;32.6;19.7;0.0
08/11/2021;25.8;34.0;21.4;0.0
09/11/2021;26.9;34.1;20.2;0.0
10/11/2021;23.9;31.3;20.5;14.2
11/11/2021;23.5;28.3;20.0;0.0
12/11/2021;23.7;29.9;18.8;0.0
13/11/2021;24.0;31.1;18.6;0.0
14/11/2021;25.2;31.3;18.7;0.0
15/11/2021;25.2;31.4;21.0;1.5
16/11/2021;27.1;33.3;21.6;2.6
17/11/2021;25.1;30.5;21.2;0.2
18/11/2021;24.6;31.0;21.4;0.6
19/11/2021;23.3;28.5;19.2;0.0
20/11/2021;25.1;32.2;17.1;0.0
21/11/2021;26.4;32.8;20.5;0.0
22/11/2021;27.3;33.9;20.2;0.0
23/11/2021;28.6;35.8;20.2;0.0
24/11/2021;29.6;36.1;22.7;0.0
25/11/2021;30.0;35.4;24.8;0.0
26/11/2021;28.1;35.3;20.3;0.8
27/11/2021;26.0;35.7;17.5;0.0
28/11/2021;26.7;35.8;20.5;18.4
29/11/2021;23.2;27.3;20.4;4.8
30/11/2021;23.6;29.9;17.0;0.0
01/12/2021;25.2;31.5;17.1;0.0
02/12/2021;27.8;34.0;21.9;0.5
03/12/2021;27.7;35.4;19.2;0.0
04/12/2021;27.9;34.2;22.1;0.0
05/12/2021;28.9;35.6;21.8;0.0
06/12/2021;28.6;34.8;23.0;0.0
07/12/2021;26.3;32.7;20.0;0.0
08/12/2021;24.6;31.4;19.2;0.0
09/12/2021;25.5;32.4;18.4;0.0
10/12/2021;26.7;33.7;16.3;0.0
11/12/2021;28.3;36.3;18.0;0.0
12/12/2021;26.0;31.7;22.5;0.0
13/12/2021;24.7;29.7;22.6;10.6
14/12/2021;26.5;31.8;21.8;1.2
15/12/2021;26.8;32.8;23.4;25.0
16/12/2021;27.7;34.2;22.5;3.3
17/12/2021;28.8;33.6;24.3;0.0
18/12/2021;26.8;30.4;23.5;17.2
19/12/2021;27.4;33.1;22.1;0.0
20/12/2021;27.1;33.1;21.3;0.0
21/12/2021;28.0;35.6;21.0;0.0
22/12/2021;29.3;36.7;22.1;0.0
23/12/2021;28.8;35.9;23.3;0.0
24/12/2021;26.6;31.9;21.8;0.0
25/12/2021;27.2;33.4;20.0;0.0
26/12/2021;27.8;35.6;20.7;2.8
27/12/2021;28.8;37.1;21.9;0.0
28/12/2021;29.9;37.9;20.8;0.0
29/12/2021;27.6;37.1;21.1;0.0
30/12/2021;25.7;33.7;19.3;7.0
31/12/2021;25.3;33.8;18.9;0.1
01/01/2022;28.2;34.9;20.2;0.0
02/01/2022;29.6;35.9;22.4;0.0
03/01/2022;26.4;32.3;22.4;0.0
04/01/2022;26.6;33.4;21.0;0.0
05/01/2022;26.8;35.3;22.2;5.8
06/01/2022;27.4;35.0;22.0;0.0
07/01/2022;25.8;32.7;20.4;29.8
08/01/2022;26.0;31.4;21.8;0.0
09/01/2022;25.0;31.6;21.0;0.1
10/01/2022;25.3;32.4;18.7;0.0
11/01/2022;26.1;33.3;18.3;0.0
12/01/2022;24.0;32.1;20.7;2.6
13/01/2022;25.6;32.0;19.8;0.0
14/01/2022;26.6;32.9;23.2;0.0
15/01/2022;29.3;35.9;22.0;0.0
16/01/2022;30.2;37.6;23.7;0.0
17/01/2022;30.1;37.4;24.1;0.0
18/01/2022;29.5;37.1;22.8;0.0
19/01/2022;27.4;34.6;22.9;14.0
20/01/2022;26.8;34.2;22.0;0.0
21/01/2022;28.5;35.3;21.9;0.0
22/01/2022;29.6;36.7;22.3;0.0
23/01/2022;29.9;38.1;22.9;1.2
24/01/2022;29.6;37.9;23.7;0.0
25/01/2022;28.9;38.3;24.3;0.0
26/01/2022;27.9;36.6;23.9;1.7
27/01/2022;27.1;34.5;23.6;0.2
28/01/2022;25.2;31.7;22.9;0.4
29/01/2022;26.2;33.1;22.5;0.2
30/01/2022;26.4;34.6;21.9;0.0
31/01/2022;26.8;34.1;22.9;0.0
01/02/2022;27.5;34.3;21.5;0.0
02/02/2022;25.8;31.6;20.7;0.0
03/02/2022;25.3;32.3;22.7;8.3
04/02/2022;27.1;34.4;22.7;0.0
05/02/2022;23.9;27.0;21.3;3.1
06/02/2022;24.4;30.0;21.1;2.0
07/02/2022;24.6;32.2;17.6;0.0
08/02/2022;23.7;32.7;13.9;0.0
09/02/2022;25.5;34.5;16.0;0.0
10/02/2022;27.7;35.2;18.2;0.0
11/02/2022;28.2;35.6;21.1;0.0
12/02/2022;28.3;36.2;21.4;0.0
13/02/2022;28.4;36.7;20.3;0.0
14/02/2022;28.4;35.5;23.4;3.9
15/02/2022;29.0;38.1;23.1;0.2
16/02/2022;29.0;37.3;22.6;0.1
17/02/2022;28.4;37.4;21.1;0.2
18/02/2022;28.5;35.5;22.6;0.0
19/02/2022;26.2;35.4;21.7;1.8
20/02/2022;28.7;36.3;20.8;0.0
21/02/2022;27.8;35.8;22.8;0.0
22/02/2022;27.4;36.4;21.9;0.0
23/02/2022;28.2;35.9;22.5;0.0
24/02/2022;29.9;37.5;23.5;0.0
25/02/2022;29.1;37.9;22.3;5.7
26/02/2022;28.0;36.3;21.6;0.5
27/02/2022;29.9;37.0;22.7;0.0
28/02/2022;29.9;37.5;23.4;13.8
01/03/2022;25.1;34.5;20.8;67.4
02/03/2022;25.0;29.7;22.0;0.2
03/03/2022;26.4;32.6;22.9;0.2
04/03/2022;27.8;34.0;22.4;0.0
05/03/2022;27.9;35.2;22.3;0.0
06/03/2022;27.9;35.8;21.4;0.4
07/03/2022;28.5;35.9;22.5;0.3
08/03/2022;29.3;36.1;22.8;0.0
09/03/2022;27.2;34.8;22.3;0.0
10/03/2022;24.6;33.7;21.5;36.7
11/03/2022;21.6;24.5;19.9;61.0
12/03/2022;23.2;28.5;19.3;0.8
13/03/2022;22.4;25.9;20.7;9.3
14/03/2022;23.6;30.3;18.5;0.0
15/03/2022;22.9;30.7;16.0;0.0
16/03/2022;24.9;32.7;17.4;0.0
17/03/2022;28.0;34.8;19.5;0.0
18/03/2022;26.7;34.3;22.8;7.8
19/03/2022;24.9;29.1;22.5;0.3
20/03/2022;24.9;31.3;21.4;0.1
21/03/2022;25.4;30.7;20.5;0.0
22/03/2022;25.2;32.3;20.8;13.3
23/03/2022;27.2;33.9;21.7;0.2
24/03/2022;26.3;33.5;19.9;10.1
25/03/2022;21.4;24.7;18.6;49.4
26/03/2022;20.9;25.7;17.4;0.0
27/03/2022;22.8;28.9;17.0;0.0
28/03/2022;25.3;31.9;19.1;0.0
29/03/2022;27.5;33.4;22.2;2.5
30/03/2022;25.8;33.5;21.4;0.1
31/03/2022;16.3;21.6;13.8;18.7
01/04/2022;17.0;19.0;14.3;3.6
02/04/2022;21.6;25.5;18.7;0.4
03/04/2022;24.9;31.4;20.9;0.3
04/04/2022;24.6;32.7;20.5;0.0
05/04/2022;25.1;32.0;18.8;0.0
06/04/2022;26.6;32.8;21.3;0.0
07/04/2022;26.2;32.7;22.0;0.0
08/04/2022;23.6;31.1;19.9;8.4
09/04/2022;24.9;32.0;18.7;0.0
10/04/2022;26.8;33.1;21.5;0.0
11/04/2022;25.1;32.1;22.0;9.6
12/04/2022;23.9;31.9;20.7;25.2
13/04/2022;21.7;24.5;20.2;48.2
14/04/2022;21.8;26.5;16.2;0.5
15/04/2022;19.0;26.5;12.8;0.0
16/04/2022;19.0;25.8;12.4;0.0
17/04/2022;18.8;24.3;14.1;0.0
18/04/2022;20.0;26.9;14.3;0.0
19/04/2022;21.1;28.7;14.4;0.0
20/04/2022;23.3;30.5;16.1;0.0
21/04/2022;24.6;31.5;18.1;0.0
22/04/2022;24.8;31.8;17.9;4.0
23/04/2022;20.7;25.7;16.8;54.1
24/04/2022;23.7;29.9;18.1;0.0
25/04/2022;25.6;31.7;19.8;0.0
26/04/2022;27.2;33.1;20.3;0.0
27/04/2022;27.3;32.5;22.7;0.0
28/04/2022;26.5;32.3;21.3;0.0
29/04/2022;25.7;32.9;19.3;0.0
30/04/2022;24.5;30.1;20.9;0.0
01/05/2022;25.6;31.7;21.2;0.0
02/05/2022;24.0;30.6;19.9;0.0
03/05/2022;17.6;23.4;11.4;31.3
04/05/2022;15.0;19.1;11.0;0.0
05/05/2022;17.3;20.4;14.4;0.0
06/05/2022;19.1;24.3;13.5;0.0
07/05/2022;19.1;25.6;14.1;0.0
08/05/2022;18.0;25.3;11.4;0.0
09/05/2022;21.0;29.1;13.8;0.0
10/05/2022;19.4;22.3;17.1;18.5
11/05/2022;19.2;24.2;12.9;0.5
12/05/2022;16.6;24.0;10.8;0.1
13/05/2022;19.7;27.2;12.2;0.0
14/05/2022;18.3;19.9;17.1;32.2
15/05/2022;18.2;21.6;13.8;0.1
16/05/2022;13.8;20.0;8.1;0.0
17/05/2022;10.6;17.5;4.8;0.0
18/05/2022;10.3;16.4;5.1;0.0
19/05/2022;11.6;16.5;7.4;0.0
20/05/2022;12.1;20.1;4.9;0.0
21/05/2022;14.5;22.9;6.9;0.1
22/05/2022;16.1;24.2;7.5;0.0
23/05/2022;19.4;26.3;14.6;0.0
24/05/2022;20.8;29.0;13.0;0.0
25/05/2022;21.8;29.5;13.7;0.0
26/05/2022;22.2;29.0;17.1;0.0
27/05/2022;22.4;29.0;15.5;0.0
28/05/2022;23.2;29.9;17.4;0.0
29/05/2022;23.0;29.5;17.4;2.0
30/05/2022;19.4;23.8;15.9;2.1
31/05/2022;15.4;16.1;14.9;28.7
01/06/2022;17.5;22.4;14.6;0.0
02/06/2022;15.4;18.2;13.9;0.1
03/06/2022;15.8;21.8;11.9;0.0
04/06/2022;19.2;26.0;13.2;0.0
05/06/2022;21.0;27.2;16.0;0.0
06/06/2022;22.6;29.4;15.8;0.0
07/06/2022;19.1;21.8;17.7;0.0
08/06/2022;19.7;24.6;16.0;0.0
09/06/2022;19.5;23.0;17.0;40.2
10/06/2022;16.4;19.6;12.3;5.1
11/06/2022;11.8;19.9;7.3;0.0
12/06/2022;10.4;18.5;3.4;0.0
13/06/2022;11.6;20.5;4.3;0.0
14/06/2022;14.3;22.2;6.3;0.0
15/06/2022;18.4;27.7;8.5;0.0
16/06/2022;22.3;29.9;14.7;0.0
17/06/2022;20.0;25.9;13.2;16.6
18/06/2022;13.2;19.6;7.9;0.1
19/06/2022;14.3;21.1;5.4;0.0
20/06/2022;20.2;26.3;15.0;0.0
21/06/2022;23.5;30.9;16.6;0.0
22/06/2022;23.1;29.8;16.3;0.0
23/06/2022;22.3;30.0;14.7;0.0
24/06/2022;22.3;29.9;14.9;0.0
25/06/2022;20.8;29.4;14.5;0.0
26/06/2022;20.1;25.5;16.7;0.0
27/06/2022;19.5;25.3;14.7;0.0
28/06/2022;20.0;28.5;12.7;0.0
29/06/2022;15.5;19.3;11.8;0.0
30/06/2022;16.9;26.5;8.6;0.0
01/07/2022;20.9;28.9;12.8;0.0
02/07/2022;23.2;30.8;15.8;0.0
03/07/2022;24.2;31.7;16.4;0.0
04/07/2022;23.1;31.1;15.9;0.0
05/07/2022;21.1;27.7;13.4;0.0
06/07/2022;20.6;29.4;13.0;0.0
07/07/2022;21.9;30.6;14.2;0.0
08/07/2022;22.5;31.0;14.2;0.0
09/07/2022;23.0;30.7;16.4;0.0
10/07/2022;23.2;31.2;16.1;0.0
11/07/2022;24.3;31.4;16.9;0.0
12/07/2022;16.4;22.6;10.6;0.4
13/07/2022;16.3;22.4;9.3;0.0
14/07/2022;23.3;31.3;17.2;0.0
15/07/2022;24.6;31.6;16.9;0.0
16/07/2022;21.5;30.0;10.9;1.7
17/07/2022;13.2;19.1;10.5;0.8
18/07/2022;18.5;26.7;11.4;0.0
19/07/2022;22.0;29.5;14.9;0.0
20/07/2022;23.0;30.7;16.4;0.0
21/07/2022;23.4;32.1;17.0;0.0
22/07/2022;22.8;31.6;14.7;0.0
23/07/2022;23.2;31.8;14.0;0.0
24/07/2022;23.1;31.5;14.8;0.0
25/07/2022;23.2;32.0;15.1;0.0
26/07/2022;23.3;32.3;15.3;0.0
27/07/2022;23.4;31.6;15.4;0.0
28/07/2022;24.4;33.3;15.2;0.0
29/07/2022;16.7;22.1;7.6;0.0
30/07/2022;14.6;25.0;5.1;0.0
31/07/2022;20.1;29.5;9.5;0.0
01/08/2022;24.3;32.7;19.0;0.0
02/08/2022;23.5;32.1;14.7;0.0
03/08/2022;24.8;33.7;15.4;0.0
04/08/2022;23.5;34.3;15.5;0.0
05/08/2022;18.3;23.3;15.2;0.0
06/08/2022;20.8;29.2;14.9;0.0
07/08/2022;18.2;19.4;16.5;19.3
08/08/2022;19.9;21.9;17.6;0.0
09/08/2022;14.3;17.6;10.4;18.5
10/08/2022;11.7;15.6;7.9;0.0
11/08/2022;14.2;21.8;7.3;0.1
12/08/2022;17.6;25.1;11.2;0.0
13/08/2022;21.0;30.3;11.4;0.0
14/08/2022;23.8;32.1;14.1;0.0
15/08/2022;26.2;34.2;17.5;0.0
16/08/2022;19.3;24.7;16.0;55.7
17/08/2022;21.2;26.4;16.6;4.4
18/08/2022;15.6;20.4;9.3;80.3
19/08/2022;9.5;15.3;4.7;0.0
20/08/2022;12.6;21.3;4.0;0.0
21/08/2022;17.2;25.3;9.7;0.0
22/08/2022;19.2;27.1;12.7;0.0
23/08/2022;20.6;28.4;13.2;0.0
24/08/2022;22.3;29.9;16.0;0.0
25/08/2022;23.0;31.8;15.2;0.0
26/08/2022;23.2;31.3;14.5;0.0
27/08/2022;24.7;34.2;15.3;0.0
28/08/2022;24.2;34.3;16.1;0.0
29/08/2022;17.9;23.4;13.4;0.0
30/08/2022;16.2;20.8;11.8;0.0
31/08/2022;19.6;27.6;12.4;0.0
01/09/2022;25.3;33.0;18.2;0.0
02/09/2022;25.0;33.1;18.8;0.0
03/09/2022;18.6;24.0;15.2;0.0
04/09/2022;17.0;23.7;12.8;4.5
05/09/2022;17.5;23.2;13.9;0.0
06/09/2022;19.8;24.5;15.8;0.0
07/09/2022;22.0;29.7;14.4;0.0
08/09/2022;27.6;35.9;18.8;0.0
09/09/2022;28.0;35.5;20.5;0.0
10/09/2022;17.1;21.6;14.2;1.3
11/09/2022;21.0;29.9;12.8;0.0
12/09/2022;24.0;32.8;18.4;0.0
13/09/2022;20.4;27.6;16.4;10.4
14/09/2022;17.1;19.1;15.8;23.1
15/09/2022;18.4;25.1;13.6;0.0
16/09/2022;19.4;27.2;11.1;0.0
17/09/2022;20.2;27.1;14.2;0.0
18/09/2022;21.3;29.5;13.2;0.0
19/09/2022;22.2;33.3;17.4;7.8
20/09/2022;19.6;22.6;15.9;2.0
21/09/2022;22.1;28.1;19.9;3.7
22/09/2022;18.5;22.8;11.1;0.1
23/09/2022;14.7;22.5;7.9;0.0
24/09/2022;19.2;27.0;10.5;0.0
25/09/2022;23.7;30.8;19.1;0.0
26/09/2022;17.7;19.1;16.7;6.9
27/09/2022;19.4;24.8;17.4;23.9
28/09/2022;19.9;22.9;17.7;7.0
29/09/2022;20.2;24.6;16.6;10.5
30/09/2022;19.4;24.0;16.4;10.8
01/10/2022;21.4;28.6;17.0;0.0
02/10/2022;23.3;30.8;17.6;0.0
03/10/2022;24.2;30.5;17.7;0.0
04/10/2022;24.6;34.0;16.2;0.0
05/10/2022;22.3;27.0;19.8;22.7
06/10/2022;20.8;30.9;17.8;31.1
07/10/2022;18.8;25.0;14.2;0.0
08/10/2022;21.9;30.4;12.7;0.0
09/10/2022;22.5;28.0;18.1;0.0
10/10/2022;22.4;28.0;17.9;0.0
11/10/2022;18.6;25.0;15.6;18.6
12/10/2022;19.9;25.7;15.8;1.8
13/10/2022;22.5;29.7;18.2;10.0
14/10/2022;22.6;27.5;19.4;1.6
15/10/2022;21.6;26.0;18.9;0.7
16/10/2022;23.6;31.3;18.3;0.0
17/10/2022;23.6;32.4;19.2;15.1
18/10/2022;22.3;27.3;19.4;0.8
19/10/2022;24.9;31.0;19.3;0.0
20/10/2022;24.3;30.3;19.6;3.8
21/10/2022;23.1;29.3;18.1;1.2
22/10/2022;22.6;30.5;15.3;0.0
23/10/2022;24.3;32.6;16.1;0.0
24/10/2022;25.9;33.8;17.4;0.0
25/10/2022;26.8;34.3;17.8;0.0
26/10/2022;28.4;35.8;21.0;0.0
27/10/2022;23.0;27.8;18.8;7.2
28/10/2022;27.1;34.6;17.9;0.0
29/10/2022;24.9;32.6;19.1;13.4
30/10/2022;27.8;34.6;20.5;0.0
31/10/2022;18.6;27.1;10.8;10.8
01/11/2022;14.8;21.2;9.8;0.0
02/11/2022;16.3;23.3;9.2;0.0
03/11/2022;18.6;25.1;12.8;0.0
04/11/2022;19.4;26.7;11.8;0.0
05/11/2022;20.6;28.1;12.6;0.0
06/11/2022;21.3;28.6;12.8;0.0
07/11/2022;22.0;29.6;13.4;0.0
08/11/2022;23.3;31.6;14.9;0.0
09/11/2022;25.1;34.3;15.5;0.0
10/11/2022;28.0;36.9;18.2;0.0
11/11/2022;24.2;31.7;18.0;26.0
12/11/2022;24.6;33.4;19.9;6.4
13/11/2022;21.7;25.9;16.9;38.3
14/11/2022;20.8;27.0;16.3;0.0
15/11/2022;21.8;28.8;15.3;0.0
16/11/2022;22.8;30.9;14.5;0.0
17/11/2022;24.1;32.0;15.7;0.0
18/11/2022;24.4;32.4;16.4;0.0
19/11/2022;26.2;34.0;19.1;0.0
20/11/2022;28.2;34.6;22.5;0.0
21/11/2022;21.8;26.7;19.8;28.9
22/11/2022;23.4;29.7;18.5;0.1
23/11/2022;23.8;29.9;19.7;0.0
24/11/2022;23.9;31.1;16.2;0.0
25/11/2022;24.7;32.5;16.6;0.0
26/11/2022;24.7;31.6;18.8;0.0
27/11/2022;25.3;32.0;18.8;0.0
28/11/2022;24.9;32.0;18.9;0.0
29/11/2022;25.1;32.2;18.9;0.0
30/11/2022;26.1;32.7;18.9;0.0
01/12/2022;26.5;34.4;20.5;0.2
02/12/2022;25.4;33.6;21.3;3.9
03/12/2022;24.5;32.6;20.5;6.0
04/12/2022;25.2;31.3;21.1;0.1
05/12/2022;26.0;32.6;22.4;23.9
06/12/2022;27.3;32.8;23.5;0.0
07/12/2022;28.2;34.2;22.9;0.0
08/12/2022;29.2;35.6;23.7;0.0
09/12/2022;26.7;34.9;23.0;0.6
10/12/2022;26.4;34.6;21.6;0.2
11/12/2022;25.5;30.5;22.6;5.9
12/12/2022;27.6;32.5;23.0;0.0
13/12/2022;26.1;30.3;22.9;6.6
14/12/2022;25.6;32.1;19.3;0.0
15/12/2022;26.5;33.3;21.2;0.0
16/12/2022;26.5;32.9;19.9;0.0
17/12/2022;25.5;33.1;19.6;0.0
18/12/2022;22.1;23.9;21.0;4.4
19/12/2022;23.8;30.6;20.3;0.0
20/12/2022;24.9;32.2;19.0;0.0
21/12/2022;25.1;31.7;19.1;0.0
22/12/2022;24.9;31.6;19.7;0.0
23/12/2022;25.3;32.6;19.0;0.0
24/12/2022;24.8;33.0;19.8;18.5
25/12/2022;23.7;28.8;19.8;0.8
26/12/2022;26.2;32.4;20.4;0.0
27/12/2022;28.3;35.3;20.7;0.9
28/12/2022;25.7;33.1;21.3;20.0
29/12/2022;25.0;31.6;18.9;0.0
30/12/2022;25.9;33.6;17.1;0.0
31/12/2022;27.9;35.2;20.9;0.0
01/01/2023;28.3;34.6;22.9;0.0
02/01/2023;23.9;27.0;20.7;9.0
03/01/2023;24.7;30.5;20.9;0.0
04/01/2023;23.1;28.5;19.4;16.0
05/01/2023;23.1;29.9;17.9;0.0
06/01/2023;23.1;29.5;17.1;0.0
07/01/2023;23.7;29.4;18.4;0.0
08/01/2023;24.3;30.9;19.0;0.0
09/01/2023;24.4;30.8;19.5;0.0
10/01/2023;23.9;33.1;19.6;12.2
11/01/2023;23.9;31.0;19.6;41.9
12/01/2023;25.4;30.9;19.4;0.1
13/01/2023;25.1;30.0;22.1;0.8
14/01/2023;24.5;29.5;21.8;3.6
15/01/2023;24.8;30.9;20.6;0.2
16/01/2023;26.7;33.9;20.6;0.1
17/01/2023;26.0;32.1;21.1;3.9
18/01/2023;25.8;32.8;21.1;0.1
19/01/2023;25.2;32.8;20.3;12.4
20/01/2023;26.7;33.6;20.8;0.0
21/01/2023;25.4;32.2;20.8;24.1
22/01/2023;24.1;31.9;20.7;11.5
23/01/2023;24.0;28.1;18.8;0.0
24/01/2023;27.0;33.1;20.1;0.0
25/01/2023;27.2;35.4;21.6;0.0
26/01/2023;27.9;35.5;22.0;0.0
27/01/2023;27.8;35.2;20.7;0.0
28/01/2023;28.4;35.0;23.2;0.0
29/01/2023;26.7;31.8;22.3;0.0
30/01/2023;24.6;28.6;21.4;8.3
31/01/2023;22.7;26.7;20.0;52.2
01/02/2023;25.6;31.3;21.9;0.0
02/02/2023;25.8;33.4;20.8;39.6
03/02/2023;22.3;25.4;20.2;15.2
04/02/2023;24.7;31.2;21.2;0.0
05/02/2023;26.1;33.0;19.1;0.0
06/02/2023;26.1;33.4;20.1;7.7
07/02/2023;25.4;30.3;20.7;0.0
08/02/2023;26.6;33.4;20.6;0.0
09/02/2023;26.2;33.9;21.7;0.1
10/02/2023;24.1;30.3;20.9;0.5
11/02/2023;24.5;31.7;20.8;0.1
12/02/2023;25.2;32.7;20.9;17.9
13/02/2023;23.5;28.6;20.6;17.9
14/02/2023;26.7;32.5;22.2;6.5
15/02/2023;24.7;28.2;21.1;3.4
16/02/2023;25.7;31.9;18.7;36.1
17/02/2023;21.9;27.7;18.1;42.0
18/02/2023;20.4;28.2;14.7;0.0
19/02/2023;21.2;26.3;14.7;0.0
20/02/2023;21.8;28.2;19.6;18.2
21/02/2023;23.2;27.9;20.1;1.2
22/02/2023;25.3;32.2;21.0;2.7
23/02/2023;24.5;31.6;21.2;23.9
24/02/2023;21.3;24.3;19.7;29.5
25/02/2023;24.7;31.9;19.0;0.2
26/02/2023;23.4;29.6;18.9;10.1
27/02/2023;24.4;31.7;20.7;20.4
28/02/2023;24.6;33.9;18.3;9.4
01/03/2023;22.6;29.7;20.0;4.8
02/03/2023;22.0;28.3;19.5;19.7
03/03/2023;24.5;30.8;20.3;1.0
04/03/2023;27.2;34.4;20.6;0.0
05/03/2023;27.3;34.7;21.0;0.0
06/03/2023;27.3;35.7;20.8;0.0
07/03/2023;25.4;34.4;20.5;3.8
08/03/2023;25.6;33.1;21.1;0.0
09/03/2023;25.1;30.7;22.1;0.0
10/03/2023;25.8;32.9;21.1;0.3
11/03/2023;24.9;31.8;21.3;4.2
12/03/2023;23.7;31.6;20.2;21.6
13/03/2023;23.1;29.7;21.1;6.3
14/03/2023;22.9;28.0;21.1;17.1
15/03/2023;24.6;30.5;20.7;0.2
16/03/2023;24.2;31.2;21.3;24.6
17/03/2023;24.4;30.1;20.9;0.1
18/03/2023;23.8;29.4;20.8;8.3
19/03/2023;25.5;32.3;20.9;0.0
20/03/2023;26.0;33.0;20.6;0.0
21/03/2023;27.0;33.6;20.9;0.0
22/03/2023;27.3;33.9;21.6;0.0
23/03/2023;27.5;34.5;21.8;0.0
24/03/2023;27.0;33.9;22.4;0.0
25/03/2023;25.5;34.2;21.5;0.0
26/03/2023;25.1;34.2;20.7;3.7
27/03/2023;26.2;33.5;19.9;0.0
28/03/2023;27.2;34.8;21.3;0.0
29/03/2023;28.1;35.7;21.7;0.0
30/03/2023;24.7;33.6;18.5;34.7
31/03/2023;25.8;32.6;19.6;0.0
01/04/2023;26.1;33.5;19.7;0.0
02/04/2023;26.5;34.7;19.8;0.0
03/04/2023;26.5;33.2;20.9;0.0
04/04/2023;26.5;33.5;20.6;0.0
05/04/2023;22.8;28.8;20.1;4.0
06/04/2023;22.5;28.0;19.6;2.9
07/04/2023;22.6;27.7;19.5;0.0
08/04/2023;24.0;29.7;19.3;0.0
09/04/2023;24.1;31.1;20.4;0.0
10/04/2023;23.6;30.3;20.8;0.0
11/04/2023;24.5;31.5;18.1;0.0
12/04/2023;26.8;32.1;20.3;0.2
13/04/2023;24.0;32.7;20.0;12.6
14/04/2023;23.2;29.3;18.8;0.1
15/04/2023;23.4;28.4;19.5;0.0
16/04/2023;26.3;32.4;21.6;0.0
17/04/2023;23.7;29.9;21.5;28.8
18/04/2023;21.8;25.2;16.7;14.3
19/04/2023;19.2;26.4;13.8;0.2
20/04/2023;18.3;24.6;13.2;0.0
21/04/2023;18.2;26.2;10.6;0.0
22/04/2023;19.2;27.2;11.8;0.0
23/04/2023;21.9;29.5;14.5;0.0
24/04/2023;22.3;28.3;20.0;33.3
25/04/2023;22.3;28.4;18.8;13.7
26/04/2023;21.6;27.5;18.4;23.7
27/04/2023;20.4;26.3;16.0;0.2
28/04/2023;19.9;26.8;14.0;0.1
29/04/2023;21.8;29.1;15.2;0.0
30/04/2023;23.3;29.8;17.8;0.0
01/05/2023;24.3;30.7;19.6;0.0
02/05/2023;24.8;29.6;21.3;0.2
03/05/2023;22.6;26.2;20.6;6.3
04/05/2023;23.5;29.6;19.9;0.2
05/05/2023;24.5;30.9;19.4;0.1
06/05/2023;24.4;30.4;19.4;0.0
07/05/2023;24.9;30.4;21.0;0.0
08/05/2023;22.6;24.8;21.4;8.5
09/05/2023;22.0;26.7;19.4;0.0
10/05/2023;21.5;27.4;15.9;0.0
11/05/2023;17.9;26.4;11.6;0.0
12/05/2023;17.1;25.6;10.9;0.0
13/05/2023;17.1;26.1;9.3;0.0
14/05/2023;17.3;26.7;9.0;0.0
15/05/2023;18.1;26.9;9.7;0.0
16/05/2023;18.5;27.4;10.9;0.0
17/05/2023;18.4;26.2;10.4;0.0
18/05/2023;18.7;27.0;11.4;0.0
19/05/2023;18.8;26.9;11.4;0.0
20/05/2023;19.5;27.9;11.5;0.0
21/05/2023;20.8;27.1;14.2;0.0
22/05/2023;21.9;28.4;17.1;1.9
23/05/2023;22.2;29.3;17.0;0.0
24/05/2023;21.3;28.5;16.2;0.0
25/05/2023;22.6;30.0;16.3;0.0
26/05/2023;23.8;31.2;18.1;0.0
27/05/2023;24.5;30.5;19.7;4.6
28/05/2023;19.2;21.1;17.9;30.4
29/05/2023;19.7;23.8;16.7;0.1
30/05/2023;18.0;19.5;17.0;0.1
31/05/2023;18.8;21.3;16.8;0.3
01/06/2023;19.6;25.5;15.1;0.0
02/06/2023;19.5;26.3;14.8;0.0
03/06/2023;19.5;27.1;13.0;0.1
04/06/2023;20.1;29.3;12.6;0.1
05/06/2023;19.9;28.0;13.6;0.0
06/06/2023;19.2;26.5;12.8;0.0
07/06/2023;19.4;27.8;12.9;0.0
08/06/2023;19.6;28.2;12.4;0.0
09/06/2023;20.8;29.5;11.4;0.0
10/06/2023;22.3;30.5;14.2;0.0
11/06/2023;23.3;31.2;17.2;0.0
12/06/2023;13.8;17.3;10.1;4.4
13/06/2023;8.6;10.3;7.4;15.5
14/06/2023;8.5;9.4;7.1;17.0
15/06/2023;10.5;15.7;6.7;0.0
16/06/2023;12.5;18.4;5.6;0.0
17/06/2023;13.1;19.1;8.0;0.0
18/06/2023;13.6;21.8;7.5;0.0
19/06/2023;15.6;24.2;8.3;0.0
20/06/2023;17.2;26.3;9.4;0.0
21/06/2023;19.1;24.9;13.0;0.0
22/06/2023;22.7;30.6;16.8;0.0
23/06/2023;22.0;29.9;17.0;0.0
24/06/2023;22.0;30.0;15.4;0.0
25/06/2023;22.0;30.3;14.5;0.0
26/06/2023;20.6;28.4;13.2;0.0
27/06/2023;20.5;28.6;13.0;0.0
28/06/2023;20.0;29.4;11.9;0.0
29/06/2023;20.6;28.6;13.6;0.0
30/06/2023;19.8;27.4;14.4;0.0
01/07/2023;19.4;27.4;12.4;0.0
02/07/2023;19.5;27.2;13.1;0.0
03/07/2023;19.4;27.2;12.1;0.0
04/07/2023;18.8;26.1;13.1;0.0
05/07/2023;19.4;27.8;10.6;0.0
06/07/2023;22.2;30.2;15.3;0.0
07/07/2023;23.5;29.2;20.2;0.0
08/07/2023;24.8;30.5;19.8;0.0
09/07/2023;24.7;31.8;18.6;0.0
10/07/2023;24.8;31.1;18.2;0.0
11/07/2023;26.2;32.0;21.2;0.0
12/07/2023;24.1;31.9;17.0;6.9
13/07/2023;13.8;17.3;10.5;0.0
14/07/2023;12.0;18.9;7.5;0.0
15/07/2023;14.6;23.0;4.8;0.0
16/07/2023;19.0;24.3;14.3;0.0
17/07/2023;18.7;24.5;15.2;0.0
18/07/2023;15.6;18.8;13.1;0.0
19/07/2023;18.0;26.3;12.4;0.0
20/07/2023;21.0;28.4;15.5;0.0
21/07/2023;23.2;31.2;15.9;0.0
22/07/2023;23.7;31.3;17.9;0.0
23/07/2023;22.8;31.5;14.2;0.0
24/07/2023;23.6;30.7;16.8;0.0
25/07/2023;23.2;31.5;15.7;0.0
26/07/2023;22.0;29.6;15.5;2.1
27/07/2023;21.3;28.1;17.2;0.0
28/07/2023;19.3;26.9;15.9;2.0
29/07/2023;17.5;21.4;15.0;0.1
30/07/2023;20.2;28.6;13.0;0.1
31/07/2023;22.2;31.9;14.0;0.0
01/08/2023;22.4;31.6;13.7;0.0
02/08/2023;23.1;32.7;14.0;0.0
03/08/2023;23.4;33.1;14.4;0.0
04/08/2023;23.4;33.7;15.0;0.0
05/08/2023;23.7;32.6;15.1;0.0
06/08/2023;25.2;34.0;15.6;0.0
07/08/2023;25.0;35.3;16.1;0.0
08/08/2023;22.8;28.8;17.8;1.2
09/08/2023;22.5;30.0;16.8;0.0
10/08/2023;26.6;36.0;18.4;0.0
11/08/2023;28.4;35.9;19.6;0.0
12/08/2023;23.2;31.6;17.9;29.4
13/08/2023;18.4;24.7;15.1;0.1
14/08/2023;19.1;24.7;13.7;0.0
15/08/2023;22.7;30.6;16.8;0.0
16/08/2023;24.8;32.7;18.0;0.0
17/08/2023;25.5;33.9;18.1;0.0
18/08/2023;23.0;34.3;15.2;35.1
19/08/2023;17.4;21.2;14.6;0.1
20/08/2023;19.4;28.0;13.8;17.2
21/08/2023;24.0;32.1;16.8;0.0
22/08/2023;27.1;34.7;20.4;0.0
23/08/2023;28.2;35.7;22.4;0.0
24/08/2023;28.5;35.4;22.6;0.0
25/08/2023;24.4;33.1;19.3;1.1
26/08/2023;19.4;25.0;16.0;0.0
27/08/2023;18.1;23.8;13.2;0.0
28/08/2023;19.8;26.2;14.1;0.0
29/08/2023;20.9;26.2;17.0;0.0
30/08/2023;22.9;31.7;16.1;37.0
31/08/2023;20.7;24.8;19.3;14.6
01/09/2023;24.2;31.7;16.6;0.0
02/09/2023;28.0;35.1;22.1;0.0
03/09/2023;28.9;35.5;22.2;0.0
04/09/2023;24.5;34.1;15.9;3.2
05/09/2023;20.0;27.2;15.3;0.0
06/09/2023;24.1;31.9;16.0;0.1
07/09/2023;25.6;33.0;19.5;0.0
08/09/2023;21.3;26.9;18.9;11.4
09/09/2023;20.1;21.5;17.3;37.2
10/09/2023;22.8;30.6;14.8;0.1
11/09/2023;26.7;34.5;17.2;0.0
12/09/2023;26.4;33.2;20.0;0.3
13/09/2023;19.5;30.2;12.6;10.2
14/09/2023;15.6;23.6;10.5;0.0
15/09/2023;18.1;27.7;8.4;0.0
16/09/2023;24.3;33.6;12.5;0.0
17/09/2023;28.9;36.3;20.7;0.0
18/09/2023;27.0;35.8;22.7;2.1
19/09/2023;27.1;35.4;21.7;0.0
20/09/2023;27.4;36.2;21.1;0.0
21/09/2023;28.4;36.9;21.1;0.0
22/09/2023;29.9;38.5;21.8;0.0
23/09/2023;30.3;38.3;22.2;0.0
24/09/2023;31.0;38.7;22.7;0.0
25/09/2023;32.4;39.3;25.5;0.0
26/09/2023;32.9;38.6;25.4;0.0
27/09/2023;21.4;30.2;17.2;0.0
28/09/2023;22.9;31.5;15.1;0.0
29/09/2023;25.5;33.2;18.6;0.0
30/09/2023;26.5;31.9;21.5;0.0
01/10/2023;25.0;31.4;19.8;0.0
02/10/2023;28.1;35.4;20.6;0.0
03/10/2023;31.3;38.2;24.6;0.0
04/10/2023;29.3;37.3;20.5;0.0
05/10/2023;24.3;32.8;18.2;0.0
06/10/2023;29.9;38.0;20.2;0.0
07/10/2023;30.2;38.5;21.9;1.2
08/10/2023;19.3;22.5;16.8;61.6
09/10/2023;21.2;28.9;15.9;0.2
10/10/2023;25.3;33.1;15.8;0.0
11/10/2023;30.4;37.1;23.4;0.0
12/10/2023;24.1;29.3;17.3;0.0
13/10/2023;20.5;28.4;15.2;0.0
14/10/2023;24.5;31.5;18.1;0.0
15/10/2023;27.6;35.0;20.6;0.0
16/10/2023;31.0;38.1;22.4;0.0
17/10/2023;30.3;38.5;23.8;0.0
18/10/2023;28.1;37.5;21.3;0.2
19/10/2023;25.3;34.8;18.8;75.9
20/10/2023;24.6;31.0;20.9;0.9
21/10/2023;27.0;33.9;21.1;0.1
22/10/2023;28.1;35.9;21.7;0.0
23/10/2023;30.0;38.4;21.9;0.0
24/10/2023;22.8;27.1;20.6;55.1
25/10/2023;23.6;29.4;20.4;10.4
26/10/2023;24.5;32.4;21.3;51.3
27/10/2023;25.4;34.0;21.3;7.4
28/10/2023;28.3;34.8;21.7;0.0
29/10/2023;27.6;31.9;25.7;0.0
30/10/2023;27.8;33.7;23.1;6.7
31/10/2023;24.4;31.9;20.6;33.9
01/11/2023;23.7;28.4;21.9;32.9
02/11/2023;27.7;34.6;21.7;0.0
03/11/2023;22.2;27.7;14.1;3.3
04/11/2023;17.5;25.4;11.0;0.0
05/11/2023;20.6;30.4;10.3;0.0
06/11/2023;25.4;34.6;15.5;0.0
07/11/2023;27.0;35.7;18.8;0.0
08/11/2023;28.8;38.6;20.5;1.1
09/11/2023;26.0;35.8;21.7;12.6
10/11/2023;27.7;36.3;20.8;0.0
11/11/2023;31.0;38.0;24.0;0.0
12/11/2023;32.3;38.5;26.3;0.0
13/11/2023;29.9;38.2;24.5;6.2
14/11/2023;27.1;37.4;23.2;0.0
15/11/2023;29.9;37.5;23.0;0.0
16/11/2023;31.7;37.7;25.4;0.0
17/11/2023;32.4;37.3;27.6;0.0
18/11/2023;31.3;38.0;25.2;0.0
19/11/2023;24.9;27.5;22.9;3.0
20/11/2023;26.0;30.8;22.4;0.0
21/11/2023;28.4;34.4;22.3;0.0
22/11/2023;29.4;35.6;23.9;0.0
23/11/2023;24.1;27.4;21.9;25.2
24/11/2023;23.3;26.6;21.6;13.3
25/11/2023;21.4;23.5;19.8;3.8
26/11/2023;21.2;23.8;19.6;13.1
27/11/2023;23.3;30.2;20.7;14.0
28/11/2023;24.6;31.3;21.0;8.8
29/11/2023;27.6;35.3;21.5;2.1
30/11/2023;26.8;34.3;21.4;12.3
01/12/2023;28.8;35.6;22.2;0.0
02/12/2023;29.3;35.6;23.9;0.0
03/12/2023;28.3;35.6;23.3;0.0
04/12/2023;25.1;29.5;22.8;0.2
05/12/2023;24.9;31.0;21.5;15.8
06/12/2023;26.1;31.6;21.7;0.0
07/12/2023;27.0;33.9;23.0;1.5
08/12/2023;25.9;31.5;22.8;0.0
09/12/2023;28.1;34.2;21.8;0.0
10/12/2023;22.0;25.7;19.2;18.0
11/12/2023;23.5;29.7;18.6;0.0
12/12/2023;27.4;33.8;20.5;0.0
13/12/2023;29.0;35.4;24.2;0.0
14/12/2023;29.8;35.8;25.1;0.0
15/12/2023;30.9;36.6;25.3;0.0
16/12/2023;30.3;37.1;23.9;0.0
17/12/2023;30.0;37.2;23.1;0.0
18/12/2023;29.1;36.3;24.3;0.0
19/12/2023;27.3;34.9;23.5;0.0
20/12/2023;26.7;32.1;22.5;0.0
21/12/2023;27.5;34.2;22.0;0.0
22/12/2023;29.3;35.8;22.1;0.0
23/12/2023;27.6;35.2;20.7;2.5
24/12/2023;27.2;33.3;20.5;0.1
25/12/2023;26.3;33.5;20.6;2.0
26/12/2023;24.9;31.7;19.9;0.0
27/12/2023;26.0;32.8;18.9;0.0
28/12/2023;28.7;36.2;20.4;0.0
29/12/2023;28.7;37.8;22.0;0.0
30/12/2023;25.8;32.7;21.6;0.0
31/12/2023;25.6;30.6;20.9;0.0
;;;;
;;;;
;;;;
;;;;
;;;;
;;;;
;;;;
;;;;
;;;;
;;;;
;;;;
;;;;
;;;;
;;;;
;;;;
;;;;
;;;;
;;;;
;;;;
;;;;
;;;;
;;;;
;;;;
;;;;
;;;;
;;;;
;;;;
;;;;
;;;;
;;;;
;;;;
;;;;
;;;;
;;;;
;;;;
;;;;
;;;;
;;;;
;;;;
;;;;
;;;;
;;;;
;;;;
;;;;
;;;;
;;;;
;;;;
;;;;
;;;;
;;;;
;;;;
;;;;
;;;;
;;;;
;;;;
;;;;
;;;;
;;;;
;;;;
;;;;
;;;;
;;;;
;;;;
;;;;
;;;;
;;;;
;;;;
;;;;
;;;;
;;;;
;;;;
;;;;
;;;;
;;;;
;;;;
;;;;
;;;;
;;;;
;;;;
;;;;
;;;;
;;;;
;;;;
;;;;
;;;;
;;;;
;;;;
;;;;
;;;;
;;;;
;;;;
;;;;
;;;;
;;;;
;;;;
;;;;
;;;;
;;;;
;;;;
;;;;
;;;;
;;;;
;;;;
;;;;
;;;;
;;;;
;;;;
;;;;
;;;;
;;;;
;;;;
;;;;
;;;;
;;;;
;;;;
;;;;
;;;;
;;;;
;;;;
;;;;
;;;;
;;;;
;;;;
;;;;
;;;;
;;;;
;;;;
;;;;
;;;;
;;;;
;;;;
;;;;
;;;;
;;;;
;;;;
;;;;
;;;;
;;;;
;;;;
;;;;
;;;;
;;;;
;;;;
;;;;
;;;;
;;;;
;;;;
;;;;
;;;;
;;;;
;;;;
;;;;
;;;;
;;;;
;;;;
;;;;
;;;;
;;;;
;;;;
;;;;
;;;;
;;;;
;;;;
;;;;
;;;;
;;;;
;;;;
;;;;
;;;;
;;;;
;;;;
;;;;
;;;;
;;;;
;;;;
;;;;
;;;;
;;;;
;;;;
;;;;
;;;;
;;;;
;;;;
;;;;
;;;;
;;;;
;;;;
;;;;
;;;;
;;;;
;;;;
;;;;
;;;;
;;;;
;;;;
;;;;
;;;;
;;;;
;;;;
;;;;
;;;;
;;;;
;;;;
;;;;
;;;;
;;;;
;;;;
;;;;
;;;;
;;;;
;;;;
;;;;
;;;;
;;;;
;;;;
;;;;
;;;;
;;;;
;;;;
;;;;
;;;;
;;;;
;;;;
;;;;
;;;;
;;;;
;;;;
;;;;
;;;;
;;;;
;;;;
;;;;
;;;;
;;;;
;;;;
;;;;
;;;;
;;;;
;;;;
;;;;
;;;;
;;;;
;;;;
;;;;
;;;;
;;;;
;;;;
;;;;
;;;;
;;;;
;;;;
;;;;
;;;;
;;;;
;;;;
;;;;
;;;;
;;;;
;;;;
;;;;
;;;;
;;;;
;;;;
;;;;
;;;;
;;;;
;;;;
;;;;
;;;;
;;;;
;;;;
;;;;
;;;;
;;;;
;;;;
;;;;
;;;;
;;;;
;;;;
;;;;
;;;;
;;;;
;;;;
;;;;
;;;;
;;;;
;;;;
;;;;
;;;;
;;;;
;;;;
;;;;
;;;;
;;;;
;;;;
;;;;
;;;;
;;;;
;;;;
;;;;
;;;;
;;;;
;;;;
;;;;
;;;;
;;;;
;;;;
;;;;
;;;;
;;;;
;;;;
;;;;
;;;;
;;;;
;;;;
;;;;
;;;;
;;;;
;;;;
;;;;
;;;;
;;;;
;;;;
;;;;
;;;;
;;;;
;;;;
;;;;
;;;;
;;;;
;;;;
;;;;
;;;;
;;;;
;;;;
;;;;
;;;;
;;;;
;;;;
;;;;
;;;;
;;;;
;;;;
;;;;
;;;;
;;;;
;;;;
;;;;
;;;;
;;;;
;;;;
;;;;
;;;;
;;;;
;;;;
;;;;
;;;;
;;;;
;;;;
;;;;
